bill_id,roll_call_id,date,chamber,description,yea,nay,nv,absent,total
1889852,1575507,2025-05-21,Senate,"Senate Final Passage",21,0,0,0,21
1889852,1580701,2025-05-28,Assembly,"Assembly Final Passage",42,0,0,0,42
1889853,1479104,2025-02-03,Senate,"Senate Final Passage",20,0,0,1,21
1889853,1479156,2025-02-03,Assembly,"Assembly Final Passage",42,0,0,0,42
1889854,1578806,2025-05-27,Senate,"Senate Final Passage",21,0,0,0,21
1889854,1584528,2025-06-02,Assembly,"Assembly Final Passage",39,3,0,0,42
1889856,1579480,2025-05-27,Assembly,"Assembly Final Passage",42,0,0,0,42
1889856,1582311,2025-05-30,Senate,"Senate Final Passage",21,0,0,0,21
1889857,1549331,2025-04-15,Assembly,"Assembly Final Passage",42,0,0,0,42
1889857,1575695,2025-05-21,Senate,"Senate Final Passage",21,0,0,0,21
1889858,1544695,2025-04-10,Assembly,"Assembly Final Passage",41,0,0,1,42
1889858,1575657,2025-05-21,Senate,"Senate Final Passage",21,0,0,0,21
1889859,1523133,2025-03-20,Senate,"Senate Final Passage",20,0,0,1,21
1889859,1573084,2025-05-19,Assembly,"Assembly Final Passage",42,0,0,0,42
1889861,1548832,2025-04-15,Assembly,"Assembly Final Passage",35,7,0,0,42
1889861,1575673,2025-05-21,Senate,"Senate Final Passage",21,0,0,0,21
1889862,1548713,2025-04-15,Senate,"Senate Final Passage",20,1,0,0,21
1889862,1573247,2025-05-19,Assembly,"Assembly Final Passage",42,0,0,0,42
1889863,1548298,2025-04-15,Senate,"Senate Final Passage",21,0,0,0,21
1889863,1573186,2025-05-19,Assembly,"Assembly Final Passage",42,0,0,0,42
1889864,1567227,2025-05-02,Senate,"Senate Final Passage",0,0,0,21,21
1889866,1544700,2025-04-10,Assembly,"Assembly Final Passage",41,0,0,1,42
1889866,1575604,2025-05-21,Senate,"Senate Final Passage",21,0,0,0,21
1889869,1554012,2025-04-22,Assembly,"Assembly Final Passage",41,1,0,0,42
1889869,1576536,2025-05-22,Senate,"Senate Final Passage",20,1,0,0,21
1889870,1553200,2025-04-21,Senate,"Senate Final Passage",21,0,0,0,21
1889870,1573241,2025-05-19,Assembly,"Assembly Final Passage",42,0,0,0,42
1889871,1549320,2025-04-15,Assembly,"Assembly Final Passage",42,0,0,0,42
1889871,1575710,2025-05-21,Senate,"Senate Final Passage",21,0,0,0,21
1889873,1549096,2025-04-15,Assembly,"Assembly Final Passage",37,5,0,0,42
1889873,1575545,2025-05-21,Senate,"Senate Final Passage",20,1,0,0,21
1889874,1548705,2025-04-15,Senate,"Senate Final Passage",21,0,0,0,21
1889874,1573642,2025-05-19,Assembly,"Assembly Final Passage",42,0,0,0,42
1889875,1548479,2025-04-15,Senate,"Senate Final Passage",21,0,0,0,21
1889875,1573090,2025-05-19,Assembly,"Assembly Final Passage",42,0,0,0,42
1889876,1548476,2025-04-15,Senate,"Senate Final Passage",21,0,0,0,21
1889876,1573104,2025-05-19,Assembly,"Assembly Final Passage",42,0,0,0,42
1889878,1553763,2025-04-22,Senate,"Senate Final Passage",21,0,0,0,21
1889878,1573126,2025-05-19,Assembly,"Assembly Final Passage",42,0,0,0,42
1889881,1551597,2025-04-17,Senate,"Senate Final Passage",21,0,0,0,21
1889881,1573178,2025-05-19,Assembly,"Assembly Final Passage",41,1,0,0,42
1889930,1548725,2025-04-15,Assembly,"Assembly Final Passage",31,11,0,0,42
1889930,1576921,2025-05-23,Senate,"Senate Final Passage",15,6,0,0,21
1889938,1551329,2025-04-17,Senate,"Senate Final Passage",21,0,0,0,21
1889938,1573466,2025-05-19,Assembly,"Assembly Final Passage",42,0,0,0,42
1889947,1548264,2025-04-15,Senate,"Senate Final Passage",21,0,0,0,21
1889947,1573632,2025-05-19,Assembly,"Assembly Final Passage",42,0,0,0,42
1889962,1548772,2025-04-15,Assembly,"Assembly Final Passage",42,0,0,0,42
1889962,1573255,2025-05-19,Senate,"Senate Final Passage",20,0,0,1,21
1889974,1548961,2025-04-15,Senate,"Senate Final Passage",21,0,0,0,21
1889974,1573141,2025-05-19,Assembly,"Assembly Final Passage",42,0,0,0,42
1889988,1548779,2025-04-15,Assembly,"Assembly Final Passage",42,0,0,0,42
1889988,1573404,2025-05-19,Senate,"Senate Final Passage",20,0,0,1,21
1890003,1549009,2025-04-15,Assembly,"Assembly Final Passage",32,10,0,0,42
1890003,1575552,2025-05-21,Senate,"Senate Final Passage",16,5,0,0,21
1890016,1553084,2025-04-21,Senate,"Senate Final Passage",21,0,0,0,21
1890016,1573205,2025-05-19,Assembly,"Assembly Final Passage",42,0,0,0,42
1890045,1551458,2025-04-17,Assembly,"Assembly Final Passage",42,0,0,0,42
1890045,1573332,2025-05-19,Senate,"Senate Final Passage",20,0,0,1,21
1890066,1543930,2025-04-10,Assembly,"Assembly Final Passage",41,0,0,1,42
1890066,1573456,2025-05-19,Senate,"Senate Final Passage",20,0,0,1,21
1890102,1554783,2025-04-22,Senate,"Senate Final Passage",17,4,0,0,21
1890102,1573087,2025-05-19,Assembly,"Assembly Final Passage",42,0,0,0,42
1890145,1552254,2025-04-18,Senate,"Senate Final Passage",20,0,0,1,21
1890145,1573280,2025-05-19,Assembly,"Assembly Final Passage",40,2,0,0,42
1890146,1550268,2025-04-16,Senate,"Senate Final Passage",2,0,0,0,2
1890146,1573252,2025-05-19,Assembly,"Assembly Final Passage",42,0,0,0,42
1890155,1548326,2025-04-15,Assembly,"Assembly Final Passage",42,0,0,0,42
1890155,1575716,2025-05-21,Senate,"Senate Final Passage",21,0,0,0,21
1890170,1548299,2025-04-15,Assembly,"Assembly Final Passage",42,0,0,0,42
1890170,1575523,2025-05-21,Senate,"Senate Final Passage",21,0,0,0,21
1890198,1550100,2025-04-16,Senate,"Senate Final Passage",20,1,0,0,21
1890198,1573310,2025-05-19,Assembly,"Assembly Final Passage",39,3,0,0,42
1891850,1551105,2025-04-17,Senate,"Senate Final Passage",17,4,0,0,21
1891850,1573185,2025-05-19,Assembly,"Assembly Final Passage",36,6,0,0,42
1891867,1544699,2025-04-10,Assembly,"Assembly Final Passage",41,0,0,1,42
1891867,1575680,2025-05-21,Senate,"Senate Final Passage",21,0,0,0,21
1892061,1548777,2025-04-15,Assembly,"Assembly Final Passage",42,0,0,0,42
1892061,1573409,2025-05-19,Senate,"Senate Final Passage",20,0,0,1,21
1892095,1550526,2025-04-16,Senate,"Senate Final Passage",21,0,0,0,21
1892095,1573174,2025-05-19,Assembly,"Assembly Final Passage",42,0,0,0,42
1892103,1544296,2025-04-10,Assembly,"Assembly Final Passage",41,0,0,1,42
1892103,1576062,2025-05-22,Senate,"Senate Final Passage",21,0,0,0,21
1892110,1548695,2025-04-15,Senate,"Senate Final Passage",15,6,0,0,21
1892225,1576737,2025-05-22,Senate,"Senate Final Passage",13,8,0,0,21
1892225,1580626,2025-05-28,Assembly,"Assembly Final Passage",42,0,0,0,42
1892233,1576775,2025-05-22,Senate,"Senate Final Passage",21,0,0,0,21
1892233,1582831,2025-05-31,Assembly,"Assembly Final Passage",39,0,0,3,42
1892238,1576718,2025-05-22,Senate,"Senate Final Passage",21,0,0,0,21
1892238,1580702,2025-05-28,Assembly,"Assembly Final Passage",42,0,0,0,42
1892246,1548362,2025-04-15,Assembly,"Assembly Final Passage",42,0,0,0,42
1892246,1577704,2025-05-23,Senate,"Senate Final Passage",20,0,0,1,21
1892250,1528780,2025-03-27,Senate,"Senate Final Passage",20,0,0,1,21
1892250,1573181,2025-05-19,Assembly,"Assembly Final Passage",42,0,0,0,42
1892266,1545204,2025-04-10,Assembly,"Assembly Final Passage",41,0,0,1,42
1892266,1575679,2025-05-21,Senate,"Senate Final Passage",21,0,0,0,21
1892320,1553855,2025-04-22,Assembly,"Assembly Final Passage",42,0,0,0,42
1892332,1550278,2025-04-16,Senate,"Senate Final Passage",18,3,0,0,21
1892332,1573490,2025-05-19,Assembly,"Assembly Final Passage",42,0,0,0,42
1892339,1554405,2025-04-22,Senate,"Senate Final Passage",15,5,1,0,21
1892339,1575561,2025-05-21,Assembly,"Assembly Final Passage",27,15,0,0,42
1892346,1553813,2025-04-22,Senate,"Senate Final Passage",21,0,0,0,21
1892346,1573191,2025-05-19,Assembly,"Assembly Final Passage",42,0,0,0,42
1892356,1553841,2025-04-22,Assembly,"Assembly Final Passage",40,2,0,0,42
1892356,1573347,2025-05-19,Senate,"Senate Final Passage",17,3,0,1,21
1892387,1552165,2025-04-18,Senate,"Senate Final Passage",20,0,0,1,21
1892387,1573075,2025-05-19,Assembly,"Assembly Final Passage",37,5,0,0,42
1892391,1543929,2025-04-10,Assembly,"Assembly Final Passage",41,0,0,1,42
1892391,1577986,2025-05-23,Senate,"Senate Final Passage",20,0,0,1,21
1892397,1554138,2025-04-22,Assembly,"Assembly Final Passage",41,1,0,0,42
1892397,1576410,2025-05-22,Senate,"Senate Final Passage",20,1,0,0,21
1892401,1552255,2025-04-18,Senate,"Senate Final Passage",20,0,0,1,21
1892401,1575969,2025-05-22,Assembly,"Assembly Final Passage",42,0,0,0,42
1892413,1548738,2025-04-15,Senate,"Senate Final Passage",21,0,0,0,21
1892413,1573688,2025-05-19,Assembly,"Assembly Final Passage",42,0,0,0,42
1892417,1548617,2025-04-15,Senate,"Senate Final Passage",21,0,0,0,21
1892417,1575586,2025-05-21,Assembly,"Assembly Final Passage",42,0,0,0,42
1892425,1550075,2025-04-16,Assembly,"Assembly Final Passage",41,0,1,0,42
1892425,1573136,2025-05-19,Senate,"Senate Final Passage",20,0,0,1,21
1892429,1548833,2025-04-15,Assembly,"Assembly Final Passage",42,0,0,0,42
1892429,1575636,2025-05-21,Senate,"Senate Final Passage",21,0,0,0,21
1892436,1554669,2025-04-22,Assembly,"Assembly Final Passage",42,0,0,0,42
1892436,1576871,2025-05-23,Senate,"Senate Final Passage",13,8,0,0,21
1892442,1553750,2025-04-22,Assembly,"Assembly Final Passage",24,18,0,0,42
1892442,1576924,2025-05-22,Senate,"Senate Final Passage",13,8,0,0,21
1892442,1576925,2025-05-22,Senate,"Senate Final Passage",14,7,0,0,21
1892446,1551515,2025-04-17,Assembly,"Assembly Final Passage",42,0,0,0,42
1892446,1575635,2025-05-21,Senate,"Senate Final Passage",21,0,0,0,21
1892453,1544640,2025-04-10,Assembly,"Assembly Final Passage",41,0,0,1,42
1892453,1575688,2025-05-21,Senate,"Senate Final Passage",21,0,0,0,21
1892459,1554733,2025-04-22,Assembly,"Assembly Final Passage",42,0,0,0,42
1892459,1573322,2025-05-19,Senate,"Senate Final Passage",20,0,0,1,21
1892473,1580608,2025-05-28,Assembly,"Assembly Final Passage",42,0,0,0,42
1892473,1582845,2025-05-31,Senate,"Senate Final Passage",21,0,0,0,21
1892478,1582323,2025-05-30,Assembly,"Assembly Final Passage",42,0,0,0,42
1892478,1583240,2025-06-02,Senate,"Senate Final Passage",21,0,0,0,21
1892486,1553837,2025-04-22,Assembly,"Assembly Final Passage",42,0,0,0,42
1892486,1573138,2025-05-19,Senate,"Senate Final Passage",20,0,0,1,21
1892493,1529936,2025-03-27,Senate,"Senate Final Passage",20,0,0,1,21
1892493,1573592,2025-05-19,Assembly,"Assembly Final Passage",42,0,0,0,42
1892537,1578699,2025-05-26,Senate,"Senate Final Passage",20,0,0,1,21
1892537,1582571,2025-05-31,Assembly,"Assembly Final Passage",39,0,0,3,42
1892551,1554067,2025-04-22,Senate,"Senate Final Passage",17,4,0,0,21
1892551,1576944,2025-05-23,Assembly,"Assembly Final Passage",39,3,0,0,42
1892556,1552999,2025-04-21,Assembly,"Assembly Final Passage",41,0,0,1,42
1892560,1548560,2025-04-15,Assembly,"Assembly Final Passage",42,0,0,0,42
1892560,1576143,2025-05-22,Senate,"Senate Final Passage",21,0,0,0,21
1892570,1554526,2025-04-22,Assembly,"Assembly Final Passage",42,0,0,0,42
1892570,1575707,2025-05-21,Senate,"Senate Final Passage",21,0,0,0,21
1892573,1578354,2025-05-26,Assembly,"Assembly Final Passage",41,0,0,1,42
1892573,1582261,2025-05-30,Senate,"Senate Final Passage",21,0,0,0,21
1892580,1578332,2025-05-26,Senate,"Senate Final Passage",20,0,0,1,21
1892580,1584964,2025-06-02,Assembly,"Assembly Final Passage",42,0,0,0,42
1892582,1550889,2025-04-15,Assembly,"Assembly Final Passage",42,0,0,0,42
1892582,1576911,2025-05-23,Senate,"Senate Final Passage",21,0,0,0,21
1892592,1578740,2025-05-27,Senate,"Senate Final Passage",13,8,0,0,21
1892592,1583741,2025-06-02,Assembly,"Assembly Final Passage",26,15,1,0,42
1892594,1552207,2025-04-18,Assembly,"Assembly Final Passage",39,0,0,3,42
1892594,1573108,2025-05-19,Senate,"Senate Final Passage",20,0,0,1,21
1892597,1529133,2025-03-27,Senate,"Senate Final Passage",20,0,0,1,21
1892597,1573256,2025-05-19,Assembly,"Assembly Final Passage",42,0,0,0,42
1892604,1554854,2025-04-22,Assembly,"Assembly Final Passage",40,2,0,0,42
1892604,1573213,2025-05-19,Senate,"Senate Final Passage",19,1,0,1,21
1892607,1553842,2025-04-22,Assembly,"Assembly Final Passage",41,1,0,0,42
1892607,1577063,2025-05-23,Senate,"Senate Final Passage",21,0,0,0,21
1892624,1575994,2025-05-21,Assembly,"Assembly Final Passage",39,3,0,0,42
1892624,1582921,2025-05-29,Senate,"Senate Final Passage",20,0,0,1,21
1892625,1579196,2025-05-27,Senate,"Senate Final Passage",18,2,0,1,21
1892625,1583261,2025-06-02,Assembly,"Assembly Final Passage",38,4,0,0,42
1892635,1550568,2025-04-16,Senate,"Senate Final Passage",21,0,0,0,21
1892635,1573435,2025-05-19,Assembly,"Assembly Final Passage",42,0,0,0,42
1892638,1554341,2025-04-22,Assembly,"Assembly Final Passage",42,0,0,0,42
1892638,1576223,2025-05-22,Senate,"Senate Final Passage",21,0,0,0,21
1892640,1553940,2025-04-22,Assembly,"Assembly Final Passage",42,0,0,0,42
1892640,1573227,2025-05-19,Senate,"Senate Final Passage",20,0,0,1,21
1892643,1554423,2025-04-22,Assembly,"Assembly Final Passage",42,0,0,0,42
1892643,1575623,2025-05-21,Senate,"Senate Final Passage",21,0,0,0,21
1892645,1554919,2025-04-22,Senate,"Senate Final Passage",19,2,0,0,21
1892645,1576929,2025-05-23,Assembly,"Assembly Final Passage",42,0,0,0,42
1892651,1578517,2025-05-26,Senate,"Senate Final Passage",13,7,0,1,21
1892651,1583801,2025-06-02,Assembly,"Assembly Final Passage",28,14,0,0,42
1892657,1582284,2025-05-30,Senate,"Senate Final Passage",21,0,0,0,21
1892657,1583180,2025-06-02,Assembly,"Assembly Final Passage",42,0,0,0,42
1892664,1553914,2025-04-22,Assembly,"Assembly Final Passage",28,14,0,0,42
1892664,1577041,2025-05-23,Senate,"Senate Final Passage",13,8,0,0,21
1892668,1578729,2025-05-26,Senate,"Senate Final Passage",13,7,0,1,21
1892668,1582810,2025-05-31,Assembly,"Assembly Final Passage",36,3,0,3,42
1892672,1554427,2025-04-22,Assembly,"Assembly Final Passage",40,2,0,0,42
1892672,1575715,2025-05-21,Senate,"Senate Final Passage",20,1,0,0,21
1892684,1553891,2025-04-22,Senate,"Senate Final Passage",20,1,0,0,21
1892684,1576257,2025-05-22,Assembly,"Assembly Final Passage",33,9,0,0,42
1892688,1580550,2025-05-28,Assembly,"Assembly Final Passage",42,0,0,0,42
1892688,1583221,2025-06-02,Senate,"Senate Final Passage",20,0,1,0,21
1895070,1551528,2025-04-17,Assembly,"Assembly Final Passage",33,9,0,0,42
1895070,1575690,2025-05-21,Senate,"Senate Final Passage",15,6,0,0,21
1895095,1551429,2025-04-17,Assembly,"Assembly Final Passage",28,14,0,0,42
1895095,1575525,2025-05-21,Senate,"Senate Final Passage",15,6,0,0,21
1895117,1551367,2025-04-17,Assembly,"Assembly Final Passage",27,15,0,0,42
1903068,1550201,2025-04-16,Assembly,"Assembly Final Passage",42,0,0,0,42
1903068,1575610,2025-05-21,Senate,"Senate Final Passage",21,0,0,0,21
1903133,1581090,2025-05-29,Assembly,"Assembly Final Passage",27,15,0,0,42
1903197,1554449,2025-04-22,Assembly,"Assembly Final Passage",27,15,0,0,42
1903197,1573357,2025-05-19,Senate,"Senate Final Passage",19,1,0,1,21
1903262,1550181,2025-04-16,Assembly,"Assembly Final Passage",27,15,0,0,42
1903262,1573426,2025-05-19,Senate,"Senate Final Passage",12,8,0,1,21
1903325,1553922,2025-04-22,Assembly,"Assembly Final Passage",27,15,0,0,42
1903325,1576044,2025-05-22,Senate,"Senate Final Passage",13,8,0,0,21
1903838,1548653,2025-04-15,Senate,"Senate Final Passage",21,0,0,0,21
1903838,1573453,2025-05-19,Assembly,"Assembly Final Passage",42,0,0,0,42
1903916,1575479,2025-05-21,Senate,"Senate Final Passage",14,7,0,0,21
1903916,1582603,2025-05-31,Assembly,"Assembly Final Passage",39,0,0,3,42
1904074,1552131,2025-04-18,Senate,"Senate Final Passage",20,0,0,1,21
1904074,1578423,2025-05-26,Assembly,"Assembly Final Passage",41,0,0,1,42
1904144,1580710,2025-05-28,Senate,"Senate Final Passage",11,8,0,2,21
1904144,1583179,2025-06-02,Assembly,"Assembly Final Passage",27,15,0,0,42
1904296,1575595,2025-05-21,Senate,"Senate Final Passage",21,0,0,0,21
1904296,1582813,2025-05-31,Assembly,"Assembly Final Passage",39,0,0,3,42
1915897,1578322,2025-05-26,Assembly,"Assembly Final Passage",41,0,0,1,42
1915897,1580692,2025-05-28,Senate,"Senate Final Passage",19,0,0,2,21
1915992,1578851,2025-05-27,Senate,"Senate Final Passage",21,0,0,0,21
1915992,1583735,2025-06-02,Assembly,"Assembly Final Passage",42,0,0,0,42
1916087,1570065,2025-04-22,Senate,"Senate Final Passage",21,0,0,0,21
1916179,1552142,2025-04-18,Senate,"Senate Final Passage",20,0,0,1,21
1916326,1550524,2025-04-16,Assembly,"Assembly Final Passage",29,13,0,0,42
1916326,1575990,2025-05-22,Senate,"Senate Final Passage",14,7,0,0,21
1916373,1547635,2025-04-14,Assembly,"Assembly Final Passage",42,0,0,0,42
1916373,1573175,2025-05-19,Senate,"Senate Final Passage",20,0,0,1,21
1916418,1581392,2025-05-29,Assembly,"Assembly Final Passage",41,1,0,0,42
1916418,1584820,2025-06-02,Senate,"Senate Final Passage",20,1,0,0,21
1916466,1548559,2025-04-15,Assembly,"Assembly Final Passage",27,15,0,0,42
1916466,1575683,2025-05-21,Senate,"Senate Final Passage",17,4,0,0,21
1916560,1573331,2025-05-19,Senate,"Senate Final Passage",12,8,0,1,21
1916560,1577027,2025-05-23,Assembly,"Assembly Final Passage",27,15,0,0,42
1916598,1551260,2025-04-17,Senate,"Senate Final Passage",13,8,0,0,21
1916598,1576195,2025-05-22,Assembly,"Assembly Final Passage",27,15,0,0,42
1917767,1579506,2025-05-27,Assembly,"Assembly Final Passage",42,0,0,0,42
1917767,1582859,2025-05-31,Senate,"Senate Final Passage",21,0,0,0,21
1917889,1516953,2025-03-13,Senate,"Senate Final Passage",20,0,0,1,21
1917889,1548596,2025-04-15,Assembly,"Assembly Final Passage",42,0,0,0,42
1918009,1549984,2025-04-16,Senate,"Senate Final Passage",21,0,0,0,21
1918009,1575181,2025-05-21,Assembly,"Assembly Final Passage",42,0,0,0,42
1918370,1554166,2025-04-22,Assembly,"Assembly Final Passage",42,0,0,0,42
1918370,1576927,2025-05-23,Senate,"Senate Final Passage",19,2,0,0,21
1923226,1552296,2025-04-18,Senate,"Senate Final Passage",14,6,0,1,21
1923226,1575046,2025-05-21,Assembly,"Assembly Final Passage",27,15,0,0,42
1923966,1553787,2025-04-22,Senate,"Senate Final Passage",14,7,0,0,21
1923966,1575893,2025-05-22,Assembly,"Assembly Final Passage",27,15,0,0,42
1927467,1550122,2025-04-16,Senate,"Senate Final Passage",13,8,0,0,21
1927756,1548312,2025-04-15,Senate,"Senate Final Passage",13,8,0,0,21
1927756,1575920,2025-05-22,Assembly,"Assembly Final Passage",27,15,0,0,42
1928045,1554675,2025-04-22,Assembly,"Assembly Final Passage",42,0,0,0,42
1928045,1576420,2025-05-22,Senate,"Senate Final Passage",21,0,0,0,21
1931378,1581643,2025-05-29,Senate,"Senate Final Passage",20,0,0,1,21
1931378,1583827,2025-06-02,Assembly,"Assembly Final Passage",42,0,0,0,42
1931599,1544623,2025-04-10,Senate,"Senate Final Passage",21,0,0,0,21
1931599,1578712,2025-05-26,Assembly,"Assembly Final Passage",41,0,0,1,42
1932054,1578338,2025-05-26,Assembly,"Assembly Final Passage",27,14,0,1,42
1932054,1582218,2025-05-30,Senate,"Senate Final Passage",13,8,0,0,21
1932398,1551390,2025-04-17,Assembly,"Assembly Final Passage",42,0,0,0,42
1932398,1577031,2025-05-23,Senate,"Senate Final Passage",19,2,0,0,21
1932745,1581593,2025-05-29,Assembly,"Assembly Final Passage",42,0,0,0,42
1932745,1583990,2025-06-02,Senate,"Senate Final Passage",21,0,0,0,21
1934527,1575600,2025-05-21,Senate,"Senate Final Passage",21,0,0,0,21
1934527,1580350,2025-05-28,Assembly,"Assembly Final Passage",42,0,0,0,42
1934532,1554723,2025-04-22,Assembly,"Assembly Final Passage",26,16,0,0,42
1937499,1554066,2025-04-22,Assembly,"Assembly Final Passage",42,0,0,0,42
1937499,1576912,2025-05-23,Senate,"Senate Final Passage",21,0,0,0,21
1937668,1553821,2025-04-22,Assembly,"Assembly Final Passage",29,13,0,0,42
1937668,1577060,2025-05-23,Senate,"Senate Final Passage",15,6,0,0,21
1937754,1553916,2025-04-22,Assembly,"Assembly Final Passage",42,0,0,0,42
1937754,1573814,2025-05-19,Senate,"Senate Final Passage",20,0,0,1,21
1937924,1554629,2025-04-22,Assembly,"Assembly Final Passage",42,0,0,0,42
1937924,1577090,2025-05-23,Senate,"Senate Final Passage",21,0,0,0,21
1938010,1553109,2025-04-21,Assembly,"Assembly Final Passage",41,0,0,1,42
1938010,1576945,2025-05-23,Senate,"Senate Final Passage",21,0,0,0,21
1940265,1580716,2025-05-28,Assembly,"Assembly Final Passage",42,0,0,0,42
1940265,1582884,2025-05-31,Senate,"Senate Final Passage",21,0,0,0,21
1940615,1551228,2025-04-17,Assembly,"Assembly Final Passage",27,15,0,0,42
1941543,1554129,2025-04-22,Senate,"Senate Final Passage",21,0,0,0,21
1941543,1576002,2025-05-22,Assembly,"Assembly Final Passage",42,0,0,0,42
1941741,1548619,2025-04-15,Senate,"Senate Final Passage",21,0,0,0,21
1941741,1575981,2025-05-22,Assembly,"Assembly Final Passage",42,0,0,0,42
1942046,1552197,2025-04-18,Senate,"Senate Final Passage",17,3,0,1,21
1942046,1578020,2025-05-23,Assembly,"Assembly Final Passage",38,4,0,0,42
1942130,1580719,2025-05-28,Senate,"Senate Final Passage",19,0,0,2,21
1942130,1583680,2025-06-02,Assembly,"Assembly Final Passage",42,0,0,0,42
1942229,1549916,2025-04-16,Senate,"Senate Final Passage",21,0,0,0,21
1942229,1576441,2025-05-22,Assembly,"Assembly Final Passage",42,0,0,0,42
1942311,1554752,2025-04-22,Senate,"Senate Final Passage",19,2,0,0,21
1942311,1576980,2025-05-23,Assembly,"Assembly Final Passage",32,9,0,1,42
1942432,1551920,2025-04-17,Assembly,"Assembly Final Passage",42,0,0,0,42
1942432,1575671,2025-05-21,Senate,"Senate Final Passage",21,0,0,0,21
1942540,1581201,2025-05-29,Assembly,"Assembly Final Passage",27,15,0,0,42
1942540,1582877,2025-05-31,Senate,"Senate Final Passage",14,7,0,0,21
1942540,1582878,2025-05-31,Senate,"Senate Final Passage",13,8,0,0,21
1942858,1553680,2025-04-22,Assembly,"Assembly Final Passage",27,15,0,0,42
1942858,1576883,2025-05-23,Senate,"Senate Final Passage",16,5,0,0,21
1943939,1553847,2025-04-22,Senate,"Senate Final Passage",20,1,0,0,21
1943939,1575914,2025-05-22,Assembly,"Assembly Final Passage",42,0,0,0,42
1944251,1553768,2025-04-22,Senate,"Senate Final Passage",21,0,0,0,21
1944251,1577082,2025-05-23,Assembly,"Assembly Final Passage",41,0,0,1,42
1944354,1552260,2025-04-18,Senate,"Senate Final Passage",18,2,0,1,21
1944354,1576014,2025-05-22,Assembly,"Assembly Final Passage",29,13,0,0,42
1944458,1548580,2025-04-15,Senate,"Senate Final Passage",21,0,0,0,21
1944458,1576294,2025-05-22,Assembly,"Assembly Final Passage",42,0,0,0,42
1944608,1551427,2025-04-17,Assembly,"Assembly Final Passage",42,0,0,0,42
1944608,1576616,2025-05-22,Senate,"Senate Final Passage",21,0,0,0,21
1944689,1553762,2025-04-22,Assembly,"Assembly Final Passage",42,0,0,0,42
1944689,1576998,2025-05-23,Senate,"Senate Final Passage",21,0,0,0,21
1944770,1551758,2025-04-17,Assembly,"Assembly Final Passage",42,0,0,0,42
1944770,1575462,2025-05-21,Senate,"Senate Final Passage",20,1,0,0,21
1944855,1554906,2025-04-22,Assembly,"Assembly Final Passage",42,0,0,0,42
1944855,1577079,2025-05-23,Senate,"Senate Final Passage",21,0,0,0,21
1944976,1551982,2025-04-17,Assembly,"Assembly Final Passage",42,0,0,0,42
1944976,1576427,2025-05-22,Senate,"Senate Final Passage",17,4,0,0,21
1945059,1579448,2025-05-27,Assembly,"Assembly Final Passage",42,0,0,0,42
1946007,1552618,2025-04-21,Assembly,"Assembly Final Passage",41,0,0,1,42
1946007,1575717,2025-05-21,Senate,"Senate Final Passage",20,1,0,0,21
1946144,1552350,2025-04-17,Assembly,"Assembly Final Passage",28,14,0,0,42
1946144,1575648,2025-05-21,Senate,"Senate Final Passage",13,8,0,0,21
1946188,1553538,2025-04-22,Senate,"Senate Final Passage",15,6,0,0,21
1946188,1583017,2025-05-31,Assembly,"Assembly Final Passage",23,16,0,3,42
1946677,1551540,2025-04-17,Assembly,"Assembly Final Passage",42,0,0,0,42
1946677,1577085,2025-05-23,Senate,"Senate Final Passage",21,0,0,0,21
1947243,1548767,2025-04-15,Assembly,"Assembly Final Passage",27,15,0,0,42
1947243,1575496,2025-05-21,Senate,"Senate Final Passage",14,7,0,0,21
1948312,1551717,2025-04-17,Assembly,"Assembly Final Passage",32,10,0,0,42
1948312,1575963,2025-05-22,Senate,"Senate Final Passage",17,4,0,0,21
1948353,1551268,2025-04-17,Assembly,"Assembly Final Passage",42,0,0,0,42
1948353,1575699,2025-05-21,Senate,"Senate Final Passage",21,0,0,0,21
1948386,1522817,2025-03-20,Senate,"Senate Final Passage",20,0,0,1,21
1948386,1575931,2025-05-22,Assembly,"Assembly Final Passage",42,0,0,0,42
1948429,1582303,2025-05-30,Senate,"Senate Final Passage",21,0,0,0,21
1948429,1583623,2025-06-02,Assembly,"Assembly Final Passage",42,0,0,0,42
1948542,1549478,2025-04-15,Senate,"Senate Final Passage",21,0,0,0,21
1948619,1580630,2025-05-28,Senate,"Senate Final Passage",20,0,0,1,21
1948619,1584031,2025-06-02,Assembly,"Assembly Final Passage",42,0,0,0,42
1948696,1549469,2025-04-15,Senate,"Senate Final Passage",21,0,0,0,21
1948696,1575962,2025-05-22,Assembly,"Assembly Final Passage",42,0,0,0,42
1948781,1553094,2025-04-21,Assembly,"Assembly Final Passage",41,0,0,1,42
1948781,1576917,2025-05-23,Senate,"Senate Final Passage",19,2,0,0,21
1948821,1581478,2025-05-29,Senate,"Senate Final Passage",14,6,0,1,21
1948821,1584599,2025-06-02,Assembly,"Assembly Final Passage",36,6,0,0,42
1948864,1549333,2025-04-15,Senate,"Senate Final Passage",13,8,0,0,21
1948864,1576706,2025-05-22,Assembly,"Assembly Final Passage",27,15,0,0,42
1948984,1551116,2025-04-17,Senate,"Senate Final Passage",18,3,0,0,21
1948984,1576505,2025-05-22,Assembly,"Assembly Final Passage",37,5,0,0,42
1949063,1550566,2025-04-16,Senate,"Senate Final Passage",13,8,0,0,21
1949063,1576089,2025-05-22,Assembly,"Assembly Final Passage",42,0,0,0,42
1949137,1554705,2025-04-22,Senate,"Senate Final Passage",15,6,0,0,21
1949137,1576977,2025-05-23,Assembly,"Assembly Final Passage",36,6,0,0,42
1949341,1552202,2025-04-18,Assembly,"Assembly Final Passage",39,0,0,3,42
1949341,1577078,2025-05-23,Senate,"Senate Final Passage",20,1,0,0,21
1949412,1551754,2025-04-17,Assembly,"Assembly Final Passage",26,16,0,0,42
1949412,1577938,2025-05-23,Senate,"Senate Final Passage",16,4,0,1,21
1949453,1554050,2025-04-22,Assembly,"Assembly Final Passage",24,18,0,0,42
1949561,1579518,2025-05-27,Senate,"Senate Final Passage",20,0,0,1,21
1949584,1578705,2025-05-26,Assembly,"Assembly Final Passage",41,0,0,1,42
1949584,1582344,2025-05-30,Senate,"Senate Final Passage",21,0,0,0,21
1950329,1580711,2025-05-28,Assembly,"Assembly Final Passage",41,1,0,0,42
1950329,1582792,2025-05-31,Senate,"Senate Final Passage",21,0,0,0,21
1950481,1553989,2025-04-22,Assembly,"Assembly Final Passage",42,0,0,0,42
1950481,1576900,2025-05-23,Senate,"Senate Final Passage",21,0,0,0,21
1950533,1550596,2025-04-15,Assembly,"Assembly Final Passage",39,3,0,0,42
1950634,1580369,2025-05-28,Assembly,"Assembly Final Passage",42,0,0,0,42
1950634,1583691,2025-06-02,Senate,"Senate Final Passage",21,0,0,0,21
1950790,1554355,2025-04-22,Assembly,"Assembly Final Passage",42,0,0,0,42
1950790,1577985,2025-05-23,Senate,"Senate Final Passage",21,0,0,0,21
1950922,1486076,2025-02-11,Assembly,"Assembly Final Passage",41,0,0,1,42
1950922,1487389,2025-02-12,Senate,"Senate Final Passage",20,0,0,1,21
1951077,1582268,2025-05-30,Assembly,"Assembly Final Passage",42,0,0,0,42
1951077,1583620,2025-06-02,Senate,"Senate Final Passage",20,0,0,1,21
1951155,1551630,2025-04-17,Assembly,"Assembly Final Passage",41,1,0,0,42
1951385,1580564,2025-05-28,Senate,"Senate Final Passage",11,8,0,2,21
1951385,1582786,2025-05-31,Assembly,"Assembly Final Passage",25,14,0,3,42
1951386,1529234,2025-03-27,Senate,"Senate Final Passage",19,0,1,1,21
1951386,1586837,2025-05-28,Assembly,"Assembly Final Passage",31,11,0,0,42
1951387,1552223,2025-04-18,Senate,"Senate Final Passage",13,7,0,1,21
1951387,1575936,2025-05-22,Assembly,"Assembly Final Passage",27,15,0,0,42
1951388,1553751,2025-04-22,Assembly,"Assembly Final Passage",42,0,0,0,42
1951388,1575530,2025-05-21,Senate,"Senate Final Passage",21,0,0,0,21
1951392,1554864,2025-04-22,Assembly,"Assembly Final Passage",40,2,0,0,42
1951392,1575475,2025-05-21,Senate,"Senate Final Passage",19,2,0,0,21
1951397,1551496,2025-04-17,Assembly,"Assembly Final Passage",42,0,0,0,42
1951397,1575615,2025-05-21,Senate,"Senate Final Passage",21,0,0,0,21
1952857,1554359,2025-04-22,Assembly,"Assembly Final Passage",41,1,0,0,42
1952857,1575596,2025-05-21,Senate,"Senate Final Passage",21,0,0,0,21
1952865,1554244,2025-04-22,Assembly,"Assembly Final Passage",42,0,0,0,42
1952865,1575538,2025-05-21,Senate,"Senate Final Passage",21,0,0,0,21
1952873,1554424,2025-04-22,Assembly,"Assembly Final Passage",42,0,0,0,42
1952873,1576928,2025-05-23,Senate,"Senate Final Passage",15,6,0,0,21
1952881,1554233,2025-04-22,Assembly,"Assembly Final Passage",27,15,0,0,42
1952881,1575587,2025-05-21,Senate,"Senate Final Passage",13,8,0,0,21
1952889,1552242,2025-04-18,Assembly,"Assembly Final Passage",39,0,0,3,42
1952889,1576926,2025-05-23,Senate,"Senate Final Passage",20,1,0,0,21
1952905,1554396,2025-04-22,Assembly,"Assembly Final Passage",42,0,0,0,42
1952905,1575607,2025-05-21,Senate,"Senate Final Passage",20,1,0,0,21
1952921,1552615,2025-04-21,Assembly,"Assembly Final Passage",26,15,0,1,42
1952921,1576919,2025-05-23,Senate,"Senate Final Passage",13,8,0,0,21
1952929,1553122,2025-04-21,Assembly,"Assembly Final Passage",41,0,0,1,42
1952929,1577077,2025-05-23,Senate,"Senate Final Passage",21,0,0,0,21
1952937,1551673,2025-04-17,Assembly,"Assembly Final Passage",32,10,0,0,42
1952937,1578000,2025-05-23,Senate,"Senate Final Passage",16,4,0,1,21
1952953,1554026,2025-04-22,Assembly,"Assembly Final Passage",42,0,0,0,42
1952961,1551526,2025-04-17,Assembly,"Assembly Final Passage",42,0,0,0,42
1952961,1577026,2025-05-23,Senate,"Senate Final Passage",21,0,0,0,21
1952969,1582329,2025-05-30,Assembly,"Assembly Final Passage",37,5,0,0,42
1952969,1584002,2025-06-02,Senate,"Senate Final Passage",15,5,0,1,21
1952977,1554141,2025-04-22,Assembly,"Assembly Final Passage",42,0,0,0,42
1952977,1576874,2025-05-23,Senate,"Senate Final Passage",21,0,0,0,21
1952985,1581111,2025-05-29,Assembly,"Assembly Final Passage",28,14,0,0,42
1952985,1583619,2025-06-02,Senate,"Senate Final Passage",12,8,0,1,21
1952993,1554711,2025-04-22,Assembly,"Assembly Final Passage",42,0,0,0,42
1952993,1573810,2025-05-19,Senate,"Senate Final Passage",20,0,0,1,21
1953041,1554425,2025-04-22,Assembly,"Assembly Final Passage",27,15,0,0,42
1953041,1575441,2025-05-21,Senate,"Senate Final Passage",13,8,0,0,21
1954001,1550533,2025-04-16,Senate,"Senate Final Passage",21,0,0,0,21
1954001,1577972,2025-05-22,Assembly,"Assembly Final Passage",42,0,0,0,42
1954021,1549304,2025-04-15,Senate,"Senate Final Passage",21,0,0,0,21
1954042,1551937,2025-04-17,Senate,"Senate Final Passage",21,0,0,0,21
1954042,1575996,2025-05-22,Assembly,"Assembly Final Passage",42,0,0,0,42
1954118,1578362,2025-05-26,Senate,"Senate Final Passage",13,7,0,1,21
1954139,1554950,2025-04-22,Senate,"Senate Final Passage",20,1,0,0,21
1954139,1577528,2025-05-23,Assembly,"Assembly Final Passage",28,4,0,10,42
1954156,1580912,2025-05-28,Assembly,"Assembly Final Passage",41,1,0,0,42
1954156,1583603,2025-06-02,Senate,"Senate Final Passage",21,0,0,0,21
1954176,1578609,2025-05-26,Senate,"Senate Final Passage",13,7,0,1,21
1954176,1583676,2025-06-02,Assembly,"Assembly Final Passage",27,15,0,0,42
1954197,1551302,2025-04-17,Assembly,"Assembly Final Passage",31,11,0,0,42
1954197,1577997,2025-05-23,Senate,"Senate Final Passage",14,6,0,1,21
1954239,1553489,2025-04-22,Senate,"Senate Final Passage",13,8,0,0,21
1954239,1576494,2025-05-22,Assembly,"Assembly Final Passage",27,15,0,0,42
1954259,1573177,2025-05-19,Senate,"Senate Final Passage",14,6,0,1,21
1954259,1576923,2025-05-23,Assembly,"Assembly Final Passage",33,9,0,0,42
1954278,1553044,2025-04-21,Senate,"Senate Final Passage",13,8,0,0,21
1954278,1576041,2025-05-22,Assembly,"Assembly Final Passage",35,7,0,0,42
1954318,1579522,2025-05-27,Assembly,"Assembly Final Passage",38,4,0,0,42
1954318,1583616,2025-06-02,Senate,"Senate Final Passage",21,0,0,0,21
1954339,1552603,2025-04-21,Assembly,"Assembly Final Passage",26,15,0,1,42
1954339,1582307,2025-05-30,Senate,"Senate Final Passage",13,8,0,0,21
1954360,1553076,2025-04-21,Assembly,"Assembly Final Passage",41,0,0,1,42
1954360,1576196,2025-05-22,Senate,"Senate Final Passage",20,1,0,0,21
1954381,1554207,2025-04-22,Assembly,"Assembly Final Passage",27,15,0,0,42
1954381,1575611,2025-05-21,Senate,"Senate Final Passage",13,8,0,0,21
1954399,1554237,2025-04-22,Assembly,"Assembly Final Passage",27,15,0,0,42
1954399,1576530,2025-05-22,Senate,"Senate Final Passage",14,7,0,0,21
1954420,1552646,2025-04-21,Senate,"Senate Final Passage",21,0,0,0,21
1954420,1576297,2025-05-22,Assembly,"Assembly Final Passage",42,0,0,0,42
1954443,1553866,2025-04-22,Senate,"Senate Final Passage",20,0,1,0,21
1954443,1575984,2025-05-22,Assembly,"Assembly Final Passage",42,0,0,0,42
1954461,1554686,2025-04-22,Assembly,"Assembly Final Passage",41,1,0,0,42
1954461,1577998,2025-05-23,Senate,"Senate Final Passage",20,0,0,1,21
1954510,1551786,2025-04-17,Assembly,"Assembly Final Passage",42,0,0,0,42
1954510,1576610,2025-05-22,Senate,"Senate Final Passage",18,3,0,0,21
1954525,1580917,2025-05-27,Assembly,"Assembly Final Passage",42,0,0,0,42
1954525,1582897,2025-05-31,Senate,"Senate Final Passage",21,0,0,0,21
1954547,1552144,2025-04-18,Senate,"Senate Final Passage",20,0,0,1,21
1954547,1576066,2025-05-22,Assembly,"Assembly Final Passage",33,9,0,0,42
1954584,1552201,2025-04-18,Senate,"Senate Final Passage",20,0,0,1,21
1954584,1577086,2025-05-23,Assembly,"Assembly Final Passage",42,0,0,0,42
1954645,1578330,2025-05-26,Senate,"Senate Final Passage",20,0,0,1,21
1954645,1582750,2025-05-31,Assembly,"Assembly Final Passage",39,0,0,3,42
1954668,1576758,2025-05-22,Senate,"Senate Final Passage",13,8,0,0,21
1954668,1583193,2025-06-02,Assembly,"Assembly Final Passage",27,15,0,0,42
1954689,1553510,2025-04-22,Senate,"Senate Final Passage",11,10,0,0,21
1954712,1576625,2025-05-22,Senate,"Senate Final Passage",13,8,0,0,21
1954712,1580722,2025-05-28,Assembly,"Assembly Final Passage",27,15,0,0,42
1954728,1576568,2025-05-22,Senate,"Senate Final Passage",21,0,0,0,21
1954728,1582745,2025-05-31,Assembly,"Assembly Final Passage",39,0,0,3,42
1954749,1553772,2025-04-22,Senate,"Senate Final Passage",14,7,0,0,21
1954749,1575985,2025-05-22,Assembly,"Assembly Final Passage",30,12,0,0,42
1954766,1550400,2025-04-15,Senate,"Senate Final Passage",21,0,0,0,21
1954766,1576004,2025-05-22,Assembly,"Assembly Final Passage",35,7,0,0,42
1954829,1553623,2025-04-22,Senate,"Senate Final Passage",17,4,0,0,21
1954829,1576483,2025-05-22,Assembly,"Assembly Final Passage",34,8,0,0,42
1954850,1554407,2025-04-22,Senate,"Senate Final Passage",15,6,0,0,21
1954850,1577043,2025-05-23,Assembly,"Assembly Final Passage",42,0,0,0,42
1954951,1579199,2025-05-27,Senate,"Senate Final Passage",20,0,0,1,21
1954951,1582764,2025-05-31,Assembly,"Assembly Final Passage",38,1,0,3,42
1954989,1578316,2025-05-26,Assembly,"Assembly Final Passage",34,7,0,1,42
1954989,1582335,2025-05-30,Senate,"Senate Final Passage",19,2,0,0,21
1955009,1582327,2025-05-30,Senate,"Senate Final Passage",21,0,0,0,21
1955009,1583745,2025-06-02,Assembly,"Assembly Final Passage",41,1,0,0,42
1955020,1579524,2025-05-27,Assembly,"Assembly Final Passage",42,0,0,0,42
1955020,1583853,2025-06-02,Senate,"Senate Final Passage",21,0,0,0,21
1959408,1554874,2025-04-22,Senate,"Senate Final Passage",15,6,0,0,21
1959408,1576981,2025-05-23,Assembly,"Assembly Final Passage",39,3,0,0,42
1959946,1554406,2025-04-22,Senate,"Senate Final Passage",19,2,0,0,21
1959946,1577019,2025-05-23,Assembly,"Assembly Final Passage",40,2,0,0,42
1960123,1578490,2025-05-26,Senate,"Senate Final Passage",13,7,0,1,21
1960123,1582766,2025-05-31,Assembly,"Assembly Final Passage",23,16,0,3,42
1960123,1583630,2025-06-02,Assembly,"Assembly Final Passage",27,15,0,0,42
1960298,1554881,2025-04-22,Senate,"Senate Final Passage",21,0,0,0,21
1960298,1575873,2025-05-22,Assembly,"Assembly Final Passage",42,0,0,0,42
1963063,1556306,2025-04-22,Assembly,"Assembly Final Passage",27,15,0,0,42
1963315,1578315,2025-05-26,Assembly,"Assembly Final Passage",41,0,0,1,42
1963315,1582336,2025-05-30,Senate,"Senate Final Passage",21,0,0,0,21
1963628,1552212,2025-04-18,Senate,"Senate Final Passage",20,0,0,1,21
1963628,1576495,2025-05-22,Assembly,"Assembly Final Passage",38,4,0,0,42
1963789,1580575,2025-05-28,Senate,"Senate Final Passage",14,5,0,2,21
1963867,1554373,2025-04-22,Senate,"Senate Final Passage",13,8,0,0,21
1963867,1576005,2025-05-22,Assembly,"Assembly Final Passage",27,15,0,0,42
1963945,1552168,2025-04-18,Senate,"Senate Final Passage",19,1,0,1,21
1963945,1577970,2025-05-23,Assembly,"Assembly Final Passage",33,9,0,0,42
1964097,1550098,2025-04-16,Assembly,"Assembly Final Passage",37,5,0,0,42
1964097,1575442,2025-05-21,Senate,"Senate Final Passage",15,6,0,0,21
1965422,1582223,2025-05-30,Assembly,"Assembly Final Passage",42,0,0,0,42
1965422,1583588,2025-06-02,Senate,"Senate Final Passage",20,0,0,1,21
1965584,1551264,2025-04-17,Assembly,"Assembly Final Passage",33,9,0,0,42
1965584,1575676,2025-05-21,Senate,"Senate Final Passage",14,7,0,0,21
1965750,1550050,2025-04-16,Assembly,"Assembly Final Passage",32,10,0,0,42
1965750,1575518,2025-05-21,Senate,"Senate Final Passage",19,2,0,0,21
1967073,1552123,2025-04-18,Senate,"Senate Final Passage",19,1,0,1,21
1967073,1577948,2025-05-23,Assembly,"Assembly Final Passage",38,4,0,0,42
1967170,1582293,2025-05-30,Assembly,"Assembly Final Passage",22,20,0,0,42
1967371,1554785,2025-04-22,Senate,"Senate Final Passage",21,0,0,0,21
1967468,1550161,2025-04-16,Assembly,"Assembly Final Passage",27,15,0,0,42
1967468,1575645,2025-05-21,Senate,"Senate Final Passage",13,8,0,0,21
1967561,1550333,2025-04-16,Senate,"Senate Final Passage",21,0,0,0,21
1967561,1576364,2025-05-22,Assembly,"Assembly Final Passage",42,0,0,0,42
1967567,1553874,2025-04-22,Assembly,"Assembly Final Passage",40,2,0,0,42
1967567,1575528,2025-05-21,Senate,"Senate Final Passage",21,0,0,0,21
1972151,1582352,2025-05-30,Assembly,"Assembly Final Passage",42,0,0,0,42
1972151,1584209,2025-06-02,Senate,"Senate Final Passage",21,0,0,0,21
1972276,1551411,2025-04-17,Assembly,"Assembly Final Passage",36,6,0,0,42
1972276,1575513,2025-05-21,Senate,"Senate Final Passage",16,4,0,1,21
1972344,1551589,2025-04-17,Assembly,"Assembly Final Passage",28,14,0,0,42
1972344,1576740,2025-05-22,Senate,"Senate Final Passage",15,6,0,0,21
1972604,1554356,2025-04-22,Assembly,"Assembly Final Passage",27,15,0,0,42
1972604,1575542,2025-05-21,Senate,"Senate Final Passage",12,8,0,1,21
1972662,1579521,2025-05-27,Assembly,"Assembly Final Passage",42,0,0,0,42
1972662,1583614,2025-06-02,Senate,"Senate Final Passage",21,0,0,0,21
1972761,1550266,2025-04-16,Assembly,"Assembly Final Passage",27,15,0,0,42
1972761,1577087,2025-05-23,Senate,"Senate Final Passage",13,8,0,0,21
1972761,1578428,2025-05-26,Senate,"Senate Final Passage",20,0,0,1,21
1972812,1553985,2025-04-22,Assembly,"Assembly Final Passage",41,1,0,0,42
1972812,1575720,2025-05-21,Senate,"Senate Final Passage",21,0,0,0,21
1972912,1554770,2025-04-22,Assembly,"Assembly Final Passage",33,9,0,0,42
1972912,1576971,2025-05-23,Senate,"Senate Final Passage",21,0,0,0,21
1973001,1551393,2025-04-17,Assembly,"Assembly Final Passage",42,0,0,0,42
1973001,1575760,2025-05-21,Senate,"Senate Final Passage",21,0,0,0,21
1973438,1554833,2025-04-22,Senate,"Senate Final Passage",20,1,0,0,21
1973438,1577130,2025-05-23,Assembly,"Assembly Final Passage",38,4,0,0,42
1973466,1554949,2025-04-22,Senate,"Senate Final Passage",21,0,0,0,21
1973466,1575948,2025-05-22,Assembly,"Assembly Final Passage",42,0,0,0,42
1973536,1551843,2025-04-17,Assembly,"Assembly Final Passage",42,0,0,0,42
1973536,1573669,2025-05-19,Senate,"Senate Final Passage",20,0,0,1,21
1973572,1554828,2025-04-22,Senate,"Senate Final Passage",21,0,0,0,21
1973572,1576127,2025-05-22,Assembly,"Assembly Final Passage",42,0,0,0,42
1973606,1554872,2025-04-22,Senate,"Senate Final Passage",21,0,0,0,21
1973606,1576502,2025-05-22,Assembly,"Assembly Final Passage",42,0,0,0,42
1973679,1582360,2025-05-30,Senate,"Senate Final Passage",21,0,0,0,21
1973679,1585031,2025-06-02,Assembly,"Assembly Final Passage",42,0,0,0,42
1975322,1554750,2025-04-22,Senate,"Senate Final Passage",13,8,0,0,21
1975344,1579499,2025-05-27,Assembly,"Assembly Final Passage",27,15,0,0,42
1975344,1583311,2025-06-02,Senate,"Senate Final Passage",13,8,0,0,21
1975401,1578514,2025-05-26,Senate,"Senate Final Passage",15,5,0,1,21
1975401,1583891,2025-06-02,Assembly,"Assembly Final Passage",27,15,0,0,42
1975453,1578343,2025-05-26,Senate,"Senate Final Passage",20,0,0,1,21
1975453,1582736,2025-05-31,Assembly,"Assembly Final Passage",39,0,0,3,42
1975499,1550152,2025-04-16,Assembly,"Assembly Final Passage",26,16,0,0,42
1975499,1576887,2025-05-23,Senate,"Senate Final Passage",13,8,0,0,21
1975526,1549475,2025-04-15,Senate,"Senate Final Passage",21,0,0,0,21
1975526,1575609,2025-05-21,Assembly,"Assembly Final Passage",40,2,0,0,42
1975599,1550846,2025-04-16,Assembly,"Assembly Final Passage",40,2,0,0,42
1977186,1576769,2025-05-22,Senate,"Senate Final Passage",21,0,0,0,21
1977229,1551521,2025-04-17,Assembly,"Assembly Final Passage",42,0,0,0,42
1977229,1576723,2025-05-22,Senate,"Senate Final Passage",21,0,0,0,21
1977634,1554753,2025-04-22,Assembly,"Assembly Final Passage",40,2,0,0,42
1977634,1576631,2025-05-22,Senate,"Senate Final Passage",21,0,0,0,21
1977678,1552343,2025-04-17,Assembly,"Assembly Final Passage",39,3,0,0,42
1977678,1575672,2025-05-21,Senate,"Senate Final Passage",18,3,0,0,21
1977725,1553708,2025-04-22,Assembly,"Assembly Final Passage",42,0,0,0,42
1977725,1577061,2025-05-23,Senate,"Senate Final Passage",21,0,0,0,21
1981137,1554006,2025-04-22,Assembly,"Assembly Final Passage",42,0,0,0,42
1981137,1576901,2025-05-23,Senate,"Senate Final Passage",21,0,0,0,21
1981219,1554310,2025-04-22,Assembly,"Assembly Final Passage",26,16,0,0,42
1981219,1583650,2025-06-02,Senate,"Senate Final Passage",13,8,0,0,21
1981263,1552013,2025-04-17,Assembly,"Assembly Final Passage",28,14,0,0,42
1981263,1575762,2025-05-21,Senate,"Senate Final Passage",13,8,0,0,21
1981309,1576774,2025-05-22,Senate,"Senate Final Passage",21,0,0,0,21
1981309,1582617,2025-05-31,Assembly,"Assembly Final Passage",39,0,0,3,42
1981395,1552607,2025-04-21,Assembly,"Assembly Final Passage",41,0,0,1,42
1981395,1575594,2025-05-21,Senate,"Senate Final Passage",21,0,0,0,21
1981443,1553732,2025-04-22,Assembly,"Assembly Final Passage",27,15,0,0,42
1981443,1575514,2025-05-21,Senate,"Senate Final Passage",13,8,0,0,21
1982835,1553102,2025-04-21,Assembly,"Assembly Final Passage",26,15,0,1,42
1982968,1579338,2025-05-27,Senate,"Senate Final Passage",21,0,0,0,21
1982968,1585610,2025-06-02,Assembly,"Assembly Final Passage",35,7,0,0,42
1983201,1553745,2025-04-22,Assembly,"Assembly Final Passage",27,15,0,0,42
1983201,1576817,2025-05-22,Senate,"Senate Final Passage",13,8,0,0,21
1983246,1580724,2025-05-28,Assembly,"Assembly Final Passage",42,0,0,0,42
1983246,1582875,2025-05-31,Senate,"Senate Final Passage",21,0,0,0,21
1983290,1582342,2025-05-30,Assembly,"Assembly Final Passage",29,13,0,0,42
1983290,1583602,2025-06-02,Senate,"Senate Final Passage",13,8,0,0,21
1983431,1551917,2025-04-17,Assembly,"Assembly Final Passage",41,1,0,0,42
1983431,1573823,2025-05-19,Senate,"Senate Final Passage",20,0,0,1,21
1983480,1554870,2025-04-22,Senate,"Senate Final Passage",21,0,0,0,21
1983480,1576210,2025-05-22,Assembly,"Assembly Final Passage",42,0,0,0,42
1983564,1582260,2025-05-30,Assembly,"Assembly Final Passage",42,0,0,0,42
1983564,1583597,2025-06-02,Senate,"Senate Final Passage",20,0,0,1,21
1984489,1533562,2025-04-01,Senate,"Senate Final Passage",20,0,0,1,21
1984489,1576114,2025-05-22,Assembly,"Assembly Final Passage",27,15,0,0,42
1985112,1576692,2025-05-22,Senate,"Senate Final Passage",17,4,0,0,21
1985267,1550056,2025-04-16,Senate,"Senate Final Passage",21,0,0,0,21
1985267,1574985,2025-05-21,Assembly,"Assembly Final Passage",42,0,0,0,42
1985424,1575522,2025-05-21,Senate,"Senate Final Passage",21,0,0,0,21
1986914,1553988,2025-04-22,Assembly,"Assembly Final Passage",42,0,0,0,42
1987054,1578374,2025-05-26,Assembly,"Assembly Final Passage",41,0,0,1,42
1987054,1583688,2025-06-02,Senate,"Senate Final Passage",14,7,0,0,21
1987073,1551571,2025-04-17,Assembly,"Assembly Final Passage",28,14,0,0,42
1987073,1569423,2025-05-12,Senate,"Senate Final Passage",12,8,0,1,21
1987111,1538104,2025-04-07,Senate,"Senate Final Passage",20,0,0,1,21
1987111,1576378,2025-05-22,Assembly,"Assembly Final Passage",42,0,0,0,42
1987150,1554922,2025-04-22,Senate,"Senate Final Passage",21,0,0,0,21
1987150,1576955,2025-05-23,Assembly,"Assembly Final Passage",42,0,0,0,42
1987170,1554411,2025-04-21,Assembly,"Assembly Final Passage",27,14,0,1,42
1987188,1554871,2025-04-22,Senate,"Senate Final Passage",21,0,0,0,21
1987188,1573245,2025-05-19,Assembly,"Assembly Final Passage",42,0,0,0,42
1987245,1582779,2025-05-31,Assembly,"Assembly Final Passage",39,0,0,3,42
1987245,1583593,2025-06-02,Senate,"Senate Final Passage",20,0,0,1,21
1987280,1551909,2025-04-17,Assembly,"Assembly Final Passage",42,0,0,0,42
1987280,1573822,2025-05-19,Senate,"Senate Final Passage",20,0,0,1,21
1987319,1553741,2025-04-22,Assembly,"Assembly Final Passage",42,0,0,0,42
1987319,1577088,2025-05-23,Senate,"Senate Final Passage",21,0,0,0,21
1987334,1551407,2025-04-17,Assembly,"Assembly Final Passage",42,0,0,0,42
1987334,1575696,2025-05-21,Senate,"Senate Final Passage",17,4,0,0,21
1987374,1576567,2025-05-22,Senate,"Senate Final Passage",21,0,0,0,21
1987374,1582732,2025-05-31,Assembly,"Assembly Final Passage",39,0,0,3,42
1987411,1553137,2025-04-21,Assembly,"Assembly Final Passage",41,0,0,1,42
1987454,1553858,2025-04-22,Assembly,"Assembly Final Passage",42,0,0,0,42
1987454,1576725,2025-05-22,Senate,"Senate Final Passage",21,0,0,0,21
1987474,1554699,2025-04-22,Assembly,"Assembly Final Passage",42,0,0,0,42
1987474,1577047,2025-05-23,Senate,"Senate Final Passage",21,0,0,0,21
1987510,1551216,2025-04-17,Assembly,"Assembly Final Passage",27,15,0,0,42
1987510,1575929,2025-05-22,Senate,"Senate Final Passage",14,7,0,0,21
1987586,1553954,2025-04-22,Assembly,"Assembly Final Passage",42,0,0,0,42
1987586,1575539,2025-05-21,Senate,"Senate Final Passage",21,0,0,0,21
1989613,1582302,2025-05-30,Senate,"Senate Final Passage",15,6,0,0,21
1989613,1584185,2025-06-02,Assembly,"Assembly Final Passage",32,10,0,0,42
1989622,1578331,2025-05-26,Assembly,"Assembly Final Passage",41,0,0,1,42
1989622,1582337,2025-05-30,Senate,"Senate Final Passage",21,0,0,0,21
1989639,1578350,2025-05-26,Assembly,"Assembly Final Passage",41,0,0,1,42
1989639,1582787,2025-05-31,Senate,"Senate Final Passage",19,2,0,0,21
1989648,1550211,2025-04-16,Assembly,"Assembly Final Passage",41,0,1,0,42
1989648,1575721,2025-05-21,Senate,"Senate Final Passage",21,0,0,0,21
1989665,1578413,2025-05-26,Assembly,"Assembly Final Passage",41,0,0,1,42
1989665,1583624,2025-06-02,Senate,"Senate Final Passage",21,0,0,0,21
1989679,1550218,2025-04-16,Assembly,"Assembly Final Passage",41,1,0,0,42
1989679,1575706,2025-05-21,Senate,"Senate Final Passage",19,2,0,0,21
1989690,1579552,2025-05-27,Assembly,"Assembly Final Passage",42,0,0,0,42
1989690,1582906,2025-05-31,Senate,"Senate Final Passage",21,0,0,0,21
1989721,1551721,2025-04-17,Assembly,"Assembly Final Passage",23,19,0,0,42
1989733,1550153,2025-04-16,Assembly,"Assembly Final Passage",37,5,0,0,42
1989733,1575711,2025-05-21,Senate,"Senate Final Passage",17,4,0,0,21
1989743,1554174,2025-04-22,Assembly,"Assembly Final Passage",42,0,0,0,42
1989743,1575598,2025-05-21,Senate,"Senate Final Passage",21,0,0,0,21
1989767,1579208,2025-05-26,Assembly,"Assembly Final Passage",40,0,0,2,42
1989767,1583594,2025-06-02,Senate,"Senate Final Passage",20,0,0,1,21
1989777,1554419,2025-04-22,Assembly,"Assembly Final Passage",42,0,0,0,42
1989777,1577045,2025-05-23,Senate,"Senate Final Passage",21,0,0,0,21
1989793,1578388,2025-05-26,Senate,"Senate Final Passage",20,0,0,1,21
1989793,1582849,2025-05-31,Assembly,"Assembly Final Passage",35,4,0,3,42
1989850,1582341,2025-05-30,Assembly,"Assembly Final Passage",42,0,0,0,42
1989850,1583583,2025-06-02,Senate,"Senate Final Passage",21,0,0,0,21
1989877,1553944,2025-04-22,Assembly,"Assembly Final Passage",42,0,0,0,42
1989877,1577103,2025-05-23,Senate,"Senate Final Passage",21,0,0,0,21
1989924,1547448,2025-04-14,Assembly,"Assembly Final Passage",42,0,0,0,42
1989924,1575713,2025-05-21,Senate,"Senate Final Passage",21,0,0,0,21
1989970,1582353,2025-05-30,Assembly,"Assembly Final Passage",27,15,0,0,42
1989970,1584088,2025-06-02,Senate,"Senate Final Passage",13,7,0,1,21
1990030,1554866,2025-04-22,Assembly,"Assembly Final Passage",42,0,0,0,42
1990030,1576581,2025-05-22,Senate,"Senate Final Passage",21,0,0,0,21
1990046,1554429,2025-04-22,Assembly,"Assembly Final Passage",28,14,0,0,42
1990046,1576960,2025-05-23,Senate,"Senate Final Passage",13,8,0,0,21
1990055,1553148,2025-04-21,Assembly,"Assembly Final Passage",41,0,0,1,42
1990055,1575622,2025-05-21,Senate,"Senate Final Passage",21,0,0,0,21
1990083,1575742,2025-05-21,Senate,"Senate Final Passage",21,0,0,0,21
1990083,1584171,2025-06-02,Assembly,"Assembly Final Passage",42,0,0,0,42
1990091,1581845,2025-05-29,Assembly,"Assembly Final Passage",41,1,0,0,42
1990091,1583824,2025-06-02,Senate,"Senate Final Passage",20,0,0,1,21
1990968,1554606,2025-04-22,Assembly,"Assembly Final Passage",42,0,0,0,42
1990968,1575761,2025-05-21,Senate,"Senate Final Passage",21,0,0,0,21
1990997,1550239,2025-04-16,Senate,"Senate Final Passage",19,2,0,0,21
1990997,1575261,2025-05-21,Assembly,"Assembly Final Passage",42,0,0,0,42
1991005,1551839,2025-04-17,Assembly,"Assembly Final Passage",36,6,0,0,42
1991026,1552654,2025-04-21,Senate,"Senate Final Passage",21,0,0,0,21
1991026,1575722,2025-05-21,Assembly,"Assembly Final Passage",42,0,0,0,42
1991054,1580704,2025-05-28,Assembly,"Assembly Final Passage",41,1,0,0,42
1991054,1585630,2025-06-02,Senate,"Senate Final Passage",21,0,0,0,21
1991065,1578387,2025-05-26,Senate,"Senate Final Passage",20,0,0,1,21
1991065,1582896,2025-05-31,Assembly,"Assembly Final Passage",39,0,0,3,42
1991091,1550469,2025-04-16,Assembly,"Assembly Final Passage",42,0,0,0,42
1991091,1575703,2025-05-21,Senate,"Senate Final Passage",21,0,0,0,21
1991112,1547419,2025-04-14,Assembly,"Assembly Final Passage",42,0,0,0,42
1991112,1575773,2025-05-21,Senate,"Senate Final Passage",21,0,0,0,21
1991130,1554766,2025-04-22,Senate,"Senate Final Passage",21,0,0,0,21
1991130,1576065,2025-05-22,Assembly,"Assembly Final Passage",42,0,0,0,42
1991138,1550185,2025-04-16,Assembly,"Assembly Final Passage",42,0,0,0,42
1991138,1575608,2025-05-21,Senate,"Senate Final Passage",21,0,0,0,21
1991167,1550871,2025-04-16,Senate,"Senate Final Passage",21,0,0,0,21
1991167,1576042,2025-05-22,Assembly,"Assembly Final Passage",42,0,0,0,42
1991195,1551995,2025-04-17,Assembly,"Assembly Final Passage",42,0,0,0,42
1991195,1573825,2025-05-19,Senate,"Senate Final Passage",20,0,0,1,21
1992083,1552348,2025-04-18,Senate,"Senate Final Passage",13,7,0,1,21
1992133,1554914,2025-04-22,Senate,"Senate Final Passage",21,0,0,0,21
1992133,1576523,2025-05-22,Assembly,"Assembly Final Passage",42,0,0,0,42
1992221,1552231,2025-04-18,Senate,"Senate Final Passage",20,0,0,1,21
1992221,1576295,2025-05-22,Assembly,"Assembly Final Passage",42,0,0,0,42
1992270,1554541,2025-04-22,Senate,"Senate Final Passage",16,5,0,0,21
1992270,1576007,2025-05-22,Assembly,"Assembly Final Passage",28,14,0,0,42
1992314,1578501,2025-05-26,Senate,"Senate Final Passage",15,5,0,1,21
1992314,1582741,2025-05-31,Assembly,"Assembly Final Passage",38,1,0,3,42
1992412,1578606,2025-05-26,Senate,"Senate Final Passage",20,0,0,1,21
1992412,1583694,2025-06-02,Assembly,"Assembly Final Passage",42,0,0,0,42
1992456,1554298,2025-04-22,Senate,"Senate Final Passage",14,7,0,0,21
1992456,1575945,2025-05-22,Assembly,"Assembly Final Passage",40,2,0,0,42
1992502,1579960,2025-05-28,Senate,"Senate Final Passage",20,0,0,1,21
1992502,1583978,2025-06-02,Assembly,"Assembly Final Passage",42,0,0,0,42
1992682,1554915,2025-04-22,Senate,"Senate Final Passage",21,0,0,0,21
1992682,1576712,2025-05-22,Assembly,"Assembly Final Passage",42,0,0,0,42
1993554,1552689,2025-04-21,Assembly,"Assembly Final Passage",41,0,0,1,42
1993554,1575517,2025-05-21,Senate,"Senate Final Passage",17,4,0,0,21
1993632,1548801,2025-04-15,Senate,"Senate Final Passage",15,6,0,0,21
1993632,1576453,2025-05-22,Assembly,"Assembly Final Passage",42,0,0,0,42
1993681,1554136,2025-04-22,Senate,"Senate Final Passage",15,6,0,0,21
1993706,1554857,2025-04-22,Senate,"Senate Final Passage",17,4,0,0,21
1993706,1576985,2025-05-23,Assembly,"Assembly Final Passage",34,8,0,0,42
1993769,1550603,2025-04-16,Senate,"Senate Final Passage",14,7,0,0,21
1993769,1577015,2025-05-23,Assembly,"Assembly Final Passage",28,14,0,0,42
1993792,1581148,2025-05-29,Assembly,"Assembly Final Passage",41,1,0,0,42
1993792,1583683,2025-06-02,Senate,"Senate Final Passage",20,1,0,0,21
1993846,1550019,2025-04-16,Senate,"Senate Final Passage",19,2,0,0,21
1993846,1575992,2025-05-22,Assembly,"Assembly Final Passage",29,13,0,0,42
1993873,1533501,2025-04-01,Senate,"Senate Final Passage",20,0,0,1,21
1993873,1576688,2025-05-22,Assembly,"Assembly Final Passage",39,3,0,0,42
1993897,1551777,2025-04-17,Assembly,"Assembly Final Passage",42,0,0,0,42
1993897,1576764,2025-05-22,Senate,"Senate Final Passage",21,0,0,0,21
1993953,1549177,2025-04-15,Senate,"Senate Final Passage",21,0,0,0,21
1993953,1576445,2025-05-22,Assembly,"Assembly Final Passage",42,0,0,0,42
1993978,1550070,2025-04-16,Senate,"Senate Final Passage",21,0,0,0,21
1993978,1575002,2025-05-21,Assembly,"Assembly Final Passage",42,0,0,0,42
1994007,1554177,2025-04-22,Assembly,"Assembly Final Passage",42,0,0,0,42
1994007,1575775,2025-05-21,Senate,"Senate Final Passage",21,0,0,0,21
1994028,1580578,2025-05-28,Assembly,"Assembly Final Passage",42,0,0,0,42
1994028,1586807,2025-06-02,Senate,"Senate Final Passage",21,0,0,0,21
1996192,1581398,2025-05-29,Senate,"Senate Final Passage",20,0,0,1,21
1996192,1583713,2025-06-02,Assembly,"Assembly Final Passage",42,0,0,0,42
1996205,1554420,2025-04-22,Assembly,"Assembly Final Passage",42,0,0,0,42
1996205,1577984,2025-05-23,Senate,"Senate Final Passage",21,0,0,0,21
1996220,1553958,2025-04-22,Senate,"Senate Final Passage",21,0,0,0,21
1996220,1576719,2025-05-22,Assembly,"Assembly Final Passage",40,2,0,0,42
1996232,1572776,2025-05-16,Assembly,"Assembly Final Passage",42,0,0,0,42
1996232,1583622,2025-06-02,Senate,"Senate Final Passage",14,7,0,0,21
1996247,1554367,2025-04-22,Senate,"Senate Final Passage",21,0,0,0,21
1996260,1554239,2025-04-22,Senate,"Senate Final Passage",21,0,0,0,21
1996260,1577029,2025-05-23,Assembly,"Assembly Final Passage",38,4,0,0,42
1996278,1554863,2025-04-22,Assembly,"Assembly Final Passage",42,0,0,0,42
1996278,1577034,2025-05-23,Senate,"Senate Final Passage",21,0,0,0,21
1996306,1582698,2025-05-31,Assembly,"Assembly Final Passage",40,0,0,2,42
1996306,1584199,2025-06-02,Senate,"Senate Final Passage",21,0,0,0,21
1996317,1554684,2025-04-22,Assembly,"Assembly Final Passage",42,0,0,0,42
1996317,1577992,2025-05-23,Senate,"Senate Final Passage",21,0,0,0,21
1996345,1579464,2025-05-27,Senate,"Senate Final Passage",20,0,0,1,21
1996345,1583671,2025-06-02,Assembly,"Assembly Final Passage",42,0,0,0,42
1996362,1550210,2025-04-16,Senate,"Senate Final Passage",15,6,0,0,21
1996362,1576208,2025-05-22,Assembly,"Assembly Final Passage",27,15,0,0,42
1996376,1553994,2025-04-22,Assembly,"Assembly Final Passage",42,0,0,0,42
1996376,1577081,2025-05-23,Senate,"Senate Final Passage",21,0,0,0,21
1996404,1553090,2025-04-21,Assembly,"Assembly Final Passage",41,0,0,1,42
1996404,1575641,2025-05-21,Senate,"Senate Final Passage",21,0,0,0,21
1996448,1554787,2025-04-22,Senate,"Senate Final Passage",21,0,0,0,21
1996448,1576916,2025-05-23,Assembly,"Assembly Final Passage",42,0,0,0,42
1996461,1553096,2025-04-21,Senate,"Senate Final Passage",13,8,0,0,21
1996461,1576353,2025-05-22,Assembly,"Assembly Final Passage",34,8,0,0,42
1996477,1580346,2025-05-27,Assembly,"Assembly Final Passage",42,0,0,0,42
1996477,1583660,2025-06-02,Senate,"Senate Final Passage",21,0,0,0,21
1996489,1553182,2025-04-21,Senate,"Senate Final Passage",21,0,0,0,21
1996489,1576694,2025-05-22,Assembly,"Assembly Final Passage",42,0,0,0,42
1996531,1552191,2025-04-18,Senate,"Senate Final Passage",20,0,0,1,21
1996531,1576238,2025-05-22,Assembly,"Assembly Final Passage",42,0,0,0,42
1996545,1581092,2025-05-29,Assembly,"Assembly Final Passage",26,16,0,0,42
1996545,1583611,2025-06-02,Senate,"Senate Final Passage",11,9,0,1,21
1996559,1580706,2025-05-28,Assembly,"Assembly Final Passage",42,0,0,0,42
1996572,1578359,2025-05-26,Senate,"Senate Final Passage",20,0,0,1,21
1996572,1582876,2025-05-31,Assembly,"Assembly Final Passage",39,0,0,3,42
1999734,1582351,2025-05-30,Assembly,"Assembly Final Passage",42,0,0,0,42
1999734,1583995,2025-06-02,Senate,"Senate Final Passage",20,0,0,1,21
1999738,1554698,2025-04-22,Assembly,"Assembly Final Passage",42,0,0,0,42
1999738,1575564,2025-05-21,Senate,"Senate Final Passage",20,1,0,0,21
1999743,1551755,2025-04-17,Assembly,"Assembly Final Passage",42,0,0,0,42
1999751,1554924,2025-04-22,Senate,"Senate Final Passage",16,5,0,0,21
1999751,1576487,2025-05-22,Assembly,"Assembly Final Passage",34,8,0,0,42
1999761,1551831,2025-04-17,Assembly,"Assembly Final Passage",42,0,0,0,42
1999761,1573817,2025-05-19,Senate,"Senate Final Passage",20,0,0,1,21
1999795,1549374,2025-04-15,Senate,"Senate Final Passage",21,0,0,0,21
1999795,1576613,2025-05-22,Assembly,"Assembly Final Passage",27,15,0,0,42
1999800,1576666,2025-05-22,Senate,"Senate Final Passage",21,0,0,0,21
1999800,1582821,2025-05-31,Assembly,"Assembly Final Passage",40,0,0,2,42
1999838,1552268,2025-04-18,Senate,"Senate Final Passage",20,0,0,1,21
1999838,1576726,2025-05-22,Assembly,"Assembly Final Passage",42,0,0,0,42
1999843,1581546,2025-05-29,Assembly,"Assembly Final Passage",42,0,0,0,42
1999843,1584039,2025-06-02,Senate,"Senate Final Passage",21,0,0,0,21
1999854,1544659,2025-04-10,Senate,"Senate Final Passage",21,0,0,0,21
1999854,1576720,2025-05-22,Assembly,"Assembly Final Passage",42,0,0,0,42
1999860,1554176,2025-04-22,Senate,"Senate Final Passage",14,7,0,0,21
1999860,1576729,2025-05-22,Assembly,"Assembly Final Passage",27,15,0,0,42
1999868,1552221,2025-04-18,Senate,"Senate Final Passage",16,4,0,1,21
1999904,1553962,2025-04-22,Senate,"Senate Final Passage",14,7,0,0,21
1999904,1575972,2025-05-22,Assembly,"Assembly Final Passage",37,5,0,0,42
1999920,1554887,2025-04-22,Senate,"Senate Final Passage",21,0,0,0,21
1999920,1576432,2025-05-22,Assembly,"Assembly Final Passage",42,0,0,0,42
1999930,1582325,2025-05-30,Assembly,"Assembly Final Passage",42,0,0,0,42
1999930,1585768,2025-06-02,Senate,"Senate Final Passage",19,2,0,0,21
1999937,1581911,2025-05-29,Senate,"Senate Final Passage",13,8,0,0,21
1999949,1550615,2025-04-16,Senate,"Senate Final Passage",21,0,0,0,21
1999949,1576436,2025-05-22,Assembly,"Assembly Final Passage",42,0,0,0,42
1999958,1552676,2025-04-21,Senate,"Senate Final Passage",21,0,0,0,21
1999958,1576461,2025-05-22,Assembly,"Assembly Final Passage",42,0,0,0,42
1999964,1581416,2025-05-29,Senate,"Senate Final Passage",18,2,0,1,21
1999964,1583893,2025-06-02,Assembly,"Assembly Final Passage",42,0,0,0,42
1999990,1582332,2025-05-30,Assembly,"Assembly Final Passage",27,15,0,0,42
1999998,1579513,2025-05-27,Senate,"Senate Final Passage",20,0,0,1,21
1999998,1583254,2025-06-02,Assembly,"Assembly Final Passage",42,0,0,0,42
2000008,1577993,2025-05-23,Assembly,"Assembly Final Passage",41,1,0,0,42
2000008,1581353,2025-05-29,Senate,"Senate Final Passage",20,0,0,1,21
2000015,1551911,2025-04-17,Assembly,"Assembly Final Passage",42,0,0,0,42
2000015,1576655,2025-05-22,Senate,"Senate Final Passage",18,3,0,0,21
2000024,1578384,2025-05-26,Senate,"Senate Final Passage",20,0,0,1,21
2000031,1555318,2025-04-22,Assembly,"Assembly Final Passage",27,15,0,0,42
2000031,1576889,2025-05-23,Senate,"Senate Final Passage",14,7,0,0,21
2004675,1554617,2025-04-22,Assembly,"Assembly Final Passage",42,0,0,0,42
2004675,1575751,2025-05-21,Senate,"Senate Final Passage",21,0,0,0,21
2004717,1581341,2025-05-29,Assembly,"Assembly Final Passage",27,15,0,0,42
2004717,1583621,2025-06-02,Senate,"Senate Final Passage",13,8,0,0,21
2004756,1554835,2025-04-22,Senate,"Senate Final Passage",21,0,0,0,21
2004756,1575980,2025-05-22,Assembly,"Assembly Final Passage",42,0,0,0,42
2004834,1578449,2025-05-26,Assembly,"Assembly Final Passage",41,0,0,1,42
2004834,1580674,2025-05-28,Senate,"Senate Final Passage",19,0,0,2,21
2004869,1554701,2025-04-22,Senate,"Senate Final Passage",13,8,0,0,21
2005037,1578717,2025-05-26,Senate,"Senate Final Passage",20,0,0,1,21
2005037,1582752,2025-05-31,Assembly,"Assembly Final Passage",40,0,0,2,42
2005069,1581660,2025-05-29,Assembly,"Assembly Final Passage",42,0,0,0,42
2005069,1584220,2025-06-02,Senate,"Senate Final Passage",21,0,0,0,21
2005104,1554763,2025-04-22,Assembly,"Assembly Final Passage",42,0,0,0,42
2005104,1575529,2025-05-21,Senate,"Senate Final Passage",21,0,0,0,21
2005223,1554774,2025-04-22,Senate,"Senate Final Passage",19,2,0,0,21
2005262,1575366,2025-05-21,Assembly,"Assembly Final Passage",29,13,0,0,42
2005262,1583686,2025-06-02,Senate,"Senate Final Passage",13,8,0,0,21
2005304,1550182,2025-04-16,Senate,"Senate Final Passage",21,0,0,0,21
2005304,1575245,2025-05-21,Assembly,"Assembly Final Passage",42,0,0,0,42
2005342,1549271,2025-04-15,Assembly,"Assembly Final Passage",27,15,0,0,42
2005342,1575949,2025-05-22,Senate,"Senate Final Passage",13,8,0,0,21
2005419,1554912,2025-04-21,Assembly,"Assembly Final Passage",26,15,0,1,42
2005419,1575497,2025-05-21,Senate,"Senate Final Passage",13,8,0,0,21
2005989,1554112,2025-04-22,Assembly,"Assembly Final Passage",42,0,0,0,42
2005989,1577070,2025-05-23,Senate,"Senate Final Passage",21,0,0,0,21
2006026,1553075,2025-04-21,Assembly,"Assembly Final Passage",41,0,0,1,42
2006026,1575700,2025-05-21,Senate,"Senate Final Passage",21,0,0,0,21
2006112,1578375,2025-05-26,Senate,"Senate Final Passage",20,0,0,1,21
2006112,1582763,2025-05-31,Assembly,"Assembly Final Passage",40,0,0,2,42
2006177,1552604,2025-04-21,Assembly,"Assembly Final Passage",41,0,0,1,42
2006177,1578002,2025-05-22,Senate,"Senate Final Passage",21,0,0,0,21
2006200,1553851,2025-04-22,Assembly,"Assembly Final Passage",36,6,0,0,42
2006200,1575560,2025-05-21,Senate,"Senate Final Passage",15,6,0,0,21
2006220,1552803,2025-04-21,Senate,"Senate Final Passage",13,8,0,0,21
2006220,1576428,2025-05-22,Assembly,"Assembly Final Passage",28,14,0,0,42
2006246,1553082,2025-04-21,Senate,"Senate Final Passage",16,5,0,0,21
2006246,1582825,2025-05-31,Assembly,"Assembly Final Passage",35,5,0,2,42
2006283,1550112,2025-04-16,Senate,"Senate Final Passage",21,0,0,0,21
2006283,1575960,2025-05-22,Assembly,"Assembly Final Passage",42,0,0,0,42
2006311,1582295,2025-05-30,Assembly,"Assembly Final Passage",38,4,0,0,42
2006311,1583286,2025-06-02,Senate,"Senate Final Passage",20,0,0,1,21
2006355,1550385,2025-04-16,Senate,"Senate Final Passage",17,4,0,0,21
2006355,1568169,2025-05-08,Assembly,"Assembly Final Passage",26,15,0,1,42
2006377,1554825,2025-04-22,Senate,"Senate Final Passage",21,0,0,0,21
2006377,1576424,2025-05-22,Assembly,"Assembly Final Passage",42,0,0,0,42
2006401,1551551,2025-04-17,Assembly,"Assembly Final Passage",42,0,0,0,42
2006401,1575714,2025-05-21,Senate,"Senate Final Passage",21,0,0,0,21
2006423,1554921,2025-04-21,Assembly,"Assembly Final Passage",41,0,0,1,42
2006533,1554886,2025-04-22,Senate,"Senate Final Passage",16,5,0,0,21
2006533,1575998,2025-05-22,Assembly,"Assembly Final Passage",27,15,0,0,42
2006553,1551897,2025-04-17,Assembly,"Assembly Final Passage",42,0,0,0,42
2006573,1551520,2025-04-17,Assembly,"Assembly Final Passage",42,0,0,0,42
2006573,1573811,2025-05-19,Senate,"Senate Final Passage",20,0,0,1,21
2008975,1552978,2025-04-21,Senate,"Senate Final Passage",21,0,0,0,21
2008975,1576138,2025-05-22,Assembly,"Assembly Final Passage",42,0,0,0,42
2008990,1549472,2025-04-15,Senate,"Senate Final Passage",21,0,0,0,21
2008990,1577122,2025-05-23,Assembly,"Assembly Final Passage",42,0,0,0,42
2009013,1549479,2025-04-15,Senate,"Senate Final Passage",21,0,0,0,21
2009013,1575976,2025-05-22,Assembly,"Assembly Final Passage",42,0,0,0,42
2009030,1576575,2025-05-22,Senate,"Senate Final Passage",20,1,0,0,21
2009030,1582753,2025-05-31,Assembly,"Assembly Final Passage",40,0,0,2,42
2009042,1579502,2025-05-27,Senate,"Senate Final Passage",12,8,0,1,21
2009042,1583246,2025-06-02,Assembly,"Assembly Final Passage",27,15,0,0,42
2009054,1554379,2025-04-22,Senate,"Senate Final Passage",21,0,0,0,21
2009054,1583728,2025-06-02,Assembly,"Assembly Final Passage",42,0,0,0,42
2009179,1578485,2025-05-26,Senate,"Senate Final Passage",20,0,0,1,21
2009179,1582796,2025-05-31,Assembly,"Assembly Final Passage",41,0,0,1,42
2009202,1575748,2025-05-21,Senate,"Senate Final Passage",21,0,0,0,21
2009202,1580453,2025-05-28,Assembly,"Assembly Final Passage",42,0,0,0,42
2009243,1551369,2025-04-17,Senate,"Senate Final Passage",20,1,0,0,21
2009271,1538330,2025-04-07,Senate,"Senate Final Passage",20,0,0,1,21
2009297,1554838,2025-04-22,Senate,"Senate Final Passage",19,2,0,0,21
2009297,1577084,2025-05-23,Assembly,"Assembly Final Passage",39,3,0,0,42
2009312,1575521,2025-05-21,Senate,"Senate Final Passage",21,0,0,0,21
2009328,1554829,2025-04-22,Senate,"Senate Final Passage",21,0,0,0,21
2009328,1576011,2025-05-22,Assembly,"Assembly Final Passage",42,0,0,0,42
2009340,1550415,2025-04-16,Senate,"Senate Final Passage",21,0,0,0,21
2009340,1575988,2025-05-22,Assembly,"Assembly Final Passage",42,0,0,0,42
2009352,1552974,2025-04-21,Senate,"Senate Final Passage",21,0,0,0,21
2009352,1577979,2025-05-23,Assembly,"Assembly Final Passage",42,0,0,0,42
2009366,1554361,2025-04-22,Senate,"Senate Final Passage",21,0,0,0,21
2009366,1576953,2025-05-23,Assembly,"Assembly Final Passage",35,7,0,0,42
2009378,1549434,2025-04-15,Senate,"Senate Final Passage",16,5,0,0,21
2009378,1577083,2025-05-23,Assembly,"Assembly Final Passage",37,5,0,0,42
2009422,1582270,2025-05-30,Senate,"Senate Final Passage",21,0,0,0,21
2009445,1579509,2025-05-27,Senate,"Senate Final Passage",15,5,0,1,21
2009445,1584048,2025-06-02,Assembly,"Assembly Final Passage",26,15,1,0,42
2009523,1550626,2025-04-16,Senate,"Senate Final Passage",14,7,0,0,21
2009548,1578416,2025-05-26,Senate,"Senate Final Passage",18,2,0,1,21
2009548,1582689,2025-05-31,Assembly,"Assembly Final Passage",41,0,0,1,42
2009565,1579227,2025-05-27,Senate,"Senate Final Passage",20,0,0,1,21
2009565,1582740,2025-05-31,Assembly,"Assembly Final Passage",40,1,0,1,42
2009585,1578859,2025-05-27,Senate,"Senate Final Passage",13,8,0,0,21
2009617,1554435,2025-04-22,Assembly,"Assembly Final Passage",36,6,0,0,42
2009617,1577999,2025-05-23,Senate,"Senate Final Passage",13,7,0,1,21
2009619,1553865,2025-04-22,Assembly,"Assembly Final Passage",42,0,0,0,42
2009619,1577064,2025-05-23,Senate,"Senate Final Passage",21,0,0,0,21
2009625,1554164,2025-04-22,Assembly,"Assembly Final Passage",41,1,0,0,42
2009625,1576766,2025-05-22,Senate,"Senate Final Passage",15,6,0,0,21
2009625,1576767,2025-05-22,Senate,"Senate Final Passage",16,5,0,0,21
2009626,1554781,2025-04-22,Assembly,"Assembly Final Passage",27,15,0,0,42
2009627,1581779,2025-05-29,Assembly,"Assembly Final Passage",42,0,0,0,42
2009627,1584107,2025-06-02,Senate,"Senate Final Passage",21,0,0,0,21
2009629,1582258,2025-05-30,Assembly,"Assembly Final Passage",42,0,0,0,42
2009629,1583601,2025-06-02,Senate,"Senate Final Passage",20,0,0,1,21
2009630,1554348,2025-04-22,Assembly,"Assembly Final Passage",42,0,0,0,42
2009630,1576999,2025-05-23,Senate,"Senate Final Passage",21,0,0,0,21
2009631,1554516,2025-04-22,Assembly,"Assembly Final Passage",27,15,0,0,42
2009631,1576604,2025-05-22,Senate,"Senate Final Passage",13,8,0,0,21
2009632,1551524,2025-04-17,Assembly,"Assembly Final Passage",42,0,0,0,42
2009632,1575612,2025-05-21,Senate,"Senate Final Passage",21,0,0,0,21
2009633,1552732,2025-04-21,Assembly,"Assembly Final Passage",32,9,0,1,42
2009633,1576634,2025-05-22,Senate,"Senate Final Passage",14,7,0,0,21
2009634,1581691,2025-05-29,Assembly,"Assembly Final Passage",42,0,0,0,42
2009634,1583743,2025-06-02,Senate,"Senate Final Passage",20,0,0,1,21
2009636,1554314,2025-04-22,Assembly,"Assembly Final Passage",35,7,0,0,42
2009636,1578001,2025-05-23,Senate,"Senate Final Passage",20,0,0,1,21
2009637,1554387,2025-04-22,Assembly,"Assembly Final Passage",27,15,0,0,42
2009637,1576664,2025-05-22,Senate,"Senate Final Passage",13,8,0,0,21
2009638,1554381,2025-04-22,Assembly,"Assembly Final Passage",42,0,0,0,42
2009639,1580442,2025-05-28,Assembly,"Assembly Final Passage",42,0,0,0,42
2009639,1583340,2025-06-02,Senate,"Senate Final Passage",16,4,0,1,21
2009641,1554403,2025-04-22,Assembly,"Assembly Final Passage",42,0,0,0,42
2009641,1575613,2025-05-21,Senate,"Senate Final Passage",21,0,0,0,21
2009642,1551967,2025-04-17,Assembly,"Assembly Final Passage",42,0,0,0,42
2009643,1553912,2025-04-22,Assembly,"Assembly Final Passage",27,15,0,0,42
2009643,1576747,2025-05-22,Senate,"Senate Final Passage",14,7,0,0,21
2009644,1581621,2025-05-29,Assembly,"Assembly Final Passage",42,0,0,0,42
2009644,1584444,2025-06-02,Senate,"Senate Final Passage",20,0,0,1,21
2009647,1554399,2025-04-22,Assembly,"Assembly Final Passage",27,15,0,0,42
2009647,1576662,2025-05-22,Senate,"Senate Final Passage",13,8,0,0,21
2009648,1554901,2025-04-22,Assembly,"Assembly Final Passage",41,0,1,0,42
2009648,1577968,2025-05-23,Senate,"Senate Final Passage",21,0,0,0,21
2009649,1582348,2025-05-30,Assembly,"Assembly Final Passage",40,2,0,0,42
2009649,1584177,2025-06-02,Senate,"Senate Final Passage",21,0,0,0,21
2009650,1580714,2025-05-28,Assembly,"Assembly Final Passage",42,0,0,0,42
2009650,1584637,2025-06-02,Senate,"Senate Final Passage",20,1,0,0,21
2009654,1582250,2025-05-30,Assembly,"Assembly Final Passage",42,0,0,0,42
2009654,1583607,2025-06-02,Senate,"Senate Final Passage",20,0,0,1,21
2009655,1553995,2025-04-22,Assembly,"Assembly Final Passage",42,0,0,0,42
2009655,1577102,2025-05-23,Senate,"Senate Final Passage",21,0,0,0,21
2010904,1578694,2025-05-26,Assembly,"Assembly Final Passage",40,1,0,1,42
2010929,1579432,2025-05-27,Assembly,"Assembly Final Passage",39,3,0,0,42
2010929,1583672,2025-06-02,Senate,"Senate Final Passage",20,0,0,1,21
2010961,1550212,2025-04-16,Assembly,"Assembly Final Passage",42,0,0,0,42
2010961,1575614,2025-05-21,Senate,"Senate Final Passage",21,0,0,0,21
2010989,1581853,2025-05-29,Assembly,"Assembly Final Passage",37,4,1,0,42
2010989,1583800,2025-06-02,Senate,"Senate Final Passage",20,0,0,1,21
2011021,1554734,2025-04-22,Assembly,"Assembly Final Passage",30,12,0,0,42
2011021,1575651,2025-05-21,Senate,"Senate Final Passage",13,8,0,0,21
2011051,1554930,2025-04-22,Assembly,"Assembly Final Passage",42,0,0,0,42
2011051,1576601,2025-05-22,Senate,"Senate Final Passage",21,0,0,0,21
2011079,1580718,2025-05-28,Assembly,"Assembly Final Passage",42,0,0,0,42
2011079,1583626,2025-06-02,Senate,"Senate Final Passage",19,1,0,1,21
2011678,1550865,2025-04-16,Senate,"Senate Final Passage",21,0,0,0,21
2011678,1578477,2025-05-26,Assembly,"Assembly Final Passage",41,0,0,1,42
2011698,1550646,2025-04-16,Senate,"Senate Final Passage",13,8,0,0,21
2011698,1576990,2025-05-23,Assembly,"Assembly Final Passage",27,15,0,0,42
2011723,1556367,2025-04-22,Senate,"Senate Final Passage",15,6,0,0,21
2011723,1575619,2025-05-21,Assembly,"Assembly Final Passage",35,7,0,0,42
2011814,1550536,2025-04-16,Senate,"Senate Final Passage",21,0,0,0,21
2011814,1576687,2025-05-22,Assembly,"Assembly Final Passage",40,2,0,0,42
2011840,1553175,2025-04-21,Senate,"Senate Final Passage",21,0,0,0,21
2011840,1575015,2025-05-21,Assembly,"Assembly Final Passage",42,0,0,0,42
2011866,1554913,2025-04-22,Senate,"Senate Final Passage",21,0,0,0,21
2011866,1576732,2025-05-22,Assembly,"Assembly Final Passage",42,0,0,0,42
2011888,1550862,2025-04-16,Senate,"Senate Final Passage",21,0,0,0,21
2011888,1574996,2025-05-21,Assembly,"Assembly Final Passage",42,0,0,0,42
2011906,1550588,2025-04-16,Senate,"Senate Final Passage",17,4,0,0,21
2011906,1575616,2025-05-21,Assembly,"Assembly Final Passage",35,7,0,0,42
2011929,1579527,2025-05-27,Senate,"Senate Final Passage",12,8,0,1,21
2011929,1582797,2025-05-31,Assembly,"Assembly Final Passage",41,0,0,1,42
2011951,1554925,2025-04-22,Senate,"Senate Final Passage",21,0,0,0,21
2011951,1575049,2025-05-21,Assembly,"Assembly Final Passage",42,0,0,0,42
2011972,1554853,2025-04-22,Senate,"Senate Final Passage",21,0,0,0,21
2011972,1583699,2025-06-02,Assembly,"Assembly Final Passage",36,6,0,0,42
2013136,1553950,2025-04-22,Assembly,"Assembly Final Passage",42,0,0,0,42
2013136,1575540,2025-05-21,Senate,"Senate Final Passage",20,1,0,0,21
2013141,1551519,2025-04-17,Assembly,"Assembly Final Passage",42,0,0,0,42
2013141,1573800,2025-05-19,Senate,"Senate Final Passage",20,0,0,1,21
2013147,1580715,2025-05-28,Assembly,"Assembly Final Passage",29,13,0,0,42
2013147,1583907,2025-06-02,Senate,"Senate Final Passage",14,6,0,1,21
2013152,1554370,2025-04-22,Assembly,"Assembly Final Passage",42,0,0,0,42
2013158,1553188,2025-04-21,Assembly,"Assembly Final Passage",41,0,0,1,42
2013158,1576704,2025-05-22,Senate,"Senate Final Passage",21,0,0,0,21
2013175,1582276,2025-05-30,Assembly,"Assembly Final Passage",25,17,0,0,42
2013175,1583006,2025-06-01,Assembly,"Assembly Final Passage",20,22,0,0,42
2013183,1582459,2025-05-31,Senate,"Senate Final Passage",19,0,0,2,21
2013183,1583143,2025-06-02,Assembly,"Assembly Final Passage",42,0,0,0,42
2013185,1554596,2025-04-22,Assembly,"Assembly Final Passage",41,1,0,0,42
2013185,1576707,2025-05-21,Senate,"Senate Final Passage",21,0,0,0,21
2013196,1582883,2025-05-31,Assembly,"Assembly Final Passage",25,13,0,4,42
2013196,1583608,2025-06-02,Senate,"Senate Final Passage",15,5,0,1,21
2013203,1554018,2025-04-22,Assembly,"Assembly Final Passage",27,15,0,0,42
2013203,1576931,2025-05-23,Senate,"Senate Final Passage",14,7,0,0,21
2013209,1550870,2025-04-16,Senate,"Senate Final Passage",21,0,0,0,21
2013209,1575040,2025-05-21,Assembly,"Assembly Final Passage",42,0,0,0,42
2013215,1554031,2025-04-22,Assembly,"Assembly Final Passage",42,0,0,0,42
2013215,1575553,2025-05-21,Senate,"Senate Final Passage",21,0,0,0,21
2013222,1578482,2025-05-26,Senate,"Senate Final Passage",13,7,0,1,21
2013222,1583777,2025-06-02,Assembly,"Assembly Final Passage",27,15,0,0,42
2013229,1550750,2025-04-16,Assembly,"Assembly Final Passage",42,0,0,0,42
2013229,1575708,2025-05-21,Senate,"Senate Final Passage",17,4,0,0,21
2013239,1575526,2025-05-21,Senate,"Senate Final Passage",21,0,0,0,21
2013239,1580671,2025-05-28,Assembly,"Assembly Final Passage",42,0,0,0,42
2013243,1550906,2025-04-16,Assembly,"Assembly Final Passage",27,15,0,0,42
2013250,1547748,2025-04-14,Assembly,"Assembly Final Passage",42,0,0,0,42
2013250,1573818,2025-05-19,Senate,"Senate Final Passage",20,0,0,1,21
2013259,1554937,2025-04-22,Senate,"Senate Final Passage",14,7,0,0,21
2013259,1574999,2025-05-21,Assembly,"Assembly Final Passage",42,0,0,0,42
2013271,1553927,2025-04-22,Assembly,"Assembly Final Passage",30,12,0,0,42
2013271,1583874,2025-06-02,Senate,"Senate Final Passage",16,5,0,0,21
2013282,1551556,2025-04-17,Assembly,"Assembly Final Passage",39,3,0,0,42
2013282,1569454,2025-05-12,Senate,"Senate Final Passage",14,6,0,1,21
2013296,1550767,2025-04-16,Senate,"Senate Final Passage",19,2,0,0,21
2013296,1575254,2025-05-21,Assembly,"Assembly Final Passage",42,0,0,0,42
2013301,1553029,2025-04-21,Assembly,"Assembly Final Passage",41,0,0,1,42
2013301,1576597,2025-05-22,Senate,"Senate Final Passage",18,3,0,0,21
2013312,1554418,2025-04-22,Assembly,"Assembly Final Passage",42,0,0,0,42
2013312,1576736,2025-05-22,Senate,"Senate Final Passage",21,0,0,0,21
2013317,1554255,2025-04-22,Assembly,"Assembly Final Passage",39,3,0,0,42
2013317,1577969,2025-05-23,Senate,"Senate Final Passage",15,5,0,1,21
2013324,1582340,2025-05-30,Assembly,"Assembly Final Passage",42,0,0,0,42
2013324,1583596,2025-06-02,Senate,"Senate Final Passage",20,0,0,1,21
2013330,1582712,2025-05-31,Assembly,"Assembly Final Passage",38,1,0,3,42
2013330,1583595,2025-06-02,Senate,"Senate Final Passage",21,0,0,0,21
2013351,1550196,2025-04-16,Assembly,"Assembly Final Passage",42,0,0,0,42
2013351,1575573,2025-05-21,Senate,"Senate Final Passage",21,0,0,0,21
2013357,1579450,2025-05-26,Senate,"Senate Final Passage",18,2,0,1,21
2013357,1583307,2025-06-02,Assembly,"Assembly Final Passage",42,0,0,0,42
2013363,1550335,2025-04-16,Assembly,"Assembly Final Passage",42,0,0,0,42
2013363,1576615,2025-05-22,Senate,"Senate Final Passage",21,0,0,0,21
2013377,1580717,2025-05-28,Assembly,"Assembly Final Passage",42,0,0,0,42
2013377,1583119,2025-06-02,Senate,"Senate Final Passage",21,0,0,0,21
2013384,1578761,2025-05-27,Assembly,"Assembly Final Passage",42,0,0,0,42
2013384,1582350,2025-05-30,Senate,"Senate Final Passage",21,0,0,0,21
2013389,1553156,2025-04-21,Assembly,"Assembly Final Passage",26,15,0,1,42
2013389,1575643,2025-05-21,Senate,"Senate Final Passage",14,7,0,0,21
2013400,1554382,2025-04-22,Assembly,"Assembly Final Passage",42,0,0,0,42
2013410,1554911,2025-04-22,Senate,"Senate Final Passage",21,0,0,0,21
2013410,1576989,2025-05-23,Assembly,"Assembly Final Passage",40,2,0,0,42
2013428,1552805,2025-04-21,Assembly,"Assembly Final Passage",32,9,0,1,42
2013428,1576759,2025-05-22,Senate,"Senate Final Passage",17,4,0,0,21
2013434,1552601,2025-04-21,Assembly,"Assembly Final Passage",41,0,0,1,42
2013434,1573666,2025-05-19,Senate,"Senate Final Passage",20,0,0,1,21
2013454,1581573,2025-05-29,Assembly,"Assembly Final Passage",42,0,0,0,42
2013454,1583631,2025-06-02,Senate,"Senate Final Passage",19,0,1,1,21
2013471,1581977,2025-05-29,Senate,"Senate Final Passage",16,5,0,0,21
2013477,1554412,2025-04-22,Assembly,"Assembly Final Passage",42,0,0,0,42
2013477,1569630,2025-05-12,Senate,"Senate Final Passage",19,1,0,1,21
2013484,1554767,2025-04-22,Senate,"Senate Final Passage",20,1,0,0,21
2013484,1575243,2025-05-21,Assembly,"Assembly Final Passage",42,0,0,0,42
2013494,1553904,2025-04-22,Assembly,"Assembly Final Passage",42,0,0,0,42
2013494,1573766,2025-05-19,Senate,"Senate Final Passage",20,0,0,1,21
2013499,1550576,2025-04-16,Senate,"Senate Final Passage",21,0,0,0,21
2013499,1575652,2025-05-21,Assembly,"Assembly Final Passage",42,0,0,0,42
2013521,1547442,2025-04-14,Assembly,"Assembly Final Passage",42,0,0,0,42
2013521,1573795,2025-05-19,Senate,"Senate Final Passage",20,0,0,1,21
2013529,1554873,2025-04-22,Assembly,"Assembly Final Passage",42,0,0,0,42
2013529,1575753,2025-05-21,Senate,"Senate Final Passage",21,0,0,0,21
2013534,1581967,2025-05-29,Senate,"Senate Final Passage",17,4,0,0,21
2013538,1553163,2025-04-21,Assembly,"Assembly Final Passage",25,16,0,1,42
2013545,1554431,2025-04-22,Assembly,"Assembly Final Passage",42,0,0,0,42
2013545,1577080,2025-05-23,Senate,"Senate Final Passage",13,8,0,0,21
2013550,1550175,2025-04-16,Assembly,"Assembly Final Passage",42,0,0,0,42
2013550,1575709,2025-05-21,Senate,"Senate Final Passage",21,0,0,0,21
2013555,1582338,2025-05-30,Assembly,"Assembly Final Passage",42,0,0,0,42
2013555,1583356,2025-06-02,Senate,"Senate Final Passage",20,0,0,1,21
2013562,1552619,2025-04-21,Assembly,"Assembly Final Passage",26,15,0,1,42
2013562,1576711,2025-05-22,Senate,"Senate Final Passage",13,8,0,0,21
2013568,1550168,2025-04-16,Assembly,"Assembly Final Passage",41,1,0,0,42
2013568,1576742,2025-05-22,Senate,"Senate Final Passage",21,0,0,0,21
2013571,1578452,2025-05-26,Senate,"Senate Final Passage",16,4,0,1,21
2013571,1582608,2025-05-31,Assembly,"Assembly Final Passage",38,3,0,1,42
2013577,1554400,2025-04-22,Assembly,"Assembly Final Passage",41,1,0,0,42
2013577,1576986,2025-05-23,Senate,"Senate Final Passage",21,0,0,0,21
2013583,1578348,2025-05-26,Assembly,"Assembly Final Passage",39,2,0,1,42
2013583,1582330,2025-05-30,Senate,"Senate Final Passage",21,0,0,0,21
2013588,1554956,2025-04-22,Senate,"Senate Final Passage",21,0,0,0,21
2013588,1586901,2025-05-23,Assembly,"Assembly Final Passage",42,0,0,0,42
2013599,1582510,2025-05-31,Assembly,"Assembly Final Passage",25,15,0,2,42
2013599,1583674,2025-06-02,Senate,"Senate Final Passage",13,8,0,0,21
2013748,1551466,2025-04-17,Senate,"Senate Final Passage",11,10,0,0,21
2013749,1554951,2025-04-22,Senate,"Senate Final Passage",13,8,0,0,21
2013749,1576988,2025-05-23,Assembly,"Assembly Final Passage",27,15,0,0,42
2013750,1550770,2025-04-16,Senate,"Senate Final Passage",21,0,0,0,21
2013750,1575554,2025-05-21,Assembly,"Assembly Final Passage",42,0,0,0,42
2013753,1552962,2025-04-21,Senate,"Senate Final Passage",16,5,0,0,21
2013753,1576967,2025-05-23,Assembly,"Assembly Final Passage",27,15,0,0,42
2013754,1553174,2025-04-21,Senate,"Senate Final Passage",17,4,0,0,21
2013754,1583877,2025-06-02,Assembly,"Assembly Final Passage",28,14,0,0,42
2013755,1553159,2025-04-21,Senate,"Senate Final Passage",20,1,0,0,21
2013755,1575001,2025-05-21,Assembly,"Assembly Final Passage",42,0,0,0,42
2014205,1580373,2025-05-28,Assembly,"Assembly Final Passage",42,0,0,0,42
2014205,1583679,2025-06-02,Senate,"Senate Final Passage",15,6,0,0,21
2017126,1578385,2025-05-26,Assembly,"Assembly Final Passage",33,8,0,1,42
2017126,1582334,2025-05-30,Senate,"Senate Final Passage",16,5,0,0,21
2017187,1549864,2025-04-16,Senate,"Senate Final Passage",17,4,0,0,21
2017187,1572916,2025-05-16,Assembly,"Assembly Final Passage",41,1,0,0,42
2017252,1578500,2025-05-26,Assembly,"Assembly Final Passage",41,0,0,1,42
2017252,1582355,2025-05-30,Senate,"Senate Final Passage",21,0,0,0,21
2017316,1578879,2025-05-27,Assembly,"Assembly Final Passage",42,0,0,0,42
2017316,1581792,2025-05-29,Senate,"Senate Final Passage",20,0,0,1,21
2017382,1580643,2025-05-28,Assembly,"Assembly Final Passage",42,0,0,0,42
2017382,1583355,2025-06-02,Senate,"Senate Final Passage",21,0,0,0,21
2017502,1582275,2025-05-30,Assembly,"Assembly Final Passage",42,0,0,0,42
2017502,1583324,2025-06-02,Senate,"Senate Final Passage",21,0,0,0,21
2018043,1575588,2025-05-21,Senate,"Senate Final Passage",21,0,0,0,21
2018043,1583176,2025-06-02,Assembly,"Assembly Final Passage",42,0,0,0,42
2018128,1575591,2025-05-21,Senate,"Senate Final Passage",21,0,0,0,21
2018128,1582776,2025-05-31,Assembly,"Assembly Final Passage",41,0,0,1,42
2018214,1568292,2025-05-08,Senate,"Senate Final Passage",21,0,0,0,21
2018214,1579516,2025-05-27,Assembly,"Assembly Final Passage",42,0,0,0,42
2018296,1575592,2025-05-21,Senate,"Senate Final Passage",21,0,0,0,21
2018296,1582843,2025-05-31,Assembly,"Assembly Final Passage",41,0,0,1,42
2018379,1575745,2025-05-21,Senate,"Senate Final Passage",21,0,0,0,21
2021085,1578369,2025-05-26,Assembly,"Assembly Final Passage",33,8,0,1,42
2021134,1583265,2025-06-02,Senate,"Senate Final Passage",20,1,0,0,21
2021134,1583689,2025-06-02,Assembly,"Assembly Final Passage",36,6,0,0,42
2021186,1550867,2025-04-16,Senate,"Senate Final Passage",13,8,0,0,21
2021186,1563496,2025-05-01,Assembly,"Assembly Final Passage",28,14,0,0,42
2021231,1552293,2025-04-18,Assembly,"Assembly Final Passage",39,0,0,3,42
2021231,1575712,2025-05-21,Senate,"Senate Final Passage",21,0,0,0,21
2026237,1575726,2025-05-21,Senate,"Senate Final Passage",21,0,0,0,21
2026237,1578344,2025-05-26,Assembly,"Assembly Final Passage",41,0,0,1,42
2027178,1582983,2025-06-01,Senate,"Senate Final Passage",21,0,0,0,21
2027178,1583675,2025-06-02,Assembly,"Assembly Final Passage",38,4,0,0,42
2028456,1582222,2025-05-30,Senate,"Senate Final Passage",21,0,0,0,21
2028456,1583217,2025-06-02,Assembly,"Assembly Final Passage",42,0,0,0,42
2028472,1578465,2025-05-26,Assembly,"Assembly Final Passage",40,1,0,1,42
2028472,1581639,2025-05-29,Senate,"Senate Final Passage",20,0,0,1,21
2028493,1578956,2025-05-27,Assembly,"Assembly Final Passage",42,0,0,0,42
2028493,1582262,2025-05-30,Senate,"Senate Final Passage",17,4,0,0,21
2028506,1576599,2025-05-21,Senate,"Senate Final Passage",21,0,0,0,21
2028506,1582894,2025-05-31,Assembly,"Assembly Final Passage",41,0,0,1,42
2028539,1578386,2025-05-26,Assembly,"Assembly Final Passage",40,1,0,1,42
2028539,1583977,2025-06-02,Senate,"Senate Final Passage",21,0,0,0,21
2028554,1573663,2025-05-19,Assembly,"Assembly Final Passage",42,0,0,0,42
2028554,1580700,2025-05-28,Senate,"Senate Final Passage",19,0,0,2,21
2028587,1575599,2025-05-21,Senate,"Senate Final Passage",21,0,0,0,21
2028587,1580699,2025-05-28,Assembly,"Assembly Final Passage",42,0,0,0,42
2029661,1578884,2025-05-27,Assembly,"Assembly Final Passage",42,0,0,0,42
2029661,1581933,2025-05-29,Senate,"Senate Final Passage",20,0,0,1,21
2029700,1577048,2025-05-23,Assembly,"Assembly Final Passage",42,0,0,0,42
2029700,1581604,2025-05-29,Senate,"Senate Final Passage",18,2,0,1,21
2031236,1578869,2025-05-27,Assembly,"Assembly Final Passage",42,0,0,0,42
2031236,1581932,2025-05-29,Senate,"Senate Final Passage",20,0,0,1,21
2031241,1579443,2025-05-27,Assembly,"Assembly Final Passage",42,0,0,0,42
2031241,1581876,2025-05-29,Senate,"Senate Final Passage",20,0,0,1,21
2031244,1578870,2025-05-27,Assembly,"Assembly Final Passage",42,0,0,0,42
2031244,1581836,2025-05-29,Senate,"Senate Final Passage",20,0,0,1,21
2031247,1582597,2025-05-31,Assembly,"Assembly Final Passage",37,2,0,3,42
2031247,1583098,2025-06-02,Senate,"Senate Final Passage",21,0,0,0,21
2031253,1578874,2025-05-27,Assembly,"Assembly Final Passage",42,0,0,0,42
2031253,1583187,2025-06-02,Senate,"Senate Final Passage",21,0,0,0,21
2031259,1578964,2025-05-27,Assembly,"Assembly Final Passage",42,0,0,0,42
2031259,1581867,2025-05-29,Senate,"Senate Final Passage",20,0,0,1,21
2031263,1578868,2025-05-27,Assembly,"Assembly Final Passage",42,0,0,0,42
2031263,1581934,2025-05-29,Senate,"Senate Final Passage",20,0,0,1,21
2031269,1578968,2025-05-27,Assembly,"Assembly Final Passage",42,0,0,0,42
2031269,1581937,2025-05-29,Senate,"Senate Final Passage",20,0,0,1,21
2031271,1578856,2025-05-27,Assembly,"Assembly Final Passage",42,0,0,0,42
2031271,1581794,2025-05-29,Senate,"Senate Final Passage",20,0,0,1,21
2031282,1582899,2025-05-31,Assembly,"Assembly Final Passage",23,16,0,3,42
2031282,1583241,2025-06-02,Senate,"Senate Final Passage",17,4,0,0,21
2031291,1578819,2025-05-27,Assembly,"Assembly Final Passage",42,0,0,0,42
2031291,1582312,2025-05-30,Senate,"Senate Final Passage",21,0,0,0,21
2031294,1579463,2025-05-27,Assembly,"Assembly Final Passage",41,1,0,0,42
2031294,1581740,2025-05-29,Senate,"Senate Final Passage",20,0,0,1,21
2031308,1578834,2025-05-27,Assembly,"Assembly Final Passage",42,0,0,0,42
2031308,1582326,2025-05-30,Senate,"Senate Final Passage",21,0,0,0,21
2031311,1580713,2025-05-28,Assembly,"Assembly Final Passage",42,0,0,0,42
2031311,1583140,2025-06-02,Senate,"Senate Final Passage",21,0,0,0,21
2031317,1578862,2025-05-27,Assembly,"Assembly Final Passage",42,0,0,0,42
2031317,1581772,2025-05-29,Senate,"Senate Final Passage",20,0,0,1,21
2031319,1579485,2025-05-27,Assembly,"Assembly Final Passage",42,0,0,0,42
2031319,1582324,2025-05-30,Senate,"Senate Final Passage",21,0,0,0,21
2031328,1578771,2025-05-27,Assembly,"Assembly Final Passage",42,0,0,0,42
2031328,1583349,2025-06-02,Senate,"Senate Final Passage",21,0,0,0,21
2031329,1575995,2025-05-22,Assembly,"Assembly Final Passage",42,0,0,0,42
2031329,1583890,2025-06-02,Senate,"Senate Final Passage",21,0,0,0,21
2031333,1577046,2025-05-23,Assembly,"Assembly Final Passage",42,0,0,0,42
2031333,1582339,2025-05-30,Senate,"Senate Final Passage",21,0,0,0,21
2031338,1578886,2025-05-27,Assembly,"Assembly Final Passage",42,0,0,0,42
2031338,1583102,2025-06-02,Senate,"Senate Final Passage",21,0,0,0,21
2031341,1575921,2025-05-22,Assembly,"Assembly Final Passage",42,0,0,0,42
2031341,1578334,2025-05-26,Senate,"Senate Final Passage",20,0,0,1,21
2031346,1578797,2025-05-27,Assembly,"Assembly Final Passage",42,0,0,0,42
2031346,1583111,2025-06-02,Senate,"Senate Final Passage",21,0,0,0,21
2031351,1575333,2025-05-21,Assembly,"Assembly Final Passage",42,0,0,0,42
2031351,1577074,2025-05-23,Senate,"Senate Final Passage",21,0,0,0,21
2031351,1578003,2025-05-23,Senate,"Senate Final Passage",20,0,0,1,21
2031354,1576021,2025-05-22,Assembly,"Assembly Final Passage",42,0,0,0,42
2031354,1578294,2025-05-26,Senate,"Senate Final Passage",20,0,0,1,21
2031357,1578885,2025-05-27,Assembly,"Assembly Final Passage",42,0,0,0,42
2031357,1581952,2025-05-29,Senate,"Senate Final Passage",20,0,0,1,21
2031361,1578952,2025-05-27,Assembly,"Assembly Final Passage",42,0,0,0,42
2031361,1581935,2025-05-29,Senate,"Senate Final Passage",20,0,0,1,21
2031364,1579116,2025-05-27,Assembly,"Assembly Final Passage",42,0,0,0,42
2031364,1581846,2025-05-29,Senate,"Senate Final Passage",20,0,0,1,21
2031549,1578804,2025-05-27,Senate,"Senate Final Passage",21,0,0,0,21
2031549,1583316,2025-06-02,Assembly,"Assembly Final Passage",42,0,0,0,42
2031557,1578845,2025-05-27,Senate,"Senate Final Passage",21,0,0,0,21
2031557,1583322,2025-06-02,Assembly,"Assembly Final Passage",42,0,0,0,42
2031563,1576270,2025-05-22,Senate,"Senate Final Passage",21,0,0,0,21
2031563,1582902,2025-05-31,Assembly,"Assembly Final Passage",41,0,0,1,42
2031571,1582904,2025-05-30,Senate,"Senate Final Passage",21,0,0,0,21
2031571,1583124,2025-06-02,Assembly,"Assembly Final Passage",40,2,0,0,42
2031584,1581920,2025-05-29,Senate,"Senate Final Passage",20,0,0,1,21
2031584,1583308,2025-06-02,Assembly,"Assembly Final Passage",39,3,0,0,42
2031592,1576237,2025-05-22,Senate,"Senate Final Passage",21,0,0,0,21
2031592,1582999,2025-05-31,Assembly,"Assembly Final Passage",41,0,0,1,42
2031595,1582300,2025-05-30,Senate,"Senate Final Passage",21,0,0,0,21
2031595,1583014,2025-06-01,Assembly,"Assembly Final Passage",42,0,0,0,42
2031601,1583647,2025-06-02,Senate,"Senate Final Passage",13,8,0,0,21
2031608,1576682,2025-05-22,Senate,"Senate Final Passage",21,0,0,0,21
2031608,1582641,2025-05-31,Assembly,"Assembly Final Passage",41,0,0,1,42
2031615,1576053,2025-05-22,Senate,"Senate Final Passage",21,0,0,0,21
2031615,1582873,2025-05-31,Assembly,"Assembly Final Passage",41,0,0,1,42
2031622,1581454,2025-05-29,Senate,"Senate Final Passage",20,0,0,1,21
2031622,1583239,2025-06-02,Assembly,"Assembly Final Passage",42,0,0,0,42
2031631,1579336,2025-05-27,Senate,"Senate Final Passage",21,0,0,0,21
2031631,1584835,2025-06-02,Assembly,"Assembly Final Passage",42,0,0,0,42
2031645,1576070,2025-05-22,Senate,"Senate Final Passage",21,0,0,0,21
2031645,1582872,2025-05-31,Assembly,"Assembly Final Passage",41,0,0,1,42
2031653,1576727,2025-05-22,Senate,"Senate Final Passage",21,0,0,0,21
2031653,1582671,2025-05-31,Assembly,"Assembly Final Passage",41,0,0,1,42
2031657,1576721,2025-05-22,Senate,"Senate Final Passage",21,0,0,0,21
2031657,1582898,2025-05-31,Assembly,"Assembly Final Passage",41,0,0,1,42
2031664,1578828,2025-05-27,Senate,"Senate Final Passage",21,0,0,0,21
2031664,1582822,2025-05-31,Assembly,"Assembly Final Passage",41,0,0,1,42
2031673,1576240,2025-05-22,Senate,"Senate Final Passage",21,0,0,0,21
2031673,1582832,2025-05-31,Assembly,"Assembly Final Passage",41,0,0,1,42
2031677,1576709,2025-05-22,Senate,"Senate Final Passage",13,8,0,0,21
2031677,1582900,2025-05-31,Assembly,"Assembly Final Passage",36,5,0,1,42
2031683,1576245,2025-05-22,Senate,"Senate Final Passage",21,0,0,0,21
2031683,1582742,2025-05-31,Assembly,"Assembly Final Passage",41,0,0,1,42
2031692,1576248,2025-05-22,Senate,"Senate Final Passage",21,0,0,0,21
2031692,1583767,2025-06-02,Assembly,"Assembly Final Passage",42,0,0,0,42
2031699,1576236,2025-05-22,Senate,"Senate Final Passage",21,0,0,0,21
2031699,1582755,2025-05-31,Assembly,"Assembly Final Passage",41,0,0,1,42
2031704,1578769,2025-05-27,Senate,"Senate Final Passage",21,0,0,0,21
2031704,1582651,2025-05-31,Assembly,"Assembly Final Passage",41,0,0,1,42
2031710,1576409,2025-05-21,Assembly,"Assembly Final Passage",41,0,1,0,42
2031710,1578349,2025-05-26,Senate,"Senate Final Passage",20,0,0,1,21
2031720,1578867,2025-05-27,Senate,"Senate Final Passage",21,0,0,0,21
2031720,1583326,2025-06-02,Assembly,"Assembly Final Passage",42,0,0,0,42
2031727,1576221,2025-05-22,Senate,"Senate Final Passage",21,0,0,0,21
2031727,1582912,2025-05-31,Assembly,"Assembly Final Passage",41,0,0,1,42
2031734,1576959,2025-05-23,Senate,"Senate Final Passage",21,0,0,0,21
2031734,1582771,2025-05-31,Assembly,"Assembly Final Passage",41,0,0,1,42
2031741,1578878,2025-05-27,Senate,"Senate Final Passage",21,0,0,0,21
2031741,1583281,2025-06-02,Assembly,"Assembly Final Passage",42,0,0,0,42
2031747,1576686,2025-05-22,Senate,"Senate Final Passage",21,0,0,0,21
2031747,1582662,2025-05-31,Assembly,"Assembly Final Passage",41,0,0,1,42
2031754,1578883,2025-05-27,Senate,"Senate Final Passage",21,0,0,0,21
2031754,1584571,2025-06-02,Assembly,"Assembly Final Passage",42,0,0,0,42
2032397,1578880,2025-05-27,Assembly,"Assembly Final Passage",42,0,0,0,42
2032397,1581931,2025-05-29,Senate,"Senate Final Passage",20,0,0,1,21
2032403,1576234,2025-05-22,Senate,"Senate Final Passage",21,0,0,0,21
2032403,1582847,2025-05-31,Assembly,"Assembly Final Passage",41,0,0,1,42
2032414,1576699,2025-05-22,Senate,"Senate Final Passage",21,0,0,0,21
2032414,1582816,2025-05-31,Assembly,"Assembly Final Passage",41,0,0,1,42
2032423,1578347,2025-05-26,Assembly,"Assembly Final Passage",27,14,0,1,42
2032423,1581651,2025-05-29,Senate,"Senate Final Passage",13,7,0,1,21
2032444,1578333,2025-05-26,Assembly,"Assembly Final Passage",28,13,0,1,42
2032444,1580672,2025-05-28,Senate,"Senate Final Passage",11,8,0,2,21
2032454,1576877,2025-05-23,Senate,"Senate Final Passage",21,0,0,0,21
2032454,1582700,2025-05-31,Assembly,"Assembly Final Passage",41,0,0,1,42
2032531,1575073,2025-05-21,Assembly,"Assembly Final Passage",42,0,0,0,42
2032531,1577062,2025-05-23,Senate,"Senate Final Passage",21,0,0,0,21
2032531,1577996,2025-05-23,Senate,"Senate Final Passage",20,0,0,1,21
2032532,1575114,2025-05-21,Assembly,"Assembly Final Passage",42,0,0,0,42
2032532,1577017,2025-05-23,Senate,"Senate Final Passage",21,0,0,0,21
2032532,1577989,2025-05-23,Senate,"Senate Final Passage",20,0,0,1,21
2032539,1575057,2025-05-21,Senate,"Senate Final Passage",13,8,0,0,21
2032539,1577971,2025-05-23,Assembly,"Assembly Final Passage",42,0,0,0,42
2032540,1575329,2025-05-21,Senate,"Senate Final Passage",17,4,0,0,21
2032540,1583010,2025-06-01,Assembly,"Assembly Final Passage",38,4,0,0,42
2032541,1575326,2025-05-21,Senate,"Senate Final Passage",21,0,0,0,21
2032541,1577355,2025-05-23,Assembly,"Assembly Final Passage",41,0,1,0,42
2033002,1580705,2025-05-28,Assembly,"Assembly Final Passage",36,6,0,0,42
2033002,1583872,2025-06-02,Senate,"Senate Final Passage",21,0,0,0,21
2033047,1579592,2025-05-27,Assembly,"Assembly Final Passage",42,0,0,0,42
2033047,1582291,2025-05-30,Senate,"Senate Final Passage",21,0,0,0,21
2033100,1581554,2025-05-29,Senate,"Senate Final Passage",20,0,0,1,21
2033100,1583270,2025-06-02,Assembly,"Assembly Final Passage",42,0,0,0,42
2033732,1582281,2025-05-30,Assembly,"Assembly Final Passage",42,0,0,0,42
2033732,1583331,2025-06-02,Senate,"Senate Final Passage",21,0,0,0,21
2033807,1582251,2025-05-30,Assembly,"Assembly Final Passage",27,15,0,0,42
2033807,1583696,2025-06-02,Senate,"Senate Final Passage",12,9,0,0,21
2033821,1582285,2025-05-30,Assembly,"Assembly Final Passage",42,0,0,0,42
2033821,1583709,2025-06-02,Senate,"Senate Final Passage",21,0,0,0,21
2033824,1581888,2025-05-29,Senate,"Senate Final Passage",20,0,0,1,21
2033824,1582765,2025-05-31,Assembly,"Assembly Final Passage",41,0,0,1,42
2033914,1581063,2025-05-29,Assembly,"Assembly Final Passage",42,0,0,0,42
2033914,1585638,2025-06-02,Senate,"Senate Final Passage",21,0,0,0,21
2033982,1582305,2025-05-30,Assembly,"Assembly Final Passage",42,0,0,0,42
2033982,1583967,2025-06-02,Senate,"Senate Final Passage",21,0,0,0,21
2034336,1582451,2025-05-31,Senate,"Senate Final Passage",19,0,0,2,21
2035192,1583646,2025-06-02,Senate,"Senate Final Passage",13,8,0,0,21
