roll_call_id,people_id,vote,vote_desc
1587402,6301,1,Yea
1587402,6306,1,Yea
1587402,6384,1,Yea
1587402,6387,2,Nay
1587402,6403,2,Nay
1587402,6408,1,Yea
1587402,6430,1,Yea
1587402,6436,1,Yea
1587402,6439,1,Yea
1587402,6444,1,Yea
1587402,6447,1,Yea
1587402,6458,2,Nay
1587402,6483,1,Yea
1587402,10522,2,Nay
1587402,10866,1,Yea
1587402,10869,2,Nay
1587402,10870,2,Nay
1587402,10874,2,Nay
1587402,14838,2,Nay
1587402,15070,1,Yea
1587402,15072,2,Nay
1587402,15367,2,Nay
1587402,15369,1,Yea
1587402,15371,2,Nay
1587402,15436,1,Yea
1587402,16555,2,Nay
1587402,16700,2,Nay
1587402,18340,1,Yea
1587402,18341,2,Nay
1587402,18343,1,Yea
1587402,18345,1,Yea
1587402,18346,2,Nay
1587402,18347,2,Nay
1587402,18349,2,Nay
1587402,18351,2,Nay
1587402,18352,2,Nay
1587402,18397,1,Yea
1587402,18399,1,Yea
1587402,18507,2,Nay
1587402,19400,2,Nay
1587402,20454,1,Yea
1587402,20466,1,Yea
1587402,22140,1,Yea
1587402,22141,2,Nay
1587402,22209,2,Nay
1587402,22210,1,Yea
1587402,22211,1,Yea
1587402,22442,2,Nay
1587402,22443,1,Yea
1587402,22444,1,Yea
1587402,22445,1,Yea
1587402,22653,2,Nay
1587402,23575,1,Yea
1587402,23576,1,Yea
1587402,23577,1,Yea
1587402,23578,1,Yea
1587402,23579,1,Yea
1587402,23580,1,Yea
1587402,23581,1,Yea
1587402,23582,1,Yea
1587402,23660,2,Nay
1587402,23669,1,Yea
1587402,23755,2,Nay
1587402,23756,2,Nay
1587402,23808,2,Nay
1587402,26404,1,Yea
1587402,26466,1,Yea
1587403,6301,1,Yea
1587403,6306,1,Yea
1587403,6384,1,Yea
1587403,6387,2,Nay
1587403,6403,2,Nay
1587403,6408,1,Yea
1587403,6430,1,Yea
1587403,6436,1,Yea
1587403,6439,1,Yea
1587403,6444,1,Yea
1587403,6447,1,Yea
1587403,6458,1,Yea
1587403,6483,1,Yea
1587403,10522,2,Nay
1587403,10866,2,Nay
1587403,10869,1,Yea
1587403,10870,1,Yea
1587403,10874,1,Yea
1587403,14838,2,Nay
1587403,15070,1,Yea
1587403,15072,2,Nay
1587403,15367,2,Nay
1587403,15369,1,Yea
1587403,15371,1,Yea
1587403,15436,1,Yea
1587403,16555,2,Nay
1587403,16700,2,Nay
1587403,18340,1,Yea
1587403,18341,2,Nay
1587403,18343,1,Yea
1587403,18345,1,Yea
1587403,18346,2,Nay
1587403,18347,2,Nay
1587403,18349,1,Yea
1587403,18351,2,Nay
1587403,18352,1,Yea
1587403,18397,1,Yea
1587403,18399,1,Yea
1587403,18507,2,Nay
1587403,19400,1,Yea
1587403,20454,1,Yea
1587403,20466,1,Yea
1587403,22140,1,Yea
1587403,22141,1,Yea
1587403,22209,2,Nay
1587403,22210,1,Yea
1587403,22211,1,Yea
1587403,22442,2,Nay
1587403,22443,1,Yea
1587403,22444,1,Yea
1587403,22445,1,Yea
1587403,22653,1,Yea
1587403,23575,1,Yea
1587403,23576,1,Yea
1587403,23577,1,Yea
1587403,23578,1,Yea
1587403,23579,1,Yea
1587403,23580,1,Yea
1587403,23581,1,Yea
1587403,23582,1,Yea
1587403,23660,1,Yea
1587403,23669,1,Yea
1587403,23755,2,Nay
1587403,23756,2,Nay
1587403,23808,2,Nay
1587403,26404,1,Yea
1587403,26466,1,Yea
1588506,6307,2,Nay
1588506,6321,2,Nay
1588506,6344,2,Nay
1588506,6367,2,Nay
1588506,6374,2,Nay
1588506,6381,1,Yea
1588506,6392,2,Nay
1588506,6407,1,Yea
1588506,10511,2,Nay
1588506,10515,2,Nay
1588506,10520,2,Nay
1588506,10524,2,Nay
1588506,10860,1,Yea
1588506,10861,2,Nay
1588506,14366,2,Nay
1588506,14839,1,Yea
1588506,15471,1,Yea
1588506,16544,1,Yea
1588506,16545,2,Nay
1588506,16546,1,Yea
1588506,16548,2,Nay
1588506,16550,2,Nay
1588506,16553,1,Yea
1588506,16705,2,Nay
1588506,17034,2,Nay
1588506,18398,2,Nay
1588506,18510,2,Nay
1588506,18560,1,Yea
1588506,18564,1,Yea
1588506,20437,2,Nay
1588506,20438,2,Nay
1588506,20443,2,Nay
1588506,20444,2,Nay
1588506,20446,2,Nay
1588506,20447,2,Nay
1588506,20448,2,Nay
1588506,20449,2,Nay
1588506,20450,2,Nay
1588506,20453,2,Nay
1588506,20455,2,Nay
1588506,20457,2,Nay
1588506,20460,2,Nay
1588506,20461,2,Nay
1588506,20462,2,Nay
1588506,20464,2,Nay
1588506,20465,2,Nay
1588506,20621,2,Nay
1588506,20623,1,Yea
1588506,20897,2,Nay
1588506,21063,1,Yea
1588506,21346,1,Yea
1588506,21605,2,Nay
1588506,21606,2,Nay
1588506,22139,2,Nay
1588506,22142,2,Nay
1588506,22143,2,Nay
1588506,22144,2,Nay
1588506,22267,2,Nay
1588506,22268,2,Nay
1588506,22269,2,Nay
1588506,22270,2,Nay
1588506,22272,2,Nay
1588506,22498,1,Yea
1588506,22499,2,Nay
1588506,22575,2,Nay
1588506,22651,2,Nay
1588506,23654,2,Nay
1588506,23655,2,Nay
1588506,23656,2,Nay
1588506,23657,2,Nay
1588506,23658,2,Nay
1588506,23659,1,Yea
1588506,23661,2,Nay
1588506,23662,2,Nay
1588506,23663,2,Nay
1588506,23664,2,Nay
1588506,23665,2,Nay
1588506,23666,2,Nay
1588506,23667,2,Nay
1588506,23668,2,Nay
1588506,23670,2,Nay
1588506,23671,2,Nay
1588506,23672,2,Nay
1588506,23673,2,Nay
1588506,23674,2,Nay
1588506,23675,2,Nay
1588506,23676,2,Nay
1588506,23677,1,Yea
1588506,23678,1,Yea
1588506,23679,1,Yea
1588506,23681,1,Yea
1588506,23682,1,Yea
1588506,23686,1,Yea
1588506,23742,1,Yea
1588506,23858,1,Yea
1588506,23860,1,Yea
1588506,23861,1,Yea
1588506,23862,2,Nay
1588506,23863,2,Nay
1588506,23864,1,Yea
1588506,23865,2,Nay
1588506,23892,1,Yea
1588506,23893,1,Yea
1588506,24680,1,Yea
1588506,24681,1,Yea
1588506,25139,2,Nay
1588506,26170,1,Yea
1588506,26171,1,Yea
1588506,26172,1,Yea
1588506,26173,2,Nay
1588506,26174,2,Nay
1588506,26175,1,Yea
1588506,26176,2,Nay
1588506,26177,2,Nay
1588506,26178,2,Nay
1588506,26179,1,Yea
1588506,26180,2,Nay
1588506,26181,2,Nay
1588506,26182,2,Nay
1588506,26183,2,Nay
1588506,26184,1,Yea
1588506,26185,1,Yea
1588506,26186,1,Yea
1588506,26187,2,Nay
1588506,26188,1,Yea
1588506,26189,1,Yea
1588506,26190,1,Yea
1588506,26439,2,Nay
1588507,6307,1,Yea
1588507,6321,1,Yea
1588507,6344,1,Yea
1588507,6367,1,Yea
1588507,6374,1,Yea
1588507,6381,2,Nay
1588507,6392,1,Yea
1588507,6407,1,Yea
1588507,10511,1,Yea
1588507,10515,1,Yea
1588507,10520,1,Yea
1588507,10524,1,Yea
1588507,10860,1,Yea
1588507,10861,1,Yea
1588507,14366,1,Yea
1588507,14839,1,Yea
1588507,15471,1,Yea
1588507,16544,2,Nay
1588507,16545,1,Yea
1588507,16546,1,Yea
1588507,16548,1,Yea
1588507,16550,1,Yea
1588507,16553,1,Yea
1588507,16705,1,Yea
1588507,17034,1,Yea
1588507,18398,1,Yea
1588507,18510,1,Yea
1588507,18560,2,Nay
1588507,18564,1,Yea
1588507,20437,1,Yea
1588507,20438,1,Yea
1588507,20443,1,Yea
1588507,20444,1,Yea
1588507,20446,1,Yea
1588507,20447,1,Yea
1588507,20448,1,Yea
1588507,20449,1,Yea
1588507,20450,1,Yea
1588507,20453,1,Yea
1588507,20455,1,Yea
1588507,20457,1,Yea
1588507,20460,1,Yea
1588507,20461,1,Yea
1588507,20462,1,Yea
1588507,20464,1,Yea
1588507,20465,1,Yea
1588507,20621,1,Yea
1588507,20623,2,Nay
1588507,20897,1,Yea
1588507,21063,1,Yea
1588507,21346,1,Yea
1588507,21605,1,Yea
1588507,21606,1,Yea
1588507,22139,1,Yea
1588507,22143,1,Yea
1588507,22144,1,Yea
1588507,22267,1,Yea
1588507,22268,1,Yea
1588507,22269,1,Yea
1588507,22270,1,Yea
1588507,22272,1,Yea
1588507,22498,1,Yea
1588507,22499,1,Yea
1588507,22575,1,Yea
1588507,22651,1,Yea
1588507,23654,1,Yea
1588507,23655,1,Yea
1588507,23656,1,Yea
1588507,23657,1,Yea
1588507,23658,1,Yea
1588507,23659,2,Nay
1588507,23661,1,Yea
1588507,23662,1,Yea
1588507,23663,1,Yea
1588507,23664,1,Yea
1588507,23665,1,Yea
1588507,23666,1,Yea
1588507,23667,1,Yea
1588507,23668,1,Yea
1588507,23670,1,Yea
1588507,23671,1,Yea
1588507,23672,1,Yea
1588507,23673,1,Yea
1588507,23674,1,Yea
1588507,23675,1,Yea
1588507,23676,1,Yea
1588507,23677,2,Nay
1588507,23678,1,Yea
1588507,23679,2,Nay
1588507,23680,1,Yea
1588507,23681,1,Yea
1588507,23682,1,Yea
1588507,23686,1,Yea
1588507,23741,2,Nay
1588507,23742,2,Nay
1588507,23858,2,Nay
1588507,23860,2,Nay
1588507,23861,2,Nay
1588507,23862,1,Yea
1588507,23863,1,Yea
1588507,23864,2,Nay
1588507,23865,1,Yea
1588507,23892,2,Nay
1588507,23893,2,Nay
1588507,23894,2,Nay
1588507,24680,2,Nay
1588507,24681,2,Nay
1588507,25139,1,Yea
1588507,25190,2,Nay
1588507,26170,1,Yea
1588507,26171,2,Nay
1588507,26172,2,Nay
1588507,26173,1,Yea
1588507,26174,1,Yea
1588507,26175,2,Nay
1588507,26176,1,Yea
1588507,26177,1,Yea
1588507,26178,1,Yea
1588507,26179,2,Nay
1588507,26180,1,Yea
1588507,26181,1,Yea
1588507,26182,1,Yea
1588507,26183,1,Yea
1588507,26184,2,Nay
1588507,26185,2,Nay
1588507,26186,1,Yea
1588507,26187,1,Yea
1588507,26188,1,Yea
1588507,26189,2,Nay
1588507,26190,1,Yea
1588507,26439,1,Yea
1587237,6301,1,Yea
1587237,6306,1,Yea
1587237,6384,2,Nay
1587237,6387,2,Nay
1587237,6403,2,Nay
1587237,6408,1,Yea
1587237,6430,1,Yea
1587237,6436,1,Yea
1587237,6439,1,Yea
1587237,6444,1,Yea
1587237,6447,1,Yea
1587237,6458,2,Nay
1587237,6483,1,Yea
1587237,10522,2,Nay
1587237,10866,1,Yea
1587237,10869,2,Nay
1587237,10870,2,Nay
1587237,10874,2,Nay
1587237,14838,2,Nay
1587237,15070,2,Nay
1587237,15072,2,Nay
1587237,15367,2,Nay
1587237,15369,1,Yea
1587237,15371,2,Nay
1587237,15436,1,Yea
1587237,16555,1,Yea
1587237,16700,2,Nay
1587237,18340,1,Yea
1587237,18341,2,Nay
1587237,18343,1,Yea
1587237,18345,1,Yea
1587237,18346,2,Nay
1587237,18347,2,Nay
1587237,18349,2,Nay
1587237,18351,2,Nay
1587237,18352,2,Nay
1587237,18397,1,Yea
1587237,18399,1,Yea
1587237,18507,2,Nay
1587237,19400,2,Nay
1587237,20454,1,Yea
1587237,20466,1,Yea
1587237,22140,1,Yea
1587237,22141,2,Nay
1587237,22209,2,Nay
1587237,22210,1,Yea
1587237,22211,1,Yea
1587237,22442,2,Nay
1587237,22443,1,Yea
1587237,22444,1,Yea
1587237,22445,1,Yea
1587237,22653,2,Nay
1587237,23575,1,Yea
1587237,23576,1,Yea
1587237,23577,1,Yea
1587237,23578,1,Yea
1587237,23579,1,Yea
1587237,23580,1,Yea
1587237,23581,1,Yea
1587237,23582,1,Yea
1587237,23660,2,Nay
1587237,23669,1,Yea
1587237,23755,2,Nay
1587237,23756,2,Nay
1587237,23808,2,Nay
1587237,26404,1,Yea
1587237,26466,2,Nay
1587238,6301,1,Yea
1587238,6306,1,Yea
1587238,6384,2,Nay
1587238,6387,2,Nay
1587238,6403,2,Nay
1587238,6408,1,Yea
1587238,6430,1,Yea
1587238,6436,1,Yea
1587238,6439,1,Yea
1587238,6444,1,Yea
1587238,6447,1,Yea
1587238,6458,1,Yea
1587238,6483,1,Yea
1587238,10522,2,Nay
1587238,10866,1,Yea
1587238,10869,1,Yea
1587238,10870,1,Yea
1587238,10874,1,Yea
1587238,14838,2,Nay
1587238,15070,2,Nay
1587238,15072,2,Nay
1587238,15367,2,Nay
1587238,15369,1,Yea
1587238,15371,1,Yea
1587238,15436,1,Yea
1587238,16555,1,Yea
1587238,16700,2,Nay
1587238,18340,1,Yea
1587238,18341,2,Nay
1587238,18343,1,Yea
1587238,18345,1,Yea
1587238,18346,2,Nay
1587238,18347,2,Nay
1587238,18349,1,Yea
1587238,18351,2,Nay
1587238,18352,1,Yea
1587238,18397,1,Yea
1587238,18399,1,Yea
1587238,18507,2,Nay
1587238,19400,1,Yea
1587238,20454,1,Yea
1587238,20466,1,Yea
1587238,22140,1,Yea
1587238,22141,2,Nay
1587238,22209,2,Nay
1587238,22210,1,Yea
1587238,22211,1,Yea
1587238,22442,2,Nay
1587238,22443,1,Yea
1587238,22444,1,Yea
1587238,22445,1,Yea
1587238,22653,1,Yea
1587238,23575,1,Yea
1587238,23576,1,Yea
1587238,23577,1,Yea
1587238,23578,1,Yea
1587238,23579,1,Yea
1587238,23580,1,Yea
1587238,23581,1,Yea
1587238,23582,1,Yea
1587238,23660,1,Yea
1587238,23669,1,Yea
1587238,23755,2,Nay
1587238,23756,2,Nay
1587238,23808,2,Nay
1587238,26404,1,Yea
1587238,26466,1,Yea
1588808,6307,1,Yea
1588808,6321,1,Yea
1588808,6344,1,Yea
1588808,6367,1,Yea
1588808,6374,1,Yea
1588808,6381,2,Nay
1588808,6392,1,Yea
1588808,6407,1,Yea
1588808,10511,1,Yea
1588808,10515,1,Yea
1588808,10524,1,Yea
1588808,10860,2,Nay
1588808,10861,2,Nay
1588808,14366,1,Yea
1588808,14839,2,Nay
1588808,15471,1,Yea
1588808,16544,2,Nay
1588808,16545,2,Nay
1588808,16546,1,Yea
1588808,16548,1,Yea
1588808,16550,2,Nay
1588808,16553,1,Yea
1588808,16705,1,Yea
1588808,17034,1,Yea
1588808,18398,1,Yea
1588808,18510,1,Yea
1588808,18560,2,Nay
1588808,18564,2,Nay
1588808,20437,1,Yea
1588808,20438,1,Yea
1588808,20443,1,Yea
1588808,20444,1,Yea
1588808,20446,1,Yea
1588808,20447,1,Yea
1588808,20448,1,Yea
1588808,20449,1,Yea
1588808,20450,1,Yea
1588808,20453,1,Yea
1588808,20455,1,Yea
1588808,20457,1,Yea
1588808,20460,1,Yea
1588808,20461,1,Yea
1588808,20462,1,Yea
1588808,20464,1,Yea
1588808,20465,1,Yea
1588808,20621,1,Yea
1588808,20623,2,Nay
1588808,20897,1,Yea
1588808,21063,1,Yea
1588808,21346,2,Nay
1588808,21605,1,Yea
1588808,22139,1,Yea
1588808,22142,1,Yea
1588808,22143,1,Yea
1588808,22144,1,Yea
1588808,22145,1,Yea
1588808,22267,1,Yea
1588808,22268,1,Yea
1588808,22269,1,Yea
1588808,22270,1,Yea
1588808,22272,1,Yea
1588808,22498,2,Nay
1588808,22499,1,Yea
1588808,22575,1,Yea
1588808,22651,1,Yea
1588808,23654,1,Yea
1588808,23655,1,Yea
1588808,23656,1,Yea
1588808,23657,1,Yea
1588808,23658,1,Yea
1588808,23659,2,Nay
1588808,23661,1,Yea
1588808,23662,1,Yea
1588808,23663,1,Yea
1588808,23664,1,Yea
1588808,23665,1,Yea
1588808,23666,1,Yea
1588808,23667,1,Yea
1588808,23668,1,Yea
1588808,23670,1,Yea
1588808,23671,1,Yea
1588808,23672,1,Yea
1588808,23673,1,Yea
1588808,23674,1,Yea
1588808,23675,1,Yea
1588808,23676,2,Nay
1588808,23677,2,Nay
1588808,23678,2,Nay
1588808,23679,2,Nay
1588808,23680,1,Yea
1588808,23681,1,Yea
1588808,23682,1,Yea
1588808,23686,2,Nay
1588808,23741,2,Nay
1588808,23742,2,Nay
1588808,23858,2,Nay
1588808,23860,2,Nay
1588808,23861,2,Nay
1588808,23862,1,Yea
1588808,23863,1,Yea
1588808,23864,2,Nay
1588808,23865,1,Yea
1588808,23892,2,Nay
1588808,23893,2,Nay
1588808,23894,2,Nay
1588808,24680,2,Nay
1588808,24681,2,Nay
1588808,25139,1,Yea
1588808,25190,2,Nay
1588808,26170,1,Yea
1588808,26171,2,Nay
1588808,26172,1,Yea
1588808,26173,1,Yea
1588808,26174,2,Nay
1588808,26175,2,Nay
1588808,26176,1,Yea
1588808,26177,1,Yea
1588808,26178,1,Yea
1588808,26179,1,Yea
1588808,26180,1,Yea
1588808,26181,1,Yea
1588808,26182,1,Yea
1588808,26183,1,Yea
1588808,26184,2,Nay
1588808,26185,2,Nay
1588808,26186,1,Yea
1588808,26187,1,Yea
1588808,26188,1,Yea
1588808,26189,2,Nay
1588808,26190,1,Yea
1588808,26439,1,Yea
1587233,6301,1,Yea
1587233,6306,1,Yea
1587233,6384,2,Nay
1587233,6387,2,Nay
1587233,6403,2,Nay
1587233,6408,1,Yea
1587233,6430,1,Yea
1587233,6436,1,Yea
1587233,6439,1,Yea
1587233,6444,1,Yea
1587233,6447,1,Yea
1587233,6458,1,Yea
1587233,6483,1,Yea
1587233,10522,2,Nay
1587233,10866,1,Yea
1587233,10869,1,Yea
1587233,10870,2,Nay
1587233,10874,1,Yea
1587233,14838,2,Nay
1587233,15070,2,Nay
1587233,15072,2,Nay
1587233,15367,2,Nay
1587233,15369,1,Yea
1587233,15371,1,Yea
1587233,15436,1,Yea
1587233,16555,1,Yea
1587233,16700,2,Nay
1587233,18340,1,Yea
1587233,18341,2,Nay
1587233,18343,1,Yea
1587233,18345,1,Yea
1587233,18346,2,Nay
1587233,18347,2,Nay
1587233,18349,1,Yea
1587233,18351,2,Nay
1587233,18352,1,Yea
1587233,18397,1,Yea
1587233,18399,1,Yea
1587233,18507,2,Nay
1587233,19400,1,Yea
1587233,20454,1,Yea
1587233,20466,1,Yea
1587233,22140,1,Yea
1587233,22141,2,Nay
1587233,22209,2,Nay
1587233,22210,1,Yea
1587233,22211,1,Yea
1587233,22442,2,Nay
1587233,22443,1,Yea
1587233,22444,1,Yea
1587233,22445,1,Yea
1587233,22653,1,Yea
1587233,23575,1,Yea
1587233,23576,1,Yea
1587233,23577,1,Yea
1587233,23578,1,Yea
1587233,23579,1,Yea
1587233,23580,1,Yea
1587233,23581,1,Yea
1587233,23582,1,Yea
1587233,23660,1,Yea
1587233,23669,1,Yea
1587233,23755,2,Nay
1587233,23756,2,Nay
1587233,23808,2,Nay
1587233,26404,1,Yea
1587233,26466,1,Yea
1587234,6301,1,Yea
1587234,6306,1,Yea
1587234,6384,2,Nay
1587234,6387,2,Nay
1587234,6403,2,Nay
1587234,6408,1,Yea
1587234,6430,1,Yea
1587234,6436,1,Yea
1587234,6439,1,Yea
1587234,6444,1,Yea
1587234,6447,1,Yea
1587234,6458,1,Yea
1587234,6483,1,Yea
1587234,10522,2,Nay
1587234,10866,1,Yea
1587234,10869,1,Yea
1587234,10870,2,Nay
1587234,10874,1,Yea
1587234,14838,2,Nay
1587234,15070,2,Nay
1587234,15072,2,Nay
1587234,15367,2,Nay
1587234,15369,1,Yea
1587234,15371,1,Yea
1587234,15436,1,Yea
1587234,16555,1,Yea
1587234,16700,2,Nay
1587234,18340,1,Yea
1587234,18341,2,Nay
1587234,18343,1,Yea
1587234,18345,1,Yea
1587234,18346,2,Nay
1587234,18347,2,Nay
1587234,18349,1,Yea
1587234,18351,2,Nay
1587234,18352,1,Yea
1587234,18397,1,Yea
1587234,18399,1,Yea
1587234,18507,2,Nay
1587234,19400,1,Yea
1587234,20454,1,Yea
1587234,20466,1,Yea
1587234,22140,1,Yea
1587234,22141,2,Nay
1587234,22209,2,Nay
1587234,22210,1,Yea
1587234,22211,1,Yea
1587234,22442,2,Nay
1587234,22443,1,Yea
1587234,22444,1,Yea
1587234,22445,1,Yea
1587234,22653,1,Yea
1587234,23575,1,Yea
1587234,23576,1,Yea
1587234,23577,1,Yea
1587234,23578,1,Yea
1587234,23579,1,Yea
1587234,23580,1,Yea
1587234,23581,1,Yea
1587234,23582,1,Yea
1587234,23660,1,Yea
1587234,23669,1,Yea
1587234,23755,2,Nay
1587234,23756,2,Nay
1587234,23808,2,Nay
1587234,26404,1,Yea
1587234,26466,1,Yea
1588466,6307,1,Yea
1588466,6321,1,Yea
1588466,6344,1,Yea
1588466,6367,1,Yea
1588466,6374,1,Yea
1588466,6381,2,Nay
1588466,6392,1,Yea
1588466,6407,2,Nay
1588466,10511,2,Nay
1588466,10515,1,Yea
1588466,10524,1,Yea
1588466,10860,2,Nay
1588466,10861,2,Nay
1588466,14366,1,Yea
1588466,14839,2,Nay
1588466,15471,2,Nay
1588466,16544,2,Nay
1588466,16545,2,Nay
1588466,16546,2,Nay
1588466,16548,1,Yea
1588466,16550,1,Yea
1588466,16553,1,Yea
1588466,16705,1,Yea
1588466,17034,1,Yea
1588466,18398,1,Yea
1588466,18510,1,Yea
1588466,18560,2,Nay
1588466,18564,1,Yea
1588466,20437,1,Yea
1588466,20438,1,Yea
1588466,20443,1,Yea
1588466,20444,1,Yea
1588466,20446,1,Yea
1588466,20447,1,Yea
1588466,20448,1,Yea
1588466,20449,1,Yea
1588466,20450,1,Yea
1588466,20453,1,Yea
1588466,20455,1,Yea
1588466,20457,1,Yea
1588466,20460,1,Yea
1588466,20461,1,Yea
1588466,20462,1,Yea
1588466,20464,1,Yea
1588466,20465,1,Yea
1588466,20621,1,Yea
1588466,20623,2,Nay
1588466,20897,1,Yea
1588466,21063,2,Nay
1588466,21346,2,Nay
1588466,21605,1,Yea
1588466,21606,2,Nay
1588466,22139,1,Yea
1588466,22142,1,Yea
1588466,22143,1,Yea
1588466,22144,1,Yea
1588466,22145,1,Yea
1588466,22267,1,Yea
1588466,22268,1,Yea
1588466,22269,1,Yea
1588466,22270,1,Yea
1588466,22272,1,Yea
1588466,22498,2,Nay
1588466,22499,1,Yea
1588466,22575,2,Nay
1588466,22651,1,Yea
1588466,23654,1,Yea
1588466,23655,1,Yea
1588466,23656,1,Yea
1588466,23657,1,Yea
1588466,23658,1,Yea
1588466,23659,2,Nay
1588466,23661,1,Yea
1588466,23662,1,Yea
1588466,23663,1,Yea
1588466,23664,1,Yea
1588466,23665,1,Yea
1588466,23666,1,Yea
1588466,23667,1,Yea
1588466,23668,1,Yea
1588466,23670,1,Yea
1588466,23671,1,Yea
1588466,23672,1,Yea
1588466,23673,1,Yea
1588466,23674,1,Yea
1588466,23675,1,Yea
1588466,23676,1,Yea
1588466,23677,2,Nay
1588466,23678,1,Yea
1588466,23679,2,Nay
1588466,23680,1,Yea
1588466,23681,1,Yea
1588466,23682,1,Yea
1588466,23686,2,Nay
1588466,23741,2,Nay
1588466,23742,2,Nay
1588466,23858,2,Nay
1588466,23860,2,Nay
1588466,23861,2,Nay
1588466,23862,1,Yea
1588466,23863,1,Yea
1588466,23864,2,Nay
1588466,23865,1,Yea
1588466,23892,2,Nay
1588466,23893,2,Nay
1588466,23894,2,Nay
1588466,24680,2,Nay
1588466,24681,2,Nay
1588466,25139,1,Yea
1588466,25190,2,Nay
1588466,26170,1,Yea
1588466,26171,2,Nay
1588466,26172,2,Nay
1588466,26173,1,Yea
1588466,26174,2,Nay
1588466,26175,2,Nay
1588466,26176,1,Yea
1588466,26177,1,Yea
1588466,26178,1,Yea
1588466,26179,2,Nay
1588466,26180,1,Yea
1588466,26181,1,Yea
1588466,26182,1,Yea
1588466,26183,1,Yea
1588466,26184,2,Nay
1588466,26185,2,Nay
1588466,26186,1,Yea
1588466,26187,1,Yea
1588466,26188,2,Nay
1588466,26190,1,Yea
1588466,26439,1,Yea
1587916,6301,1,Yea
1587916,6306,1,Yea
1587916,6384,1,Yea
1587916,6387,2,Nay
1587916,6403,2,Nay
1587916,6408,1,Yea
1587916,6436,1,Yea
1587916,6439,1,Yea
1587916,6444,1,Yea
1587916,6447,1,Yea
1587916,6458,1,Yea
1587916,6483,1,Yea
1587916,10522,2,Nay
1587916,10866,1,Yea
1587916,10869,1,Yea
1587916,10870,1,Yea
1587916,10874,1,Yea
1587916,14838,1,Yea
1587916,15070,1,Yea
1587916,15072,1,Yea
1587916,15367,1,Yea
1587916,15369,1,Yea
1587916,15371,1,Yea
1587916,15436,1,Yea
1587916,16555,2,Nay
1587916,16700,2,Nay
1587916,18340,1,Yea
1587916,18341,1,Yea
1587916,18343,1,Yea
1587916,18345,1,Yea
1587916,18346,2,Nay
1587916,18347,1,Yea
1587916,18349,1,Yea
1587916,18351,2,Nay
1587916,18352,1,Yea
1587916,18397,1,Yea
1587916,18399,1,Yea
1587916,18507,1,Yea
1587916,19400,1,Yea
1587916,20454,1,Yea
1587916,20466,1,Yea
1587916,22140,1,Yea
1587916,22141,1,Yea
1587916,22209,1,Yea
1587916,22210,1,Yea
1587916,22211,1,Yea
1587916,22442,1,Yea
1587916,22443,1,Yea
1587916,22444,1,Yea
1587916,22445,1,Yea
1587916,22653,1,Yea
1587916,23575,1,Yea
1587916,23576,1,Yea
1587916,23577,1,Yea
1587916,23578,1,Yea
1587916,23579,1,Yea
1587916,23580,1,Yea
1587916,23581,1,Yea
1587916,23582,1,Yea
1587916,23660,1,Yea
1587916,23669,1,Yea
1587916,23755,2,Nay
1587916,23756,2,Nay
1587916,23808,2,Nay
1587916,26404,1,Yea
1587916,26466,1,Yea
1587917,6301,1,Yea
1587917,6306,1,Yea
1587917,6387,1,Yea
1587917,6403,1,Yea
1587917,6408,1,Yea
1587917,6430,1,Yea
1587917,6439,1,Yea
1587917,6444,1,Yea
1587917,6447,1,Yea
1587917,6458,1,Yea
1587917,6483,1,Yea
1587917,10522,1,Yea
1587917,10866,1,Yea
1587917,10869,1,Yea
1587917,10870,1,Yea
1587917,10874,1,Yea
1587917,14838,1,Yea
1587917,15070,1,Yea
1587917,15072,1,Yea
1587917,15367,1,Yea
1587917,15369,1,Yea
1587917,15371,1,Yea
1587917,15436,1,Yea
1587917,16555,1,Yea
1587917,16700,2,Nay
1587917,18340,1,Yea
1587917,18341,1,Yea
1587917,18343,1,Yea
1587917,18346,1,Yea
1587917,18347,1,Yea
1587917,18349,1,Yea
1587917,18351,1,Yea
1587917,18352,1,Yea
1587917,18397,1,Yea
1587917,18399,1,Yea
1587917,18507,1,Yea
1587917,19400,1,Yea
1587917,20454,1,Yea
1587917,20466,1,Yea
1587917,22140,1,Yea
1587917,22141,1,Yea
1587917,22209,1,Yea
1587917,22211,1,Yea
1587917,22442,1,Yea
1587917,22444,1,Yea
1587917,22653,1,Yea
1587917,23575,1,Yea
1587917,23576,1,Yea
1587917,23577,1,Yea
1587917,23580,1,Yea
1587917,23581,1,Yea
1587917,23582,1,Yea
1587917,23660,1,Yea
1587917,23669,1,Yea
1587917,23755,1,Yea
1587917,23756,1,Yea
1587917,23808,1,Yea
1587917,26404,1,Yea
1587917,26466,1,Yea
1587918,6301,1,Yea
1587918,6306,1,Yea
1587918,6384,1,Yea
1587918,6387,2,Nay
1587918,6403,2,Nay
1587918,6408,1,Yea
1587918,6436,1,Yea
1587918,6439,1,Yea
1587918,6444,1,Yea
1587918,6447,1,Yea
1587918,6458,1,Yea
1587918,6483,1,Yea
1587918,10522,2,Nay
1587918,10866,1,Yea
1587918,10869,1,Yea
1587918,10870,1,Yea
1587918,10874,1,Yea
1587918,14838,1,Yea
1587918,15070,1,Yea
1587918,15072,1,Yea
1587918,15367,1,Yea
1587918,15369,1,Yea
1587918,15371,1,Yea
1587918,15436,1,Yea
1587918,16555,2,Nay
1587918,16700,2,Nay
1587918,18340,1,Yea
1587918,18341,1,Yea
1587918,18343,1,Yea
1587918,18345,1,Yea
1587918,18346,2,Nay
1587918,18347,1,Yea
1587918,18349,1,Yea
1587918,18351,2,Nay
1587918,18352,1,Yea
1587918,18397,1,Yea
1587918,18399,1,Yea
1587918,18507,1,Yea
1587918,19400,1,Yea
1587918,20454,1,Yea
1587918,20466,1,Yea
1587918,22140,1,Yea
1587918,22141,1,Yea
1587918,22209,1,Yea
1587918,22210,1,Yea
1587918,22211,1,Yea
1587918,22442,1,Yea
1587918,22443,1,Yea
1587918,22444,1,Yea
1587918,22445,1,Yea
1587918,22653,1,Yea
1587918,23575,1,Yea
1587918,23576,1,Yea
1587918,23577,1,Yea
1587918,23578,1,Yea
1587918,23579,1,Yea
1587918,23580,1,Yea
1587918,23581,1,Yea
1587918,23582,1,Yea
1587918,23660,1,Yea
1587918,23669,1,Yea
1587918,23755,2,Nay
1587918,23756,2,Nay
1587918,23808,2,Nay
1587918,26404,1,Yea
1587918,26466,1,Yea
1588999,6307,1,Yea
1588999,6321,1,Yea
1588999,6344,1,Yea
1588999,6367,1,Yea
1588999,6374,1,Yea
1588999,6381,1,Yea
1588999,6392,1,Yea
1588999,6407,1,Yea
1588999,10511,1,Yea
1588999,10515,1,Yea
1588999,10524,1,Yea
1588999,10860,1,Yea
1588999,10861,1,Yea
1588999,14366,1,Yea
1588999,14839,1,Yea
1588999,15471,1,Yea
1588999,16544,1,Yea
1588999,16545,1,Yea
1588999,16546,1,Yea
1588999,16548,1,Yea
1588999,16550,1,Yea
1588999,16553,1,Yea
1588999,16705,1,Yea
1588999,17034,1,Yea
1588999,18398,1,Yea
1588999,18510,1,Yea
1588999,18560,1,Yea
1588999,18564,1,Yea
1588999,20437,1,Yea
1588999,20438,1,Yea
1588999,20443,1,Yea
1588999,20444,1,Yea
1588999,20446,1,Yea
1588999,20447,1,Yea
1588999,20448,1,Yea
1588999,20449,1,Yea
1588999,20450,1,Yea
1588999,20453,1,Yea
1588999,20455,1,Yea
1588999,20457,1,Yea
1588999,20460,1,Yea
1588999,20461,1,Yea
1588999,20462,1,Yea
1588999,20464,1,Yea
1588999,20465,1,Yea
1588999,20621,1,Yea
1588999,20623,1,Yea
1588999,20897,1,Yea
1588999,21063,1,Yea
1588999,21346,1,Yea
1588999,21605,1,Yea
1588999,21606,1,Yea
1588999,22139,1,Yea
1588999,22142,1,Yea
1588999,22143,1,Yea
1588999,22144,1,Yea
1588999,22145,1,Yea
1588999,22267,1,Yea
1588999,22268,1,Yea
1588999,22269,1,Yea
1588999,22270,1,Yea
1588999,22272,1,Yea
1588999,22498,1,Yea
1588999,22499,1,Yea
1588999,22575,1,Yea
1588999,22651,1,Yea
1588999,23654,1,Yea
1588999,23655,1,Yea
1588999,23656,1,Yea
1588999,23657,1,Yea
1588999,23658,1,Yea
1588999,23659,1,Yea
1588999,23661,1,Yea
1588999,23662,1,Yea
1588999,23663,1,Yea
1588999,23664,1,Yea
1588999,23665,1,Yea
1588999,23666,1,Yea
1588999,23667,1,Yea
1588999,23668,1,Yea
1588999,23670,1,Yea
1588999,23671,1,Yea
1588999,23672,1,Yea
1588999,23673,1,Yea
1588999,23674,1,Yea
1588999,23675,1,Yea
1588999,23676,1,Yea
1588999,23677,1,Yea
1588999,23678,1,Yea
1588999,23679,1,Yea
1588999,23680,1,Yea
1588999,23681,1,Yea
1588999,23682,1,Yea
1588999,23686,1,Yea
1588999,23741,1,Yea
1588999,23742,1,Yea
1588999,23858,1,Yea
1588999,23860,1,Yea
1588999,23861,1,Yea
1588999,23862,1,Yea
1588999,23863,1,Yea
1588999,23864,1,Yea
1588999,23865,1,Yea
1588999,23892,1,Yea
1588999,23893,1,Yea
1588999,23894,1,Yea
1588999,24680,1,Yea
1588999,24681,1,Yea
1588999,25139,1,Yea
1588999,25190,1,Yea
1588999,26170,1,Yea
1588999,26171,1,Yea
1588999,26172,1,Yea
1588999,26173,1,Yea
1588999,26174,1,Yea
1588999,26175,1,Yea
1588999,26176,1,Yea
1588999,26177,1,Yea
1588999,26178,1,Yea
1588999,26179,1,Yea
1588999,26180,1,Yea
1588999,26181,1,Yea
1588999,26182,1,Yea
1588999,26183,1,Yea
1588999,26184,1,Yea
1588999,26185,1,Yea
1588999,26186,1,Yea
1588999,26187,1,Yea
1588999,26188,1,Yea
1588999,26189,1,Yea
1588999,26190,1,Yea
1588999,26439,1,Yea
1587564,6301,1,Yea
1587564,6306,1,Yea
1587564,6384,2,Nay
1587564,6387,2,Nay
1587564,6403,2,Nay
1587564,6408,1,Yea
1587564,6430,1,Yea
1587564,6436,1,Yea
1587564,6439,1,Yea
1587564,6444,1,Yea
1587564,6447,1,Yea
1587564,6458,2,Nay
1587564,6483,1,Yea
1587564,10522,2,Nay
1587564,10866,1,Yea
1587564,10869,2,Nay
1587564,10870,2,Nay
1587564,10874,2,Nay
1587564,14838,2,Nay
1587564,15070,2,Nay
1587564,15072,2,Nay
1587564,15367,2,Nay
1587564,15369,1,Yea
1587564,15371,2,Nay
1587564,15436,1,Yea
1587564,16555,2,Nay
1587564,16700,2,Nay
1587564,18340,1,Yea
1587564,18341,2,Nay
1587564,18343,1,Yea
1587564,18345,1,Yea
1587564,18346,2,Nay
1587564,18347,2,Nay
1587564,18349,2,Nay
1587564,18351,2,Nay
1587564,18352,2,Nay
1587564,18397,1,Yea
1587564,18399,1,Yea
1587564,18507,2,Nay
1587564,19400,2,Nay
1587564,20454,1,Yea
1587564,20466,1,Yea
1587564,22140,1,Yea
1587564,22141,2,Nay
1587564,22209,2,Nay
1587564,22210,1,Yea
1587564,22211,1,Yea
1587564,22442,2,Nay
1587564,22443,1,Yea
1587564,22444,1,Yea
1587564,22445,1,Yea
1587564,22653,2,Nay
1587564,23575,1,Yea
1587564,23576,1,Yea
1587564,23577,1,Yea
1587564,23578,1,Yea
1587564,23579,1,Yea
1587564,23580,1,Yea
1587564,23581,1,Yea
1587564,23582,1,Yea
1587564,23660,2,Nay
1587564,23669,1,Yea
1587564,23755,2,Nay
1587564,23756,2,Nay
1587564,23808,2,Nay
1587564,26404,1,Yea
1587564,26466,2,Nay
1587565,6301,1,Yea
1587565,6306,1,Yea
1587565,6384,2,Nay
1587565,6387,2,Nay
1587565,6403,2,Nay
1587565,6408,1,Yea
1587565,6430,1,Yea
1587565,6436,1,Yea
1587565,6439,1,Yea
1587565,6444,1,Yea
1587565,6447,1,Yea
1587565,6458,2,Nay
1587565,6483,1,Yea
1587565,10522,2,Nay
1587565,10866,1,Yea
1587565,10869,1,Yea
1587565,10874,1,Yea
1587565,14838,2,Nay
1587565,15070,1,Yea
1587565,15367,2,Nay
1587565,15369,1,Yea
1587565,15371,1,Yea
1587565,15436,1,Yea
1587565,16555,1,Yea
1587565,16700,2,Nay
1587565,18340,1,Yea
1587565,18341,2,Nay
1587565,18343,1,Yea
1587565,18345,1,Yea
1587565,18346,2,Nay
1587565,18347,2,Nay
1587565,18349,2,Nay
1587565,18351,2,Nay
1587565,18352,1,Yea
1587565,18397,1,Yea
1587565,18399,1,Yea
1587565,18507,2,Nay
1587565,19400,1,Yea
1587565,20454,1,Yea
1587565,20466,1,Yea
1587565,22140,1,Yea
1587565,22141,1,Yea
1587565,22209,2,Nay
1587565,22210,1,Yea
1587565,22211,1,Yea
1587565,22442,2,Nay
1587565,22443,1,Yea
1587565,22444,1,Yea
1587565,22445,1,Yea
1587565,22653,1,Yea
1587565,23575,1,Yea
1587565,23576,1,Yea
1587565,23577,1,Yea
1587565,23578,1,Yea
1587565,23579,1,Yea
1587565,23580,1,Yea
1587565,23581,1,Yea
1587565,23582,1,Yea
1587565,23660,1,Yea
1587565,23669,1,Yea
1587565,23755,2,Nay
1587565,23756,2,Nay
1587565,23808,2,Nay
1587565,26404,1,Yea
1587565,26466,2,Nay
1588770,6307,1,Yea
1588770,6321,1,Yea
1588770,6344,1,Yea
1588770,6367,1,Yea
1588770,6374,1,Yea
1588770,6381,2,Nay
1588770,6392,1,Yea
1588770,6407,1,Yea
1588770,10511,2,Nay
1588770,10515,2,Nay
1588770,10520,1,Yea
1588770,10524,1,Yea
1588770,10860,2,Nay
1588770,10861,1,Yea
1588770,14366,1,Yea
1588770,14839,2,Nay
1588770,15471,1,Yea
1588770,16544,2,Nay
1588770,16545,1,Yea
1588770,16546,2,Nay
1588770,16548,1,Yea
1588770,16550,2,Nay
1588770,16553,1,Yea
1588770,16705,1,Yea
1588770,17034,1,Yea
1588770,18398,1,Yea
1588770,18510,1,Yea
1588770,18560,1,Yea
1588770,18564,2,Nay
1588770,20437,1,Yea
1588770,20438,1,Yea
1588770,20443,1,Yea
1588770,20444,1,Yea
1588770,20446,1,Yea
1588770,20447,1,Yea
1588770,20448,1,Yea
1588770,20449,1,Yea
1588770,20450,1,Yea
1588770,20453,1,Yea
1588770,20455,1,Yea
1588770,20457,1,Yea
1588770,20460,1,Yea
1588770,20461,1,Yea
1588770,20462,1,Yea
1588770,20464,1,Yea
1588770,20465,1,Yea
1588770,20621,1,Yea
1588770,20623,2,Nay
1588770,20897,1,Yea
1588770,21063,2,Nay
1588770,21346,2,Nay
1588770,21605,1,Yea
1588770,21606,2,Nay
1588770,22139,1,Yea
1588770,22142,1,Yea
1588770,22143,1,Yea
1588770,22144,1,Yea
1588770,22145,2,Nay
1588770,22267,1,Yea
1588770,22268,1,Yea
1588770,22269,1,Yea
1588770,22270,1,Yea
1588770,22272,1,Yea
1588770,22498,2,Nay
1588770,22499,1,Yea
1588770,22575,2,Nay
1588770,22651,1,Yea
1588770,23654,1,Yea
1588770,23655,1,Yea
1588770,23656,1,Yea
1588770,23657,1,Yea
1588770,23658,1,Yea
1588770,23659,2,Nay
1588770,23661,1,Yea
1588770,23662,1,Yea
1588770,23663,1,Yea
1588770,23664,1,Yea
1588770,23665,1,Yea
1588770,23666,1,Yea
1588770,23667,1,Yea
1588770,23668,1,Yea
1588770,23670,1,Yea
1588770,23671,1,Yea
1588770,23672,1,Yea
1588770,23673,1,Yea
1588770,23674,1,Yea
1588770,23675,1,Yea
1588770,23676,1,Yea
1588770,23677,2,Nay
1588770,23678,1,Yea
1588770,23679,1,Yea
1588770,23680,1,Yea
1588770,23681,1,Yea
1588770,23682,1,Yea
1588770,23686,2,Nay
1588770,23741,2,Nay
1588770,23742,2,Nay
1588770,23858,2,Nay
1588770,23860,2,Nay
1588770,23861,2,Nay
1588770,23862,1,Yea
1588770,23863,1,Yea
1588770,23864,2,Nay
1588770,23865,1,Yea
1588770,23892,2,Nay
1588770,23893,2,Nay
1588770,23894,1,Yea
1588770,24680,2,Nay
1588770,24681,2,Nay
1588770,25139,1,Yea
1588770,25190,2,Nay
1588770,26170,2,Nay
1588770,26171,2,Nay
1588770,26172,1,Yea
1588770,26173,1,Yea
1588770,26174,1,Yea
1588770,26175,2,Nay
1588770,26176,1,Yea
1588770,26177,1,Yea
1588770,26178,1,Yea
1588770,26179,1,Yea
1588770,26180,1,Yea
1588770,26181,1,Yea
1588770,26182,1,Yea
1588770,26183,1,Yea
1588770,26184,2,Nay
1588770,26185,2,Nay
1588770,26186,1,Yea
1588770,26187,1,Yea
1588770,26188,2,Nay
1588770,26189,2,Nay
1588770,26190,1,Yea
1588770,26439,1,Yea
1587281,6301,1,Yea
1587281,6306,1,Yea
1587281,6384,2,Nay
1587281,6387,2,Nay
1587281,6403,2,Nay
1587281,6408,1,Yea
1587281,6430,1,Yea
1587281,6436,1,Yea
1587281,6439,1,Yea
1587281,6444,1,Yea
1587281,6447,1,Yea
1587281,6458,1,Yea
1587281,6483,1,Yea
1587281,10522,2,Nay
1587281,10869,1,Yea
1587281,10870,2,Nay
1587281,10874,1,Yea
1587281,14838,2,Nay
1587281,15070,1,Yea
1587281,15072,2,Nay
1587281,15367,2,Nay
1587281,15369,1,Yea
1587281,15371,1,Yea
1587281,15436,1,Yea
1587281,16555,2,Nay
1587281,16700,2,Nay
1587281,18340,1,Yea
1587281,18341,1,Yea
1587281,18343,1,Yea
1587281,18345,1,Yea
1587281,18346,2,Nay
1587281,18347,2,Nay
1587281,18349,2,Nay
1587281,18351,2,Nay
1587281,18352,1,Yea
1587281,18397,1,Yea
1587281,18399,1,Yea
1587281,18507,2,Nay
1587281,19400,1,Yea
1587281,20454,1,Yea
1587281,20466,1,Yea
1587281,22140,1,Yea
1587281,22141,2,Nay
1587281,22209,1,Yea
1587281,22210,1,Yea
1587281,22211,1,Yea
1587281,22442,2,Nay
1587281,22443,1,Yea
1587281,22444,1,Yea
1587281,22445,1,Yea
1587281,22653,1,Yea
1587281,23575,1,Yea
1587281,23576,1,Yea
1587281,23577,1,Yea
1587281,23578,1,Yea
1587281,23579,1,Yea
1587281,23580,1,Yea
1587281,23581,1,Yea
1587281,23582,1,Yea
1587281,23660,1,Yea
1587281,23669,1,Yea
1587281,23755,2,Nay
1587281,23756,2,Nay
1587281,23808,2,Nay
1587281,26404,1,Yea
1587281,26466,2,Nay
1587282,6301,1,Yea
1587282,6306,1,Yea
1587282,6384,2,Nay
1587282,6387,2,Nay
1587282,6403,2,Nay
1587282,6408,1,Yea
1587282,6430,1,Yea
1587282,6436,1,Yea
1587282,6439,1,Yea
1587282,6444,1,Yea
1587282,6447,1,Yea
1587282,6458,1,Yea
1587282,6483,1,Yea
1587282,10522,2,Nay
1587282,10869,1,Yea
1587282,10870,2,Nay
1587282,10874,1,Yea
1587282,14838,2,Nay
1587282,15070,1,Yea
1587282,15072,2,Nay
1587282,15367,2,Nay
1587282,15369,1,Yea
1587282,15371,1,Yea
1587282,15436,1,Yea
1587282,16555,2,Nay
1587282,16700,2,Nay
1587282,18340,1,Yea
1587282,18341,1,Yea
1587282,18343,1,Yea
1587282,18345,1,Yea
1587282,18346,2,Nay
1587282,18347,2,Nay
1587282,18349,2,Nay
1587282,18351,2,Nay
1587282,18352,1,Yea
1587282,18397,1,Yea
1587282,18399,1,Yea
1587282,18507,2,Nay
1587282,19400,1,Yea
1587282,20454,1,Yea
1587282,20466,1,Yea
1587282,22140,1,Yea
1587282,22141,2,Nay
1587282,22209,1,Yea
1587282,22210,1,Yea
1587282,22211,1,Yea
1587282,22442,2,Nay
1587282,22443,1,Yea
1587282,22444,1,Yea
1587282,22445,1,Yea
1587282,22653,1,Yea
1587282,23575,1,Yea
1587282,23576,1,Yea
1587282,23577,1,Yea
1587282,23578,1,Yea
1587282,23579,1,Yea
1587282,23580,1,Yea
1587282,23581,1,Yea
1587282,23582,1,Yea
1587282,23660,1,Yea
1587282,23669,1,Yea
1587282,23755,2,Nay
1587282,23756,2,Nay
1587282,23808,2,Nay
1587282,26404,1,Yea
1587282,26466,2,Nay
1588492,6307,2,Nay
1588492,6321,2,Nay
1588492,6344,2,Nay
1588492,6367,2,Nay
1588492,6374,1,Yea
1588492,6381,1,Yea
1588492,6392,1,Yea
1588492,6407,1,Yea
1588492,10511,1,Yea
1588492,10515,1,Yea
1588492,10520,1,Yea
1588492,10524,1,Yea
1588492,10860,1,Yea
1588492,10861,1,Yea
1588492,14366,2,Nay
1588492,14839,1,Yea
1588492,15471,1,Yea
1588492,16544,1,Yea
1588492,16545,1,Yea
1588492,16546,1,Yea
1588492,16548,1,Yea
1588492,16550,1,Yea
1588492,16553,1,Yea
1588492,16705,2,Nay
1588492,17034,2,Nay
1588492,18398,2,Nay
1588492,18510,2,Nay
1588492,18560,1,Yea
1588492,18564,1,Yea
1588492,20437,2,Nay
1588492,20438,2,Nay
1588492,20443,2,Nay
1588492,20444,2,Nay
1588492,20446,2,Nay
1588492,20447,2,Nay
1588492,20448,2,Nay
1588492,20449,2,Nay
1588492,20450,2,Nay
1588492,20453,2,Nay
1588492,20455,2,Nay
1588492,20457,2,Nay
1588492,20460,2,Nay
1588492,20461,2,Nay
1588492,20462,2,Nay
1588492,20464,2,Nay
1588492,20465,2,Nay
1588492,20621,2,Nay
1588492,20623,1,Yea
1588492,21063,1,Yea
1588492,21346,1,Yea
1588492,21605,2,Nay
1588492,21606,1,Yea
1588492,22139,2,Nay
1588492,22142,2,Nay
1588492,22143,2,Nay
1588492,22144,2,Nay
1588492,22267,2,Nay
1588492,22268,2,Nay
1588492,22269,2,Nay
1588492,22270,1,Yea
1588492,22272,2,Nay
1588492,22498,1,Yea
1588492,22499,2,Nay
1588492,22575,1,Yea
1588492,22651,2,Nay
1588492,23654,2,Nay
1588492,23655,2,Nay
1588492,23656,2,Nay
1588492,23657,2,Nay
1588492,23658,2,Nay
1588492,23659,1,Yea
1588492,23661,2,Nay
1588492,23662,2,Nay
1588492,23663,2,Nay
1588492,23664,2,Nay
1588492,23665,2,Nay
1588492,23666,2,Nay
1588492,23667,2,Nay
1588492,23668,2,Nay
1588492,23670,2,Nay
1588492,23671,2,Nay
1588492,23672,2,Nay
1588492,23673,2,Nay
1588492,23674,2,Nay
1588492,23675,1,Yea
1588492,23676,2,Nay
1588492,23677,1,Yea
1588492,23678,1,Yea
1588492,23679,1,Yea
1588492,23680,1,Yea
1588492,23681,1,Yea
1588492,23682,1,Yea
1588492,23686,1,Yea
1588492,23741,1,Yea
1588492,23742,2,Nay
1588492,23858,1,Yea
1588492,23860,1,Yea
1588492,23861,1,Yea
1588492,23862,1,Yea
1588492,23863,1,Yea
1588492,23864,1,Yea
1588492,23865,1,Yea
1588492,23892,1,Yea
1588492,23893,1,Yea
1588492,23894,1,Yea
1588492,24680,1,Yea
1588492,24681,1,Yea
1588492,25139,2,Nay
1588492,25190,1,Yea
1588492,26170,1,Yea
1588492,26171,1,Yea
1588492,26172,1,Yea
1588492,26173,2,Nay
1588492,26174,1,Yea
1588492,26176,2,Nay
1588492,26177,2,Nay
1588492,26178,2,Nay
1588492,26179,1,Yea
1588492,26180,2,Nay
1588492,26181,2,Nay
1588492,26182,2,Nay
1588492,26183,1,Yea
1588492,26185,1,Yea
1588492,26186,1,Yea
1588492,26187,1,Yea
1588492,26188,1,Yea
1588492,26189,1,Yea
1588492,26190,1,Yea
1588492,26439,2,Nay
1588493,6307,1,Yea
1588493,6321,1,Yea
1588493,6344,1,Yea
1588493,6367,1,Yea
1588493,6374,1,Yea
1588493,6381,1,Yea
1588493,6392,1,Yea
1588493,6407,2,Nay
1588493,10511,2,Nay
1588493,10515,2,Nay
1588493,10520,2,Nay
1588493,10524,1,Yea
1588493,10860,2,Nay
1588493,10861,2,Nay
1588493,14366,2,Nay
1588493,14839,2,Nay
1588493,15471,2,Nay
1588493,16544,2,Nay
1588493,16545,1,Yea
1588493,16546,2,Nay
1588493,16548,1,Yea
1588493,16550,1,Yea
1588493,16553,1,Yea
1588493,16705,1,Yea
1588493,17034,2,Nay
1588493,18398,1,Yea
1588493,18510,1,Yea
1588493,18560,1,Yea
1588493,18564,2,Nay
1588493,20437,1,Yea
1588493,20438,1,Yea
1588493,20443,1,Yea
1588493,20444,2,Nay
1588493,20446,1,Yea
1588493,20447,2,Nay
1588493,20448,1,Yea
1588493,20449,1,Yea
1588493,20450,1,Yea
1588493,20453,1,Yea
1588493,20455,1,Yea
1588493,20457,2,Nay
1588493,20460,1,Yea
1588493,20461,1,Yea
1588493,20462,1,Yea
1588493,20464,1,Yea
1588493,20465,2,Nay
1588493,20621,1,Yea
1588493,20623,2,Nay
1588493,20897,1,Yea
1588493,21063,1,Yea
1588493,21346,2,Nay
1588493,21605,2,Nay
1588493,21606,2,Nay
1588493,22139,1,Yea
1588493,22142,1,Yea
1588493,22143,1,Yea
1588493,22144,1,Yea
1588493,22145,2,Nay
1588493,22267,1,Yea
1588493,22268,1,Yea
1588493,22269,1,Yea
1588493,22270,1,Yea
1588493,22272,1,Yea
1588493,22498,2,Nay
1588493,22499,1,Yea
1588493,22575,2,Nay
1588493,22651,1,Yea
1588493,23654,1,Yea
1588493,23655,1,Yea
1588493,23656,1,Yea
1588493,23657,1,Yea
1588493,23658,1,Yea
1588493,23659,2,Nay
1588493,23661,2,Nay
1588493,23662,1,Yea
1588493,23663,1,Yea
1588493,23664,1,Yea
1588493,23665,1,Yea
1588493,23666,1,Yea
1588493,23667,1,Yea
1588493,23668,1,Yea
1588493,23670,1,Yea
1588493,23671,1,Yea
1588493,23672,1,Yea
1588493,23673,1,Yea
1588493,23674,2,Nay
1588493,23675,1,Yea
1588493,23676,1,Yea
1588493,23677,2,Nay
1588493,23678,2,Nay
1588493,23679,2,Nay
1588493,23680,1,Yea
1588493,23681,2,Nay
1588493,23682,1,Yea
1588493,23686,2,Nay
1588493,23741,2,Nay
1588493,23742,2,Nay
1588493,23858,2,Nay
1588493,23860,2,Nay
1588493,23861,2,Nay
1588493,23862,1,Yea
1588493,23863,1,Yea
1588493,23864,2,Nay
1588493,23865,1,Yea
1588493,23892,2,Nay
1588493,23893,2,Nay
1588493,23894,2,Nay
1588493,24680,2,Nay
1588493,24681,2,Nay
1588493,25139,1,Yea
1588493,25190,2,Nay
1588493,26170,1,Yea
1588493,26171,2,Nay
1588493,26172,2,Nay
1588493,26173,1,Yea
1588493,26174,2,Nay
1588493,26175,2,Nay
1588493,26176,1,Yea
1588493,26177,1,Yea
1588493,26178,1,Yea
1588493,26179,1,Yea
1588493,26180,2,Nay
1588493,26181,2,Nay
1588493,26182,1,Yea
1588493,26183,1,Yea
1588493,26184,2,Nay
1588493,26185,2,Nay
1588493,26186,2,Nay
1588493,26187,1,Yea
1588493,26188,2,Nay
1588493,26189,2,Nay
1588493,26190,1,Yea
1588493,26439,1,Yea
1587239,6301,1,Yea
1587239,6306,2,Nay
1587239,6384,1,Yea
1587239,6387,1,Yea
1587239,6403,1,Yea
1587239,6408,1,Yea
1587239,6430,1,Yea
1587239,6436,2,Nay
1587239,6439,1,Yea
1587239,6444,2,Nay
1587239,6447,1,Yea
1587239,6458,1,Yea
1587239,6483,1,Yea
1587239,10522,1,Yea
1587239,10866,2,Nay
1587239,10869,1,Yea
1587239,10870,1,Yea
1587239,10874,1,Yea
1587239,14838,1,Yea
1587239,15070,1,Yea
1587239,15072,1,Yea
1587239,15367,1,Yea
1587239,15369,2,Nay
1587239,15371,1,Yea
1587239,15436,2,Nay
1587239,16555,1,Yea
1587239,16700,1,Yea
1587239,18340,1,Yea
1587239,18341,1,Yea
1587239,18343,1,Yea
1587239,18345,1,Yea
1587239,18346,1,Yea
1587239,18347,1,Yea
1587239,18349,1,Yea
1587239,18351,1,Yea
1587239,18352,1,Yea
1587239,18397,1,Yea
1587239,18399,2,Nay
1587239,18507,1,Yea
1587239,19400,1,Yea
1587239,20454,2,Nay
1587239,20466,1,Yea
1587239,22140,2,Nay
1587239,22141,1,Yea
1587239,22209,1,Yea
1587239,22211,2,Nay
1587239,22442,1,Yea
1587239,22444,1,Yea
1587239,22445,2,Nay
1587239,22653,1,Yea
1587239,23575,2,Nay
1587239,23576,1,Yea
1587239,23577,1,Yea
1587239,23579,2,Nay
1587239,23580,1,Yea
1587239,23581,1,Yea
1587239,23582,2,Nay
1587239,23660,1,Yea
1587239,23669,2,Nay
1587239,23755,1,Yea
1587239,23756,1,Yea
1587239,23808,1,Yea
1587239,26404,2,Nay
1587239,26466,1,Yea
1587240,6301,1,Yea
1587240,6306,2,Nay
1587240,6384,1,Yea
1587240,6387,1,Yea
1587240,6403,1,Yea
1587240,6408,1,Yea
1587240,6430,1,Yea
1587240,6436,2,Nay
1587240,6439,1,Yea
1587240,6444,2,Nay
1587240,6447,1,Yea
1587240,6458,1,Yea
1587240,6483,1,Yea
1587240,10522,1,Yea
1587240,10866,2,Nay
1587240,10869,1,Yea
1587240,10870,1,Yea
1587240,10874,1,Yea
1587240,14838,1,Yea
1587240,15070,1,Yea
1587240,15072,1,Yea
1587240,15367,1,Yea
1587240,15369,2,Nay
1587240,15371,1,Yea
1587240,15436,2,Nay
1587240,16555,1,Yea
1587240,16700,1,Yea
1587240,18340,1,Yea
1587240,18341,1,Yea
1587240,18343,1,Yea
1587240,18345,1,Yea
1587240,18346,1,Yea
1587240,18347,1,Yea
1587240,18349,1,Yea
1587240,18351,1,Yea
1587240,18352,1,Yea
1587240,18397,1,Yea
1587240,18399,2,Nay
1587240,18507,1,Yea
1587240,19400,1,Yea
1587240,20454,2,Nay
1587240,20466,1,Yea
1587240,22140,2,Nay
1587240,22141,1,Yea
1587240,22209,1,Yea
1587240,22211,2,Nay
1587240,22442,1,Yea
1587240,22444,1,Yea
1587240,22445,2,Nay
1587240,22653,1,Yea
1587240,23575,2,Nay
1587240,23576,1,Yea
1587240,23577,1,Yea
1587240,23579,2,Nay
1587240,23580,1,Yea
1587240,23581,1,Yea
1587240,23582,2,Nay
1587240,23660,1,Yea
1587240,23669,2,Nay
1587240,23755,1,Yea
1587240,23756,1,Yea
1587240,23808,1,Yea
1587240,26404,2,Nay
1587240,26466,1,Yea
1588801,6307,1,Yea
1588801,6321,1,Yea
1588801,6367,1,Yea
1588801,6374,2,Nay
1588801,6381,2,Nay
1588801,6392,2,Nay
1588801,6407,2,Nay
1588801,10511,2,Nay
1588801,10515,2,Nay
1588801,10520,2,Nay
1588801,10524,2,Nay
1588801,10860,2,Nay
1588801,10861,2,Nay
1588801,14366,1,Yea
1588801,14839,2,Nay
1588801,15471,2,Nay
1588801,16544,2,Nay
1588801,16545,2,Nay
1588801,16546,2,Nay
1588801,16548,2,Nay
1588801,16550,2,Nay
1588801,16553,2,Nay
1588801,16705,1,Yea
1588801,17034,1,Yea
1588801,18398,1,Yea
1588801,18510,1,Yea
1588801,18560,2,Nay
1588801,18564,2,Nay
1588801,20437,1,Yea
1588801,20438,1,Yea
1588801,20443,1,Yea
1588801,20444,1,Yea
1588801,20446,1,Yea
1588801,20447,1,Yea
1588801,20448,1,Yea
1588801,20449,1,Yea
1588801,20450,1,Yea
1588801,20453,1,Yea
1588801,20455,1,Yea
1588801,20457,1,Yea
1588801,20460,1,Yea
1588801,20461,1,Yea
1588801,20462,1,Yea
1588801,20464,1,Yea
1588801,20465,1,Yea
1588801,20621,1,Yea
1588801,20623,2,Nay
1588801,20897,2,Nay
1588801,21063,2,Nay
1588801,21346,2,Nay
1588801,21605,1,Yea
1588801,21606,2,Nay
1588801,22139,1,Yea
1588801,22142,1,Yea
1588801,22143,1,Yea
1588801,22144,1,Yea
1588801,22145,2,Nay
1588801,22267,1,Yea
1588801,22268,1,Yea
1588801,22269,1,Yea
1588801,22270,2,Nay
1588801,22272,1,Yea
1588801,22498,2,Nay
1588801,22499,1,Yea
1588801,22575,2,Nay
1588801,22651,1,Yea
1588801,23654,1,Yea
1588801,23655,1,Yea
1588801,23656,1,Yea
1588801,23657,1,Yea
1588801,23658,1,Yea
1588801,23659,2,Nay
1588801,23661,1,Yea
1588801,23662,1,Yea
1588801,23663,1,Yea
1588801,23664,1,Yea
1588801,23665,1,Yea
1588801,23666,1,Yea
1588801,23667,1,Yea
1588801,23668,1,Yea
1588801,23670,1,Yea
1588801,23671,1,Yea
1588801,23672,1,Yea
1588801,23673,1,Yea
1588801,23674,1,Yea
1588801,23675,2,Nay
1588801,23676,1,Yea
1588801,23677,2,Nay
1588801,23678,2,Nay
1588801,23679,2,Nay
1588801,23680,2,Nay
1588801,23681,2,Nay
1588801,23682,2,Nay
1588801,23686,2,Nay
1588801,23741,2,Nay
1588801,23742,2,Nay
1588801,23858,2,Nay
1588801,23860,2,Nay
1588801,23861,2,Nay
1588801,23862,2,Nay
1588801,23863,2,Nay
1588801,23864,2,Nay
1588801,23865,2,Nay
1588801,23892,2,Nay
1588801,23893,2,Nay
1588801,23894,2,Nay
1588801,24680,2,Nay
1588801,24681,2,Nay
1588801,25139,1,Yea
1588801,25190,2,Nay
1588801,26170,2,Nay
1588801,26171,2,Nay
1588801,26172,2,Nay
1588801,26173,1,Yea
1588801,26174,2,Nay
1588801,26175,2,Nay
1588801,26176,1,Yea
1588801,26178,1,Yea
1588801,26179,2,Nay
1588801,26180,1,Yea
1588801,26181,1,Yea
1588801,26182,1,Yea
1588801,26183,2,Nay
1588801,26184,2,Nay
1588801,26185,2,Nay
1588801,26186,2,Nay
1588801,26187,2,Nay
1588801,26188,2,Nay
1588801,26189,2,Nay
1588801,26190,2,Nay
1588801,26439,1,Yea
1588802,6307,2,Nay
1588802,6321,2,Nay
1588802,6344,1,Yea
1588802,6367,2,Nay
1588802,6374,1,Yea
1588802,6381,1,Yea
1588802,6392,1,Yea
1588802,6407,1,Yea
1588802,10511,1,Yea
1588802,10515,1,Yea
1588802,10520,1,Yea
1588802,10524,1,Yea
1588802,10860,1,Yea
1588802,10861,1,Yea
1588802,14366,2,Nay
1588802,14839,1,Yea
1588802,15471,1,Yea
1588802,16544,1,Yea
1588802,16545,1,Yea
1588802,16546,1,Yea
1588802,16548,1,Yea
1588802,16550,1,Yea
1588802,16553,1,Yea
1588802,16705,2,Nay
1588802,17034,2,Nay
1588802,18398,2,Nay
1588802,18510,2,Nay
1588802,18560,1,Yea
1588802,18564,1,Yea
1588802,20437,2,Nay
1588802,20438,2,Nay
1588802,20443,2,Nay
1588802,20444,2,Nay
1588802,20446,2,Nay
1588802,20447,2,Nay
1588802,20448,2,Nay
1588802,20449,2,Nay
1588802,20450,2,Nay
1588802,20453,2,Nay
1588802,20455,2,Nay
1588802,20457,2,Nay
1588802,20460,2,Nay
1588802,20461,2,Nay
1588802,20462,2,Nay
1588802,20464,2,Nay
1588802,20465,2,Nay
1588802,20621,2,Nay
1588802,20623,1,Yea
1588802,20897,1,Yea
1588802,21063,1,Yea
1588802,21346,1,Yea
1588802,21605,2,Nay
1588802,21606,1,Yea
1588802,22139,2,Nay
1588802,22142,2,Nay
1588802,22143,2,Nay
1588802,22144,2,Nay
1588802,22145,1,Yea
1588802,22267,2,Nay
1588802,22268,2,Nay
1588802,22269,2,Nay
1588802,22270,1,Yea
1588802,22272,2,Nay
1588802,22498,1,Yea
1588802,22499,2,Nay
1588802,22575,1,Yea
1588802,22651,2,Nay
1588802,23654,2,Nay
1588802,23655,2,Nay
1588802,23656,2,Nay
1588802,23657,2,Nay
1588802,23658,2,Nay
1588802,23659,1,Yea
1588802,23661,2,Nay
1588802,23662,2,Nay
1588802,23663,2,Nay
1588802,23664,2,Nay
1588802,23665,2,Nay
1588802,23666,2,Nay
1588802,23667,2,Nay
1588802,23668,2,Nay
1588802,23670,2,Nay
1588802,23671,2,Nay
1588802,23672,2,Nay
1588802,23673,2,Nay
1588802,23674,2,Nay
1588802,23675,1,Yea
1588802,23676,2,Nay
1588802,23677,1,Yea
1588802,23678,1,Yea
1588802,23679,1,Yea
1588802,23680,1,Yea
1588802,23681,1,Yea
1588802,23682,1,Yea
1588802,23686,1,Yea
1588802,23741,1,Yea
1588802,23742,1,Yea
1588802,23858,1,Yea
1588802,23860,1,Yea
1588802,23861,1,Yea
1588802,23862,1,Yea
1588802,23863,1,Yea
1588802,23864,1,Yea
1588802,23865,1,Yea
1588802,23892,1,Yea
1588802,23893,1,Yea
1588802,23894,1,Yea
1588802,24680,1,Yea
1588802,24681,1,Yea
1588802,25139,2,Nay
1588802,25190,1,Yea
1588802,26170,1,Yea
1588802,26171,1,Yea
1588802,26172,1,Yea
1588802,26173,2,Nay
1588802,26174,1,Yea
1588802,26175,1,Yea
1588802,26176,2,Nay
1588802,26177,2,Nay
1588802,26178,2,Nay
1588802,26179,1,Yea
1588802,26180,2,Nay
1588802,26181,2,Nay
1588802,26182,2,Nay
1588802,26183,1,Yea
1588802,26184,1,Yea
1588802,26185,1,Yea
1588802,26186,1,Yea
1588802,26187,1,Yea
1588802,26188,1,Yea
1588802,26189,1,Yea
1588802,26190,1,Yea
1588802,26439,2,Nay
1587414,6301,2,Nay
1587414,6306,2,Nay
1587414,6387,1,Yea
1587414,6403,1,Yea
1587414,6408,1,Yea
1587414,6430,2,Nay
1587414,6436,2,Nay
1587414,6439,2,Nay
1587414,6444,2,Nay
1587414,6447,2,Nay
1587414,6458,1,Yea
1587414,6483,2,Nay
1587414,10522,1,Yea
1587414,10866,2,Nay
1587414,10869,1,Yea
1587414,10870,1,Yea
1587414,10874,1,Yea
1587414,14838,1,Yea
1587414,15070,1,Yea
1587414,15072,1,Yea
1587414,15367,1,Yea
1587414,15369,2,Nay
1587414,15371,1,Yea
1587414,15436,2,Nay
1587414,16555,1,Yea
1587414,16700,1,Yea
1587414,18340,2,Nay
1587414,18341,1,Yea
1587414,18343,2,Nay
1587414,18345,2,Nay
1587414,18346,1,Yea
1587414,18347,1,Yea
1587414,18349,1,Yea
1587414,18351,1,Yea
1587414,18352,1,Yea
1587414,18397,2,Nay
1587414,18399,2,Nay
1587414,18507,1,Yea
1587414,20454,2,Nay
1587414,20466,2,Nay
1587414,22140,2,Nay
1587414,22141,1,Yea
1587414,22209,1,Yea
1587414,22210,2,Nay
1587414,22211,2,Nay
1587414,22442,1,Yea
1587414,22443,2,Nay
1587414,22444,2,Nay
1587414,22445,2,Nay
1587414,22653,1,Yea
1587414,23575,2,Nay
1587414,23576,2,Nay
1587414,23577,2,Nay
1587414,23578,2,Nay
1587414,23579,2,Nay
1587414,23580,2,Nay
1587414,23581,2,Nay
1587414,23582,2,Nay
1587414,23660,1,Yea
1587414,23669,2,Nay
1587414,23755,1,Yea
1587414,23756,1,Yea
1587414,23808,1,Yea
1587414,26404,2,Nay
1587414,26466,1,Yea
1587415,6301,1,Yea
1587415,6306,1,Yea
1587415,6384,2,Nay
1587415,6387,2,Nay
1587415,6403,2,Nay
1587415,6408,1,Yea
1587415,6430,1,Yea
1587415,6436,1,Yea
1587415,6439,1,Yea
1587415,6444,1,Yea
1587415,6447,1,Yea
1587415,6483,1,Yea
1587415,10522,2,Nay
1587415,10866,1,Yea
1587415,10869,1,Yea
1587415,10870,1,Yea
1587415,10874,1,Yea
1587415,14838,2,Nay
1587415,15070,1,Yea
1587415,15072,2,Nay
1587415,15367,2,Nay
1587415,15369,1,Yea
1587415,15371,1,Yea
1587415,15436,1,Yea
1587415,16555,1,Yea
1587415,16700,2,Nay
1587415,18340,1,Yea
1587415,18341,2,Nay
1587415,18343,1,Yea
1587415,18345,1,Yea
1587415,18346,2,Nay
1587415,18347,2,Nay
1587415,18349,2,Nay
1587415,18351,2,Nay
1587415,18352,1,Yea
1587415,18397,1,Yea
1587415,18399,1,Yea
1587415,18507,2,Nay
1587415,19400,1,Yea
1587415,20454,1,Yea
1587415,20466,1,Yea
1587415,22140,1,Yea
1587415,22141,2,Nay
1587415,22209,2,Nay
1587415,22210,1,Yea
1587415,22211,1,Yea
1587415,22442,2,Nay
1587415,22443,1,Yea
1587415,22444,1,Yea
1587415,22445,1,Yea
1587415,22653,1,Yea
1587415,23575,1,Yea
1587415,23576,1,Yea
1587415,23577,1,Yea
1587415,23578,1,Yea
1587415,23579,1,Yea
1587415,23580,1,Yea
1587415,23581,1,Yea
1587415,23582,1,Yea
1587415,23660,1,Yea
1587415,23669,1,Yea
1587415,23755,2,Nay
1587415,23756,2,Nay
1587415,23808,1,Yea
1587415,26404,1,Yea
1587415,26466,2,Nay
1588602,6307,2,Nay
1588602,6321,1,Yea
1588602,6344,1,Yea
1588602,6367,1,Yea
1588602,6374,1,Yea
1588602,6381,1,Yea
1588602,6392,1,Yea
1588602,6407,2,Nay
1588602,10511,2,Nay
1588602,10515,2,Nay
1588602,10524,2,Nay
1588602,10860,2,Nay
1588602,10861,1,Yea
1588602,14366,1,Yea
1588602,14839,1,Yea
1588602,15471,2,Nay
1588602,16544,2,Nay
1588602,16545,2,Nay
1588602,16546,1,Yea
1588602,16548,2,Nay
1588602,16550,2,Nay
1588602,16553,1,Yea
1588602,16705,1,Yea
1588602,17034,1,Yea
1588602,18398,1,Yea
1588602,18510,1,Yea
1588602,18560,2,Nay
1588602,18564,2,Nay
1588602,20437,1,Yea
1588602,20438,1,Yea
1588602,20443,1,Yea
1588602,20444,1,Yea
1588602,20446,1,Yea
1588602,20447,1,Yea
1588602,20448,1,Yea
1588602,20449,1,Yea
1588602,20450,1,Yea
1588602,20453,1,Yea
1588602,20455,1,Yea
1588602,20457,1,Yea
1588602,20460,1,Yea
1588602,20461,1,Yea
1588602,20462,1,Yea
1588602,20464,1,Yea
1588602,20465,1,Yea
1588602,20621,1,Yea
1588602,20623,2,Nay
1588602,20897,1,Yea
1588602,21063,2,Nay
1588602,21346,2,Nay
1588602,21605,1,Yea
1588602,21606,2,Nay
1588602,22139,1,Yea
1588602,22142,1,Yea
1588602,22143,1,Yea
1588602,22144,1,Yea
1588602,22145,1,Yea
1588602,22267,1,Yea
1588602,22268,1,Yea
1588602,22269,1,Yea
1588602,22270,1,Yea
1588602,22272,1,Yea
1588602,22498,1,Yea
1588602,22499,1,Yea
1588602,22575,2,Nay
1588602,22651,1,Yea
1588602,23654,1,Yea
1588602,23655,1,Yea
1588602,23656,1,Yea
1588602,23657,1,Yea
1588602,23658,1,Yea
1588602,23659,2,Nay
1588602,23661,1,Yea
1588602,23662,1,Yea
1588602,23663,1,Yea
1588602,23664,1,Yea
1588602,23665,1,Yea
1588602,23666,1,Yea
1588602,23667,1,Yea
1588602,23668,1,Yea
1588602,23670,1,Yea
1588602,23671,1,Yea
1588602,23672,1,Yea
1588602,23673,1,Yea
1588602,23674,1,Yea
1588602,23675,1,Yea
1588602,23676,1,Yea
1588602,23677,2,Nay
1588602,23678,1,Yea
1588602,23679,1,Yea
1588602,23680,1,Yea
1588602,23681,2,Nay
1588602,23682,1,Yea
1588602,23686,2,Nay
1588602,23741,2,Nay
1588602,23742,1,Yea
1588602,23858,2,Nay
1588602,23860,1,Yea
1588602,23861,2,Nay
1588602,23862,1,Yea
1588602,23863,1,Yea
1588602,23864,1,Yea
1588602,23865,1,Yea
1588602,23892,2,Nay
1588602,23893,2,Nay
1588602,23894,2,Nay
1588602,24680,2,Nay
1588602,24681,2,Nay
1588602,25139,1,Yea
1588602,25190,2,Nay
1588602,26170,1,Yea
1588602,26171,2,Nay
1588602,26172,2,Nay
1588602,26173,1,Yea
1588602,26174,1,Yea
1588602,26175,2,Nay
1588602,26176,1,Yea
1588602,26177,1,Yea
1588602,26178,1,Yea
1588602,26179,2,Nay
1588602,26180,1,Yea
1588602,26181,1,Yea
1588602,26182,1,Yea
1588602,26183,1,Yea
1588602,26184,2,Nay
1588602,26185,2,Nay
1588602,26186,1,Yea
1588602,26187,1,Yea
1588602,26188,2,Nay
1588602,26189,2,Nay
1588602,26190,1,Yea
1588602,26439,1,Yea
1589074,6301,1,Yea
1589074,6306,1,Yea
1589074,6387,1,Yea
1589074,6403,1,Yea
1589074,6430,1,Yea
1589074,6436,1,Yea
1589074,6439,1,Yea
1589074,6444,1,Yea
1589074,6447,1,Yea
1589074,6458,1,Yea
1589074,6483,1,Yea
1589074,10522,2,Nay
1589074,10866,1,Yea
1589074,10869,1,Yea
1589074,10870,1,Yea
1589074,10874,1,Yea
1589074,14838,1,Yea
1589074,15070,1,Yea
1589074,15072,1,Yea
1589074,15367,1,Yea
1589074,15369,1,Yea
1589074,15371,1,Yea
1589074,15436,1,Yea
1589074,16555,1,Yea
1589074,16700,2,Nay
1589074,18340,1,Yea
1589074,18341,1,Yea
1589074,18343,1,Yea
1589074,18345,1,Yea
1589074,18346,1,Yea
1589074,18347,1,Yea
1589074,18349,1,Yea
1589074,18351,1,Yea
1589074,18397,1,Yea
1589074,18399,1,Yea
1589074,18507,1,Yea
1589074,19400,1,Yea
1589074,20454,1,Yea
1589074,20466,1,Yea
1589074,22140,1,Yea
1589074,22141,1,Yea
1589074,22209,1,Yea
1589074,22210,1,Yea
1589074,22211,1,Yea
1589074,22442,1,Yea
1589074,22443,1,Yea
1589074,22444,1,Yea
1589074,22445,1,Yea
1589074,22653,1,Yea
1589074,23575,1,Yea
1589074,23576,1,Yea
1589074,23577,1,Yea
1589074,23578,1,Yea
1589074,23579,1,Yea
1589074,23580,1,Yea
1589074,23581,1,Yea
1589074,23582,1,Yea
1589074,23660,1,Yea
1589074,23669,1,Yea
1589074,23755,1,Yea
1589074,23756,2,Nay
1589074,23808,1,Yea
1589074,26404,1,Yea
1589074,26466,1,Yea
1587492,6301,1,Yea
1587492,6306,1,Yea
1587492,6384,2,Nay
1587492,6387,2,Nay
1587492,6403,2,Nay
1587492,6408,1,Yea
1587492,6430,1,Yea
1587492,6436,1,Yea
1587492,6439,1,Yea
1587492,6444,1,Yea
1587492,6447,1,Yea
1587492,6458,2,Nay
1587492,6483,1,Yea
1587492,10522,2,Nay
1587492,10866,1,Yea
1587492,10869,2,Nay
1587492,10870,2,Nay
1587492,10874,1,Yea
1587492,14838,2,Nay
1587492,15070,1,Yea
1587492,15072,1,Yea
1587492,15367,2,Nay
1587492,15369,1,Yea
1587492,15371,2,Nay
1587492,15436,1,Yea
1587492,16555,2,Nay
1587492,16700,2,Nay
1587492,18340,1,Yea
1587492,18341,2,Nay
1587492,18343,1,Yea
1587492,18345,1,Yea
1587492,18346,2,Nay
1587492,18347,2,Nay
1587492,18349,2,Nay
1587492,18351,2,Nay
1587492,18352,2,Nay
1587492,18397,1,Yea
1587492,18399,1,Yea
1587492,18507,2,Nay
1587492,19400,2,Nay
1587492,20454,1,Yea
1587492,20466,1,Yea
1587492,22140,1,Yea
1587492,22141,2,Nay
1587492,22209,2,Nay
1587492,22210,1,Yea
1587492,22211,1,Yea
1587492,22442,1,Yea
1587492,22443,1,Yea
1587492,22444,1,Yea
1587492,22445,1,Yea
1587492,22653,2,Nay
1587492,23575,1,Yea
1587492,23576,1,Yea
1587492,23577,1,Yea
1587492,23578,1,Yea
1587492,23579,1,Yea
1587492,23580,1,Yea
1587492,23581,1,Yea
1587492,23582,1,Yea
1587492,23660,1,Yea
1587492,23669,1,Yea
1587492,23755,2,Nay
1587492,23756,2,Nay
1587492,23808,2,Nay
1587492,26404,1,Yea
1587492,26466,2,Nay
1587493,6301,1,Yea
1587493,6306,1,Yea
1587493,6384,2,Nay
1587493,6387,2,Nay
1587493,6403,2,Nay
1587493,6408,1,Yea
1587493,6430,1,Yea
1587493,6436,1,Yea
1587493,6439,1,Yea
1587493,6444,1,Yea
1587493,6447,1,Yea
1587493,6458,1,Yea
1587493,6483,1,Yea
1587493,10522,2,Nay
1587493,10866,1,Yea
1587493,10869,1,Yea
1587493,10870,1,Yea
1587493,10874,1,Yea
1587493,14838,2,Nay
1587493,15070,2,Nay
1587493,15072,2,Nay
1587493,15367,2,Nay
1587493,15369,1,Yea
1587493,15371,1,Yea
1587493,15436,1,Yea
1587493,16555,1,Yea
1587493,16700,2,Nay
1587493,18340,1,Yea
1587493,18341,1,Yea
1587493,18343,1,Yea
1587493,18345,1,Yea
1587493,18346,2,Nay
1587493,18347,2,Nay
1587493,18349,1,Yea
1587493,18351,2,Nay
1587493,18352,1,Yea
1587493,18397,1,Yea
1587493,18399,1,Yea
1587493,18507,2,Nay
1587493,19400,1,Yea
1587493,20454,1,Yea
1587493,20466,1,Yea
1587493,22140,1,Yea
1587493,22141,2,Nay
1587493,22209,2,Nay
1587493,22210,1,Yea
1587493,22211,1,Yea
1587493,22442,1,Yea
1587493,22443,1,Yea
1587493,22444,1,Yea
1587493,22445,1,Yea
1587493,22653,1,Yea
1587493,23575,1,Yea
1587493,23576,1,Yea
1587493,23577,1,Yea
1587493,23578,1,Yea
1587493,23579,1,Yea
1587493,23580,1,Yea
1587493,23581,1,Yea
1587493,23582,1,Yea
1587493,23660,1,Yea
1587493,23669,1,Yea
1587493,23755,2,Nay
1587493,23756,2,Nay
1587493,23808,2,Nay
1587493,26404,1,Yea
1587493,26466,1,Yea
1588696,6307,1,Yea
1588696,6321,1,Yea
1588696,6344,1,Yea
1588696,6367,1,Yea
1588696,6374,1,Yea
1588696,6381,1,Yea
1588696,6392,1,Yea
1588696,6407,1,Yea
1588696,10511,2,Nay
1588696,10515,1,Yea
1588696,10520,1,Yea
1588696,10524,2,Nay
1588696,10860,2,Nay
1588696,10861,1,Yea
1588696,14366,1,Yea
1588696,14839,1,Yea
1588696,15471,2,Nay
1588696,16544,1,Yea
1588696,16545,1,Yea
1588696,16546,2,Nay
1588696,16548,2,Nay
1588696,16550,2,Nay
1588696,16553,1,Yea
1588696,16705,1,Yea
1588696,17034,1,Yea
1588696,18398,1,Yea
1588696,18510,1,Yea
1588696,18560,1,Yea
1588696,18564,1,Yea
1588696,20437,1,Yea
1588696,20438,1,Yea
1588696,20443,1,Yea
1588696,20444,1,Yea
1588696,20446,1,Yea
1588696,20447,1,Yea
1588696,20448,1,Yea
1588696,20449,1,Yea
1588696,20450,1,Yea
1588696,20453,1,Yea
1588696,20455,1,Yea
1588696,20457,1,Yea
1588696,20460,1,Yea
1588696,20461,1,Yea
1588696,20462,1,Yea
1588696,20464,1,Yea
1588696,20465,1,Yea
1588696,20621,1,Yea
1588696,20623,2,Nay
1588696,20897,1,Yea
1588696,21063,1,Yea
1588696,21346,1,Yea
1588696,21605,1,Yea
1588696,21606,2,Nay
1588696,22139,1,Yea
1588696,22142,1,Yea
1588696,22143,1,Yea
1588696,22144,1,Yea
1588696,22145,2,Nay
1588696,22267,1,Yea
1588696,22268,1,Yea
1588696,22269,1,Yea
1588696,22270,1,Yea
1588696,22272,1,Yea
1588696,22498,2,Nay
1588696,22499,1,Yea
1588696,22575,1,Yea
1588696,22651,1,Yea
1588696,23654,1,Yea
1588696,23655,1,Yea
1588696,23656,1,Yea
1588696,23657,1,Yea
1588696,23658,1,Yea
1588696,23659,2,Nay
1588696,23661,1,Yea
1588696,23662,1,Yea
1588696,23663,1,Yea
1588696,23664,1,Yea
1588696,23665,1,Yea
1588696,23666,1,Yea
1588696,23667,1,Yea
1588696,23668,1,Yea
1588696,23670,1,Yea
1588696,23671,1,Yea
1588696,23672,1,Yea
1588696,23673,1,Yea
1588696,23674,1,Yea
1588696,23675,1,Yea
1588696,23676,1,Yea
1588696,23677,1,Yea
1588696,23678,1,Yea
1588696,23679,2,Nay
1588696,23680,1,Yea
1588696,23681,2,Nay
1588696,23682,1,Yea
1588696,23686,2,Nay
1588696,23741,2,Nay
1588696,23742,2,Nay
1588696,23858,2,Nay
1588696,23860,2,Nay
1588696,23861,2,Nay
1588696,23862,1,Yea
1588696,23863,1,Yea
1588696,23864,2,Nay
1588696,23865,1,Yea
1588696,23892,2,Nay
1588696,23893,2,Nay
1588696,23894,2,Nay
1588696,24680,2,Nay
1588696,24681,2,Nay
1588696,25139,1,Yea
1588696,25190,2,Nay
1588696,26170,2,Nay
1588696,26171,2,Nay
1588696,26172,2,Nay
1588696,26173,1,Yea
1588696,26174,2,Nay
1588696,26175,2,Nay
1588696,26176,1,Yea
1588696,26177,1,Yea
1588696,26178,1,Yea
1588696,26179,2,Nay
1588696,26180,1,Yea
1588696,26181,1,Yea
1588696,26182,1,Yea
1588696,26183,1,Yea
1588696,26184,2,Nay
1588696,26185,1,Yea
1588696,26186,2,Nay
1588696,26187,1,Yea
1588696,26188,2,Nay
1588696,26189,2,Nay
1588696,26190,1,Yea
1588696,26439,1,Yea
1587330,6301,1,Yea
1587330,6306,1,Yea
1587330,6384,2,Nay
1587330,6387,2,Nay
1587330,6403,2,Nay
1587330,6408,1,Yea
1587330,6430,1,Yea
1587330,6436,1,Yea
1587330,6439,1,Yea
1587330,6444,1,Yea
1587330,6447,1,Yea
1587330,6458,2,Nay
1587330,6483,1,Yea
1587330,10522,2,Nay
1587330,10866,1,Yea
1587330,10869,2,Nay
1587330,10870,2,Nay
1587330,10874,2,Nay
1587330,14838,2,Nay
1587330,15070,2,Nay
1587330,15072,2,Nay
1587330,15367,2,Nay
1587330,15369,1,Yea
1587330,15371,2,Nay
1587330,15436,1,Yea
1587330,16555,2,Nay
1587330,16700,2,Nay
1587330,18340,1,Yea
1587330,18341,2,Nay
1587330,18343,1,Yea
1587330,18345,1,Yea
1587330,18346,2,Nay
1587330,18347,2,Nay
1587330,18349,2,Nay
1587330,18351,2,Nay
1587330,18352,2,Nay
1587330,18397,1,Yea
1587330,18399,1,Yea
1587330,18507,2,Nay
1587330,19400,2,Nay
1587330,20454,1,Yea
1587330,20466,1,Yea
1587330,22140,1,Yea
1587330,22141,2,Nay
1587330,22209,2,Nay
1587330,22210,1,Yea
1587330,22211,1,Yea
1587330,22442,2,Nay
1587330,22443,1,Yea
1587330,22444,1,Yea
1587330,22445,1,Yea
1587330,22653,2,Nay
1587330,23575,1,Yea
1587330,23576,1,Yea
1587330,23577,1,Yea
1587330,23578,1,Yea
1587330,23579,1,Yea
1587330,23580,1,Yea
1587330,23581,1,Yea
1587330,23582,1,Yea
1587330,23660,2,Nay
1587330,23669,1,Yea
1587330,23755,2,Nay
1587330,23756,2,Nay
1587330,23808,2,Nay
1587330,26404,1,Yea
1587330,26466,2,Nay
1587331,6301,1,Yea
1587331,6306,1,Yea
1587331,6384,2,Nay
1587331,6387,2,Nay
1587331,6403,2,Nay
1587331,6408,1,Yea
1587331,6430,1,Yea
1587331,6436,1,Yea
1587331,6439,1,Yea
1587331,6444,1,Yea
1587331,6447,1,Yea
1587331,6483,1,Yea
1587331,10522,2,Nay
1587331,10866,1,Yea
1587331,10869,1,Yea
1587331,10874,1,Yea
1587331,14838,2,Nay
1587331,15070,1,Yea
1587331,15072,2,Nay
1587331,15367,2,Nay
1587331,15369,1,Yea
1587331,15371,1,Yea
1587331,15436,1,Yea
1587331,16555,1,Yea
1587331,16700,2,Nay
1587331,18340,1,Yea
1587331,18341,2,Nay
1587331,18343,1,Yea
1587331,18345,1,Yea
1587331,18346,2,Nay
1587331,18347,2,Nay
1587331,18349,2,Nay
1587331,18351,2,Nay
1587331,18352,1,Yea
1587331,18397,1,Yea
1587331,18399,1,Yea
1587331,18507,2,Nay
1587331,19400,1,Yea
1587331,20454,1,Yea
1587331,20466,1,Yea
1587331,22140,1,Yea
1587331,22141,2,Nay
1587331,22209,1,Yea
1587331,22210,1,Yea
1587331,22211,1,Yea
1587331,22442,2,Nay
1587331,22443,1,Yea
1587331,22444,1,Yea
1587331,22445,1,Yea
1587331,22653,1,Yea
1587331,23575,1,Yea
1587331,23576,1,Yea
1587331,23577,1,Yea
1587331,23578,1,Yea
1587331,23579,1,Yea
1587331,23580,1,Yea
1587331,23581,1,Yea
1587331,23582,1,Yea
1587331,23660,1,Yea
1587331,23669,1,Yea
1587331,23755,2,Nay
1587331,23756,2,Nay
1587331,23808,2,Nay
1587331,26404,1,Yea
1587331,26466,2,Nay
1588442,6307,1,Yea
1588442,6321,1,Yea
1588442,6344,1,Yea
1588442,6367,1,Yea
1588442,6374,1,Yea
1588442,6381,1,Yea
1588442,6392,1,Yea
1588442,6407,1,Yea
1588442,10511,1,Yea
1588442,10515,1,Yea
1588442,10520,2,Nay
1588442,10524,1,Yea
1588442,10860,2,Nay
1588442,10861,1,Yea
1588442,14366,1,Yea
1588442,14839,1,Yea
1588442,15471,2,Nay
1588442,16544,2,Nay
1588442,16545,1,Yea
1588442,16546,2,Nay
1588442,16548,1,Yea
1588442,16550,2,Nay
1588442,16553,1,Yea
1588442,16705,1,Yea
1588442,17034,1,Yea
1588442,18398,1,Yea
1588442,18510,1,Yea
1588442,18560,2,Nay
1588442,18564,1,Yea
1588442,20437,1,Yea
1588442,20438,1,Yea
1588442,20443,1,Yea
1588442,20444,1,Yea
1588442,20446,1,Yea
1588442,20447,1,Yea
1588442,20448,1,Yea
1588442,20449,1,Yea
1588442,20450,1,Yea
1588442,20453,1,Yea
1588442,20455,1,Yea
1588442,20457,1,Yea
1588442,20460,1,Yea
1588442,20461,1,Yea
1588442,20462,1,Yea
1588442,20464,1,Yea
1588442,20465,1,Yea
1588442,20621,1,Yea
1588442,20623,1,Yea
1588442,20897,1,Yea
1588442,21063,2,Nay
1588442,21346,1,Yea
1588442,21605,1,Yea
1588442,21606,1,Yea
1588442,22139,1,Yea
1588442,22142,1,Yea
1588442,22143,1,Yea
1588442,22144,2,Nay
1588442,22145,2,Nay
1588442,22267,1,Yea
1588442,22268,1,Yea
1588442,22269,1,Yea
1588442,22270,1,Yea
1588442,22272,1,Yea
1588442,22498,2,Nay
1588442,22499,1,Yea
1588442,22575,2,Nay
1588442,22651,1,Yea
1588442,23654,1,Yea
1588442,23655,1,Yea
1588442,23656,1,Yea
1588442,23657,1,Yea
1588442,23658,1,Yea
1588442,23659,2,Nay
1588442,23661,1,Yea
1588442,23662,1,Yea
1588442,23663,1,Yea
1588442,23664,1,Yea
1588442,23665,1,Yea
1588442,23666,1,Yea
1588442,23667,1,Yea
1588442,23668,1,Yea
1588442,23670,1,Yea
1588442,23671,1,Yea
1588442,23672,1,Yea
1588442,23673,1,Yea
1588442,23674,1,Yea
1588442,23675,1,Yea
1588442,23676,1,Yea
1588442,23677,2,Nay
1588442,23678,1,Yea
1588442,23679,2,Nay
1588442,23680,1,Yea
1588442,23681,2,Nay
1588442,23682,1,Yea
1588442,23686,2,Nay
1588442,23741,2,Nay
1588442,23742,2,Nay
1588442,23858,2,Nay
1588442,23860,2,Nay
1588442,23861,2,Nay
1588442,23862,1,Yea
1588442,23863,1,Yea
1588442,23864,2,Nay
1588442,23865,1,Yea
1588442,23892,2,Nay
1588442,23893,2,Nay
1588442,23894,1,Yea
1588442,24680,2,Nay
1588442,24681,2,Nay
1588442,25139,1,Yea
1588442,25190,2,Nay
1588442,26170,1,Yea
1588442,26171,2,Nay
1588442,26172,1,Yea
1588442,26173,1,Yea
1588442,26174,2,Nay
1588442,26175,2,Nay
1588442,26176,1,Yea
1588442,26177,1,Yea
1588442,26178,1,Yea
1588442,26179,2,Nay
1588442,26180,1,Yea
1588442,26181,1,Yea
1588442,26182,1,Yea
1588442,26183,1,Yea
1588442,26184,2,Nay
1588442,26185,2,Nay
1588442,26186,1,Yea
1588442,26187,1,Yea
1588442,26188,2,Nay
1588442,26189,2,Nay
1588442,26190,1,Yea
1588442,26439,1,Yea
1587337,6301,1,Yea
1587337,6306,1,Yea
1587337,6384,2,Nay
1587337,6387,2,Nay
1587337,6403,2,Nay
1587337,6408,2,Nay
1587337,6430,1,Yea
1587337,6436,1,Yea
1587337,6439,1,Yea
1587337,6444,1,Yea
1587337,6447,1,Yea
1587337,6458,2,Nay
1587337,6483,1,Yea
1587337,10522,2,Nay
1587337,10866,1,Yea
1587337,10869,2,Nay
1587337,10870,2,Nay
1587337,10874,2,Nay
1587337,14838,2,Nay
1587337,15070,2,Nay
1587337,15072,2,Nay
1587337,15367,2,Nay
1587337,15369,1,Yea
1587337,15371,2,Nay
1587337,15436,1,Yea
1587337,16555,2,Nay
1587337,16700,2,Nay
1587337,18340,1,Yea
1587337,18341,2,Nay
1587337,18343,1,Yea
1587337,18345,1,Yea
1587337,18346,2,Nay
1587337,18347,2,Nay
1587337,18349,2,Nay
1587337,18351,2,Nay
1587337,18352,2,Nay
1587337,18397,1,Yea
1587337,18399,1,Yea
1587337,18507,2,Nay
1587337,19400,2,Nay
1587337,20454,1,Yea
1587337,20466,1,Yea
1587337,22140,1,Yea
1587337,22141,2,Nay
1587337,22209,2,Nay
1587337,22210,1,Yea
1587337,22211,1,Yea
1587337,22442,2,Nay
1587337,22443,1,Yea
1587337,22444,1,Yea
1587337,22445,1,Yea
1587337,22653,2,Nay
1587337,23575,1,Yea
1587337,23576,1,Yea
1587337,23577,1,Yea
1587337,23578,1,Yea
1587337,23579,1,Yea
1587337,23580,1,Yea
1587337,23581,1,Yea
1587337,23582,1,Yea
1587337,23660,2,Nay
1587337,23669,1,Yea
1587337,23755,2,Nay
1587337,23756,2,Nay
1587337,23808,2,Nay
1587337,26404,1,Yea
1587337,26466,2,Nay
1587338,6301,1,Yea
1587338,6306,1,Yea
1587338,6384,2,Nay
1587338,6387,2,Nay
1587338,6403,2,Nay
1587338,6408,2,Nay
1587338,6430,1,Yea
1587338,6436,1,Yea
1587338,6439,1,Yea
1587338,6444,1,Yea
1587338,6447,1,Yea
1587338,6458,1,Yea
1587338,6483,1,Yea
1587338,10522,2,Nay
1587338,10866,1,Yea
1587338,10869,1,Yea
1587338,10870,1,Yea
1587338,10874,1,Yea
1587338,14838,2,Nay
1587338,15070,1,Yea
1587338,15072,2,Nay
1587338,15367,2,Nay
1587338,15369,1,Yea
1587338,15371,1,Yea
1587338,15436,1,Yea
1587338,16555,1,Yea
1587338,16700,2,Nay
1587338,18340,1,Yea
1587338,18341,1,Yea
1587338,18343,1,Yea
1587338,18345,1,Yea
1587338,18346,2,Nay
1587338,18347,2,Nay
1587338,18349,2,Nay
1587338,18351,2,Nay
1587338,18352,1,Yea
1587338,18397,1,Yea
1587338,18399,1,Yea
1587338,18507,2,Nay
1587338,19400,1,Yea
1587338,20454,1,Yea
1587338,20466,1,Yea
1587338,22140,1,Yea
1587338,22141,2,Nay
1587338,22209,2,Nay
1587338,22210,1,Yea
1587338,22211,1,Yea
1587338,22442,2,Nay
1587338,22443,1,Yea
1587338,22444,1,Yea
1587338,22445,1,Yea
1587338,22653,1,Yea
1587338,23575,1,Yea
1587338,23576,1,Yea
1587338,23577,1,Yea
1587338,23578,1,Yea
1587338,23579,1,Yea
1587338,23580,1,Yea
1587338,23581,1,Yea
1587338,23582,1,Yea
1587338,23660,2,Nay
1587338,23669,1,Yea
1587338,23755,2,Nay
1587338,23756,2,Nay
1587338,23808,2,Nay
1587338,26404,1,Yea
1587338,26466,2,Nay
1588434,6307,1,Yea
1588434,6321,1,Yea
1588434,6344,1,Yea
1588434,6367,2,Nay
1588434,6374,1,Yea
1588434,6381,1,Yea
1588434,6392,1,Yea
1588434,6407,1,Yea
1588434,10511,2,Nay
1588434,10515,2,Nay
1588434,10520,2,Nay
1588434,10524,2,Nay
1588434,10860,2,Nay
1588434,10861,1,Yea
1588434,14366,1,Yea
1588434,14839,1,Yea
1588434,15471,2,Nay
1588434,16544,2,Nay
1588434,16545,1,Yea
1588434,16546,2,Nay
1588434,16548,1,Yea
1588434,16550,2,Nay
1588434,16553,1,Yea
1588434,16705,1,Yea
1588434,17034,1,Yea
1588434,18398,2,Nay
1588434,18510,1,Yea
1588434,18560,2,Nay
1588434,18564,1,Yea
1588434,20437,1,Yea
1588434,20438,1,Yea
1588434,20443,1,Yea
1588434,20444,2,Nay
1588434,20446,1,Yea
1588434,20447,1,Yea
1588434,20448,1,Yea
1588434,20449,1,Yea
1588434,20450,1,Yea
1588434,20453,1,Yea
1588434,20455,1,Yea
1588434,20457,2,Nay
1588434,20460,1,Yea
1588434,20461,1,Yea
1588434,20462,2,Nay
1588434,20464,1,Yea
1588434,20465,2,Nay
1588434,20621,1,Yea
1588434,20623,2,Nay
1588434,20897,1,Yea
1588434,21063,2,Nay
1588434,21346,2,Nay
1588434,21605,2,Nay
1588434,21606,2,Nay
1588434,22139,2,Nay
1588434,22142,2,Nay
1588434,22143,1,Yea
1588434,22144,1,Yea
1588434,22145,2,Nay
1588434,22267,1,Yea
1588434,22268,1,Yea
1588434,22269,1,Yea
1588434,22270,1,Yea
1588434,22272,1,Yea
1588434,22498,2,Nay
1588434,22499,1,Yea
1588434,22575,2,Nay
1588434,22651,1,Yea
1588434,23654,1,Yea
1588434,23655,1,Yea
1588434,23656,1,Yea
1588434,23657,1,Yea
1588434,23658,1,Yea
1588434,23659,2,Nay
1588434,23661,2,Nay
1588434,23662,1,Yea
1588434,23663,1,Yea
1588434,23664,1,Yea
1588434,23666,2,Nay
1588434,23667,1,Yea
1588434,23668,2,Nay
1588434,23670,1,Yea
1588434,23672,1,Yea
1588434,23673,1,Yea
1588434,23674,2,Nay
1588434,23675,1,Yea
1588434,23676,1,Yea
1588434,23677,2,Nay
1588434,23678,2,Nay
1588434,23679,2,Nay
1588434,23680,1,Yea
1588434,23681,2,Nay
1588434,23682,1,Yea
1588434,23686,2,Nay
1588434,23741,2,Nay
1588434,23742,2,Nay
1588434,23858,2,Nay
1588434,23860,2,Nay
1588434,23861,2,Nay
1588434,23862,1,Yea
1588434,23863,1,Yea
1588434,23864,2,Nay
1588434,23865,2,Nay
1588434,23892,2,Nay
1588434,23893,2,Nay
1588434,23894,2,Nay
1588434,24680,2,Nay
1588434,24681,2,Nay
1588434,25139,1,Yea
1588434,25190,2,Nay
1588434,26170,2,Nay
1588434,26171,2,Nay
1588434,26172,2,Nay
1588434,26173,1,Yea
1588434,26174,2,Nay
1588434,26175,2,Nay
1588434,26176,1,Yea
1588434,26177,1,Yea
1588434,26178,1,Yea
1588434,26179,2,Nay
1588434,26180,1,Yea
1588434,26181,1,Yea
1588434,26182,1,Yea
1588434,26183,1,Yea
1588434,26184,2,Nay
1588434,26185,2,Nay
1588434,26186,1,Yea
1588434,26187,1,Yea
1588434,26188,1,Yea
1588434,26189,2,Nay
1588434,26190,1,Yea
1588434,26439,1,Yea
1587277,6301,1,Yea
1587277,6306,1,Yea
1587277,6384,2,Nay
1587277,6387,2,Nay
1587277,6403,2,Nay
1587277,6408,1,Yea
1587277,6430,1,Yea
1587277,6436,1,Yea
1587277,6439,1,Yea
1587277,6444,1,Yea
1587277,6447,1,Yea
1587277,6458,1,Yea
1587277,6483,1,Yea
1587277,10522,2,Nay
1587277,10866,1,Yea
1587277,10869,1,Yea
1587277,10870,1,Yea
1587277,10874,1,Yea
1587277,14838,2,Nay
1587277,15070,1,Yea
1587277,15072,2,Nay
1587277,15367,2,Nay
1587277,15369,1,Yea
1587277,15371,1,Yea
1587277,15436,1,Yea
1587277,16555,2,Nay
1587277,16700,2,Nay
1587277,18340,1,Yea
1587277,18341,1,Yea
1587277,18343,1,Yea
1587277,18345,1,Yea
1587277,18346,2,Nay
1587277,18347,1,Yea
1587277,18349,2,Nay
1587277,18351,1,Yea
1587277,18352,1,Yea
1587277,18397,1,Yea
1587277,18399,1,Yea
1587277,18507,2,Nay
1587277,19400,1,Yea
1587277,20454,1,Yea
1587277,20466,1,Yea
1587277,22141,1,Yea
1587277,22209,2,Nay
1587277,22210,1,Yea
1587277,22211,1,Yea
1587277,22442,1,Yea
1587277,22443,1,Yea
1587277,22444,1,Yea
1587277,22445,1,Yea
1587277,22653,2,Nay
1587277,23575,1,Yea
1587277,23576,1,Yea
1587277,23577,1,Yea
1587277,23578,1,Yea
1587277,23579,1,Yea
1587277,23580,1,Yea
1587277,23581,1,Yea
1587277,23582,1,Yea
1587277,23660,2,Nay
1587277,23669,1,Yea
1587277,23755,2,Nay
1587277,23756,2,Nay
1587277,23808,2,Nay
1587277,26404,1,Yea
1587277,26466,1,Yea
1587278,6301,1,Yea
1587278,6306,1,Yea
1587278,6384,2,Nay
1587278,6387,2,Nay
1587278,6403,2,Nay
1587278,6408,1,Yea
1587278,6430,1,Yea
1587278,6436,1,Yea
1587278,6439,1,Yea
1587278,6444,1,Yea
1587278,6447,1,Yea
1587278,6458,1,Yea
1587278,6483,1,Yea
1587278,10522,2,Nay
1587278,10866,1,Yea
1587278,10869,1,Yea
1587278,10870,1,Yea
1587278,10874,1,Yea
1587278,14838,2,Nay
1587278,15070,2,Nay
1587278,15072,2,Nay
1587278,15367,2,Nay
1587278,15369,1,Yea
1587278,15371,1,Yea
1587278,15436,1,Yea
1587278,16555,2,Nay
1587278,16700,2,Nay
1587278,18340,1,Yea
1587278,18341,1,Yea
1587278,18343,1,Yea
1587278,18345,1,Yea
1587278,18346,2,Nay
1587278,18347,2,Nay
1587278,18349,2,Nay
1587278,18351,1,Yea
1587278,18352,1,Yea
1587278,18397,1,Yea
1587278,18399,1,Yea
1587278,18507,2,Nay
1587278,19400,1,Yea
1587278,20454,1,Yea
1587278,20466,1,Yea
1587278,22140,1,Yea
1587278,22141,2,Nay
1587278,22209,2,Nay
1587278,22210,1,Yea
1587278,22211,1,Yea
1587278,22442,2,Nay
1587278,22443,1,Yea
1587278,22444,1,Yea
1587278,22445,1,Yea
1587278,22653,1,Yea
1587278,23575,1,Yea
1587278,23576,1,Yea
1587278,23577,1,Yea
1587278,23578,1,Yea
1587278,23579,1,Yea
1587278,23580,1,Yea
1587278,23581,1,Yea
1587278,23582,1,Yea
1587278,23660,1,Yea
1587278,23669,1,Yea
1587278,23755,2,Nay
1587278,23756,2,Nay
1587278,23808,2,Nay
1587278,26404,1,Yea
1587278,26466,1,Yea
1588596,6307,2,Nay
1588596,6321,1,Yea
1588596,6344,1,Yea
1588596,6367,2,Nay
1588596,6374,1,Yea
1588596,6381,1,Yea
1588596,6392,1,Yea
1588596,6407,1,Yea
1588596,10511,1,Yea
1588596,10515,1,Yea
1588596,10520,1,Yea
1588596,10524,1,Yea
1588596,10860,1,Yea
1588596,10861,1,Yea
1588596,14366,1,Yea
1588596,14839,1,Yea
1588596,15471,1,Yea
1588596,16544,1,Yea
1588596,16545,1,Yea
1588596,16546,1,Yea
1588596,16548,1,Yea
1588596,16550,1,Yea
1588596,16553,1,Yea
1588596,16705,1,Yea
1588596,17034,1,Yea
1588596,18398,1,Yea
1588596,18510,1,Yea
1588596,18560,1,Yea
1588596,18564,1,Yea
1588596,20437,1,Yea
1588596,20438,1,Yea
1588596,20443,1,Yea
1588596,20444,1,Yea
1588596,20446,1,Yea
1588596,20447,1,Yea
1588596,20448,1,Yea
1588596,20449,1,Yea
1588596,20450,1,Yea
1588596,20453,1,Yea
1588596,20455,1,Yea
1588596,20457,1,Yea
1588596,20460,1,Yea
1588596,20461,1,Yea
1588596,20462,1,Yea
1588596,20464,1,Yea
1588596,20465,1,Yea
1588596,20621,1,Yea
1588596,20623,1,Yea
1588596,20897,1,Yea
1588596,21063,1,Yea
1588596,21346,1,Yea
1588596,21605,1,Yea
1588596,21606,1,Yea
1588596,22139,1,Yea
1588596,22142,1,Yea
1588596,22143,1,Yea
1588596,22144,1,Yea
1588596,22145,1,Yea
1588596,22267,1,Yea
1588596,22268,1,Yea
1588596,22269,1,Yea
1588596,22270,1,Yea
1588596,22272,1,Yea
1588596,22498,1,Yea
1588596,22499,2,Nay
1588596,22575,1,Yea
1588596,22651,1,Yea
1588596,23654,1,Yea
1588596,23655,1,Yea
1588596,23656,1,Yea
1588596,23657,1,Yea
1588596,23658,1,Yea
1588596,23659,2,Nay
1588596,23661,1,Yea
1588596,23662,1,Yea
1588596,23663,2,Nay
1588596,23664,1,Yea
1588596,23665,1,Yea
1588596,23666,1,Yea
1588596,23667,1,Yea
1588596,23668,2,Nay
1588596,23670,1,Yea
1588596,23672,1,Yea
1588596,23673,1,Yea
1588596,23674,1,Yea
1588596,23675,1,Yea
1588596,23676,2,Nay
1588596,23677,1,Yea
1588596,23678,1,Yea
1588596,23679,1,Yea
1588596,23680,1,Yea
1588596,23681,1,Yea
1588596,23682,1,Yea
1588596,23686,2,Nay
1588596,23741,2,Nay
1588596,23742,1,Yea
1588596,23858,1,Yea
1588596,23860,1,Yea
1588596,23861,2,Nay
1588596,23862,1,Yea
1588596,23863,1,Yea
1588596,23864,2,Nay
1588596,23865,1,Yea
1588596,23892,2,Nay
1588596,23893,2,Nay
1588596,23894,2,Nay
1588596,24680,2,Nay
1588596,24681,1,Yea
1588596,25139,1,Yea
1588596,25190,2,Nay
1588596,26170,1,Yea
1588596,26171,2,Nay
1588596,26172,1,Yea
1588596,26173,1,Yea
1588596,26174,1,Yea
1588596,26175,2,Nay
1588596,26176,1,Yea
1588596,26177,1,Yea
1588596,26178,1,Yea
1588596,26179,1,Yea
1588596,26180,1,Yea
1588596,26181,1,Yea
1588596,26182,1,Yea
1588596,26183,1,Yea
1588596,26184,2,Nay
1588596,26185,1,Yea
1588596,26186,1,Yea
1588596,26187,1,Yea
1588596,26188,1,Yea
1588596,26190,1,Yea
1588596,26439,1,Yea
1587441,6301,1,Yea
1587441,6306,1,Yea
1587441,6384,2,Nay
1587441,6387,2,Nay
1587441,6403,1,Yea
1587441,6408,1,Yea
1587441,6430,1,Yea
1587441,6436,1,Yea
1587441,6439,1,Yea
1587441,6444,1,Yea
1587441,6447,1,Yea
1587441,6483,1,Yea
1587441,10522,2,Nay
1587441,10866,1,Yea
1587441,10869,1,Yea
1587441,10870,1,Yea
1587441,10874,1,Yea
1587441,14838,2,Nay
1587441,15070,1,Yea
1587441,15072,2,Nay
1587441,15367,2,Nay
1587441,15369,1,Yea
1587441,15371,1,Yea
1587441,15436,1,Yea
1587441,16555,1,Yea
1587441,16700,2,Nay
1587441,18340,1,Yea
1587441,18341,2,Nay
1587441,18343,1,Yea
1587441,18345,1,Yea
1587441,18346,2,Nay
1587441,18347,2,Nay
1587441,18349,2,Nay
1587441,18351,2,Nay
1587441,18352,1,Yea
1587441,18397,1,Yea
1587441,18399,1,Yea
1587441,18507,2,Nay
1587441,19400,1,Yea
1587441,20454,1,Yea
1587441,20466,1,Yea
1587441,22140,1,Yea
1587441,22141,2,Nay
1587441,22209,2,Nay
1587441,22210,1,Yea
1587441,22211,1,Yea
1587441,22442,2,Nay
1587441,22443,1,Yea
1587441,22444,1,Yea
1587441,22445,1,Yea
1587441,22653,1,Yea
1587441,23575,1,Yea
1587441,23576,1,Yea
1587441,23577,1,Yea
1587441,23578,1,Yea
1587441,23579,1,Yea
1587441,23580,1,Yea
1587441,23581,1,Yea
1587441,23582,1,Yea
1587441,23660,2,Nay
1587441,23669,1,Yea
1587441,23755,2,Nay
1587441,23756,2,Nay
1587441,23808,2,Nay
1587441,26404,1,Yea
1587441,26466,2,Nay
1587442,6301,1,Yea
1587442,6306,1,Yea
1587442,6384,2,Nay
1587442,6387,2,Nay
1587442,6403,1,Yea
1587442,6408,1,Yea
1587442,6430,1,Yea
1587442,6436,1,Yea
1587442,6439,1,Yea
1587442,6444,1,Yea
1587442,6447,1,Yea
1587442,6483,1,Yea
1587442,10522,2,Nay
1587442,10866,1,Yea
1587442,10869,1,Yea
1587442,10870,1,Yea
1587442,10874,1,Yea
1587442,14838,2,Nay
1587442,15070,1,Yea
1587442,15072,2,Nay
1587442,15367,2,Nay
1587442,15369,1,Yea
1587442,15371,1,Yea
1587442,15436,1,Yea
1587442,16555,1,Yea
1587442,16700,2,Nay
1587442,18340,1,Yea
1587442,18341,2,Nay
1587442,18343,1,Yea
1587442,18345,1,Yea
1587442,18346,2,Nay
1587442,18347,2,Nay
1587442,18349,2,Nay
1587442,18351,2,Nay
1587442,18352,1,Yea
1587442,18397,1,Yea
1587442,18399,1,Yea
1587442,18507,2,Nay
1587442,19400,1,Yea
1587442,20454,1,Yea
1587442,20466,1,Yea
1587442,22140,1,Yea
1587442,22141,2,Nay
1587442,22209,2,Nay
1587442,22210,1,Yea
1587442,22211,1,Yea
1587442,22442,2,Nay
1587442,22443,1,Yea
1587442,22444,1,Yea
1587442,22445,1,Yea
1587442,22653,1,Yea
1587442,23575,1,Yea
1587442,23576,1,Yea
1587442,23577,1,Yea
1587442,23578,1,Yea
1587442,23579,1,Yea
1587442,23580,1,Yea
1587442,23581,1,Yea
1587442,23582,1,Yea
1587442,23660,2,Nay
1587442,23669,1,Yea
1587442,23755,2,Nay
1587442,23756,2,Nay
1587442,23808,2,Nay
1587442,26404,1,Yea
1587442,26466,2,Nay
1588638,6307,1,Yea
1588638,6321,1,Yea
1588638,6344,1,Yea
1588638,6367,1,Yea
1588638,6374,1,Yea
1588638,6381,1,Yea
1588638,6392,1,Yea
1588638,6407,2,Nay
1588638,10511,2,Nay
1588638,10515,2,Nay
1588638,10524,1,Yea
1588638,10860,2,Nay
1588638,10861,1,Yea
1588638,14366,1,Yea
1588638,14839,1,Yea
1588638,15471,2,Nay
1588638,16544,1,Yea
1588638,16545,1,Yea
1588638,16546,1,Yea
1588638,16548,1,Yea
1588638,16550,2,Nay
1588638,16553,2,Nay
1588638,16705,1,Yea
1588638,17034,1,Yea
1588638,18398,1,Yea
1588638,18510,1,Yea
1588638,18560,2,Nay
1588638,18564,2,Nay
1588638,20437,1,Yea
1588638,20438,1,Yea
1588638,20443,1,Yea
1588638,20444,1,Yea
1588638,20446,1,Yea
1588638,20447,1,Yea
1588638,20448,1,Yea
1588638,20449,1,Yea
1588638,20450,1,Yea
1588638,20453,1,Yea
1588638,20455,1,Yea
1588638,20457,1,Yea
1588638,20460,1,Yea
1588638,20461,1,Yea
1588638,20462,1,Yea
1588638,20464,1,Yea
1588638,20465,1,Yea
1588638,20621,1,Yea
1588638,20623,2,Nay
1588638,20897,1,Yea
1588638,21063,2,Nay
1588638,21346,2,Nay
1588638,21605,1,Yea
1588638,21606,1,Yea
1588638,22139,1,Yea
1588638,22142,1,Yea
1588638,22143,1,Yea
1588638,22144,1,Yea
1588638,22267,1,Yea
1588638,22268,1,Yea
1588638,22269,1,Yea
1588638,22270,1,Yea
1588638,22272,1,Yea
1588638,22498,1,Yea
1588638,22499,1,Yea
1588638,22575,2,Nay
1588638,22651,1,Yea
1588638,23654,1,Yea
1588638,23655,1,Yea
1588638,23656,1,Yea
1588638,23657,1,Yea
1588638,23658,1,Yea
1588638,23659,2,Nay
1588638,23661,1,Yea
1588638,23662,1,Yea
1588638,23663,1,Yea
1588638,23664,1,Yea
1588638,23665,1,Yea
1588638,23666,1,Yea
1588638,23667,1,Yea
1588638,23668,1,Yea
1588638,23670,1,Yea
1588638,23671,1,Yea
1588638,23672,1,Yea
1588638,23673,1,Yea
1588638,23674,1,Yea
1588638,23675,1,Yea
1588638,23676,1,Yea
1588638,23677,2,Nay
1588638,23678,1,Yea
1588638,23679,2,Nay
1588638,23680,1,Yea
1588638,23681,2,Nay
1588638,23682,1,Yea
1588638,23686,2,Nay
1588638,23741,1,Yea
1588638,23742,2,Nay
1588638,23858,2,Nay
1588638,23860,2,Nay
1588638,23861,2,Nay
1588638,23862,1,Yea
1588638,23863,2,Nay
1588638,23864,2,Nay
1588638,23865,1,Yea
1588638,23892,2,Nay
1588638,23893,2,Nay
1588638,23894,1,Yea
1588638,24680,2,Nay
1588638,24681,2,Nay
1588638,25139,1,Yea
1588638,25190,2,Nay
1588638,26170,1,Yea
1588638,26171,2,Nay
1588638,26172,1,Yea
1588638,26173,1,Yea
1588638,26174,1,Yea
1588638,26175,2,Nay
1588638,26176,1,Yea
1588638,26177,1,Yea
1588638,26178,1,Yea
1588638,26180,1,Yea
1588638,26181,1,Yea
1588638,26182,1,Yea
1588638,26183,1,Yea
1588638,26184,2,Nay
1588638,26185,2,Nay
1588638,26186,1,Yea
1588638,26187,1,Yea
1588638,26188,2,Nay
1588638,26189,1,Yea
1588638,26190,1,Yea
1588638,26439,1,Yea
1587420,6301,1,Yea
1587420,6306,1,Yea
1587420,6384,2,Nay
1587420,6387,2,Nay
1587420,6403,1,Yea
1587420,6408,1,Yea
1587420,6430,1,Yea
1587420,6436,1,Yea
1587420,6439,1,Yea
1587420,6444,1,Yea
1587420,6447,1,Yea
1587420,6458,1,Yea
1587420,6483,1,Yea
1587420,10522,2,Nay
1587420,10866,1,Yea
1587420,10869,1,Yea
1587420,10870,2,Nay
1587420,10874,1,Yea
1587420,14838,2,Nay
1587420,15070,1,Yea
1587420,15072,2,Nay
1587420,15367,2,Nay
1587420,15369,1,Yea
1587420,15371,1,Yea
1587420,15436,1,Yea
1587420,16555,1,Yea
1587420,16700,2,Nay
1587420,18340,1,Yea
1587420,18341,1,Yea
1587420,18343,1,Yea
1587420,18345,1,Yea
1587420,18346,1,Yea
1587420,18347,2,Nay
1587420,18349,2,Nay
1587420,18351,2,Nay
1587420,18352,1,Yea
1587420,18397,1,Yea
1587420,18399,1,Yea
1587420,18507,2,Nay
1587420,19400,1,Yea
1587420,20454,1,Yea
1587420,20466,1,Yea
1587420,22140,1,Yea
1587420,22141,2,Nay
1587420,22209,2,Nay
1587420,22210,1,Yea
1587420,22211,1,Yea
1587420,22442,1,Yea
1587420,22443,1,Yea
1587420,22444,1,Yea
1587420,22445,1,Yea
1587420,22653,1,Yea
1587420,23575,1,Yea
1587420,23576,1,Yea
1587420,23577,1,Yea
1587420,23578,1,Yea
1587420,23579,1,Yea
1587420,23580,1,Yea
1587420,23581,1,Yea
1587420,23582,1,Yea
1587420,23660,1,Yea
1587420,23669,1,Yea
1587420,23755,2,Nay
1587420,23756,2,Nay
1587420,23808,1,Yea
1587420,26404,1,Yea
1587420,26466,2,Nay
1587421,6301,1,Yea
1587421,6306,1,Yea
1587421,6384,2,Nay
1587421,6387,2,Nay
1587421,6403,1,Yea
1587421,6408,1,Yea
1587421,6430,1,Yea
1587421,6436,1,Yea
1587421,6439,1,Yea
1587421,6444,1,Yea
1587421,6447,1,Yea
1587421,6458,1,Yea
1587421,6483,1,Yea
1587421,10522,2,Nay
1587421,10866,1,Yea
1587421,10869,1,Yea
1587421,10870,2,Nay
1587421,10874,1,Yea
1587421,14838,2,Nay
1587421,15070,1,Yea
1587421,15072,2,Nay
1587421,15367,2,Nay
1587421,15369,1,Yea
1587421,15371,1,Yea
1587421,15436,1,Yea
1587421,16555,1,Yea
1587421,16700,2,Nay
1587421,18340,1,Yea
1587421,18341,1,Yea
1587421,18343,1,Yea
1587421,18345,1,Yea
1587421,18346,1,Yea
1587421,18347,2,Nay
1587421,18349,2,Nay
1587421,18351,2,Nay
1587421,18352,1,Yea
1587421,18397,1,Yea
1587421,18399,1,Yea
1587421,18507,2,Nay
1587421,19400,1,Yea
1587421,20454,1,Yea
1587421,20466,1,Yea
1587421,22140,1,Yea
1587421,22141,2,Nay
1587421,22209,2,Nay
1587421,22210,1,Yea
1587421,22211,1,Yea
1587421,22442,1,Yea
1587421,22443,1,Yea
1587421,22444,1,Yea
1587421,22445,1,Yea
1587421,22653,1,Yea
1587421,23575,1,Yea
1587421,23576,1,Yea
1587421,23577,1,Yea
1587421,23578,1,Yea
1587421,23579,1,Yea
1587421,23580,1,Yea
1587421,23581,1,Yea
1587421,23582,1,Yea
1587421,23660,1,Yea
1587421,23669,1,Yea
1587421,23755,2,Nay
1587421,23756,2,Nay
1587421,23808,1,Yea
1587421,26404,1,Yea
1587421,26466,2,Nay
1588613,6307,1,Yea
1588613,6321,1,Yea
1588613,6344,1,Yea
1588613,6367,1,Yea
1588613,6374,1,Yea
1588613,6381,1,Yea
1588613,6392,1,Yea
1588613,6407,1,Yea
1588613,10511,1,Yea
1588613,10515,1,Yea
1588613,10524,1,Yea
1588613,10860,1,Yea
1588613,10861,1,Yea
1588613,14366,1,Yea
1588613,14839,1,Yea
1588613,15471,1,Yea
1588613,16544,1,Yea
1588613,16545,1,Yea
1588613,16546,1,Yea
1588613,16548,1,Yea
1588613,16550,1,Yea
1588613,16553,1,Yea
1588613,16705,1,Yea
1588613,17034,1,Yea
1588613,18398,1,Yea
1588613,18510,1,Yea
1588613,18560,2,Nay
1588613,18564,1,Yea
1588613,20437,1,Yea
1588613,20438,1,Yea
1588613,20443,1,Yea
1588613,20444,1,Yea
1588613,20446,1,Yea
1588613,20447,1,Yea
1588613,20448,1,Yea
1588613,20449,1,Yea
1588613,20450,1,Yea
1588613,20453,1,Yea
1588613,20455,1,Yea
1588613,20457,1,Yea
1588613,20460,1,Yea
1588613,20461,1,Yea
1588613,20462,1,Yea
1588613,20464,1,Yea
1588613,20465,1,Yea
1588613,20621,1,Yea
1588613,20623,2,Nay
1588613,20897,1,Yea
1588613,21063,1,Yea
1588613,21346,1,Yea
1588613,21605,1,Yea
1588613,21606,1,Yea
1588613,22139,1,Yea
1588613,22142,1,Yea
1588613,22143,1,Yea
1588613,22144,1,Yea
1588613,22267,1,Yea
1588613,22268,1,Yea
1588613,22269,1,Yea
1588613,22270,1,Yea
1588613,22272,1,Yea
1588613,22498,1,Yea
1588613,22499,1,Yea
1588613,22575,1,Yea
1588613,22651,1,Yea
1588613,23654,1,Yea
1588613,23655,1,Yea
1588613,23656,1,Yea
1588613,23657,1,Yea
1588613,23658,1,Yea
1588613,23659,2,Nay
1588613,23661,1,Yea
1588613,23662,1,Yea
1588613,23663,1,Yea
1588613,23664,1,Yea
1588613,23665,1,Yea
1588613,23666,1,Yea
1588613,23667,1,Yea
1588613,23668,1,Yea
1588613,23670,1,Yea
1588613,23671,1,Yea
1588613,23672,1,Yea
1588613,23673,1,Yea
1588613,23674,1,Yea
1588613,23675,1,Yea
1588613,23676,1,Yea
1588613,23677,1,Yea
1588613,23678,1,Yea
1588613,23679,1,Yea
1588613,23680,1,Yea
1588613,23681,1,Yea
1588613,23682,1,Yea
1588613,23686,2,Nay
1588613,23741,1,Yea
1588613,23742,1,Yea
1588613,23858,2,Nay
1588613,23860,2,Nay
1588613,23861,2,Nay
1588613,23862,1,Yea
1588613,23863,1,Yea
1588613,23864,2,Nay
1588613,23865,1,Yea
1588613,23892,2,Nay
1588613,23893,2,Nay
1588613,23894,1,Yea
1588613,24680,2,Nay
1588613,24681,2,Nay
1588613,25139,1,Yea
1588613,25190,2,Nay
1588613,26170,1,Yea
1588613,26171,1,Yea
1588613,26172,1,Yea
1588613,26173,1,Yea
1588613,26174,1,Yea
1588613,26175,2,Nay
1588613,26176,1,Yea
1588613,26177,1,Yea
1588613,26178,1,Yea
1588613,26179,1,Yea
1588613,26180,1,Yea
1588613,26181,1,Yea
1588613,26182,1,Yea
1588613,26183,1,Yea
1588613,26184,2,Nay
1588613,26185,1,Yea
1588613,26186,1,Yea
1588613,26187,1,Yea
1588613,26188,1,Yea
1588613,26189,1,Yea
1588613,26190,1,Yea
1588613,26439,1,Yea
1587406,6301,1,Yea
1587406,6306,1,Yea
1587406,6387,2,Nay
1587406,6403,2,Nay
1587406,6408,1,Yea
1587406,6430,1,Yea
1587406,6436,1,Yea
1587406,6439,1,Yea
1587406,6444,2,Nay
1587406,6447,1,Yea
1587406,6458,2,Nay
1587406,6483,1,Yea
1587406,10522,2,Nay
1587406,10866,1,Yea
1587406,10869,1,Yea
1587406,10870,1,Yea
1587406,10874,1,Yea
1587406,14838,2,Nay
1587406,15070,1,Yea
1587406,15072,1,Yea
1587406,15367,2,Nay
1587406,15369,2,Nay
1587406,15371,1,Yea
1587406,15436,1,Yea
1587406,16555,1,Yea
1587406,16700,2,Nay
1587406,18340,1,Yea
1587406,18341,1,Yea
1587406,18343,1,Yea
1587406,18345,1,Yea
1587406,18346,1,Yea
1587406,18347,1,Yea
1587406,18349,2,Nay
1587406,18351,1,Yea
1587406,18352,1,Yea
1587406,18397,2,Nay
1587406,18399,2,Nay
1587406,18507,2,Nay
1587406,19400,1,Yea
1587406,20454,2,Nay
1587406,20466,2,Nay
1587406,22140,2,Nay
1587406,22141,1,Yea
1587406,22209,1,Yea
1587406,22210,2,Nay
1587406,22211,1,Yea
1587406,22442,1,Yea
1587406,22443,2,Nay
1587406,22444,1,Yea
1587406,22445,2,Nay
1587406,22653,1,Yea
1587406,23575,1,Yea
1587406,23576,1,Yea
1587406,23577,1,Yea
1587406,23578,2,Nay
1587406,23579,2,Nay
1587406,23580,2,Nay
1587406,23581,1,Yea
1587406,23582,1,Yea
1587406,23660,1,Yea
1587406,23669,2,Nay
1587406,23755,2,Nay
1587406,23756,2,Nay
1587406,23808,1,Yea
1587406,26404,2,Nay
1587406,26466,1,Yea
1587407,6301,1,Yea
1587407,6306,1,Yea
1587407,6384,2,Nay
1587407,6387,2,Nay
1587407,6403,1,Yea
1587407,6408,1,Yea
1587407,6430,1,Yea
1587407,6436,1,Yea
1587407,6439,1,Yea
1587407,6444,2,Nay
1587407,6447,1,Yea
1587407,6458,1,Yea
1587407,6483,1,Yea
1587407,10522,2,Nay
1587407,10869,1,Yea
1587407,10870,2,Nay
1587407,10874,1,Yea
1587407,14838,2,Nay
1587407,15070,1,Yea
1587407,15072,1,Yea
1587407,15367,2,Nay
1587407,15369,1,Yea
1587407,15371,1,Yea
1587407,15436,1,Yea
1587407,16555,1,Yea
1587407,16700,2,Nay
1587407,18340,1,Yea
1587407,18341,1,Yea
1587407,18343,1,Yea
1587407,18345,1,Yea
1587407,18346,2,Nay
1587407,18347,2,Nay
1587407,18349,2,Nay
1587407,18351,1,Yea
1587407,18352,1,Yea
1587407,18397,1,Yea
1587407,18399,1,Yea
1587407,18507,2,Nay
1587407,19400,1,Yea
1587407,20454,1,Yea
1587407,20466,1,Yea
1587407,22140,1,Yea
1587407,22141,2,Nay
1587407,22209,1,Yea
1587407,22210,2,Nay
1587407,22442,1,Yea
1587407,22443,2,Nay
1587407,22444,1,Yea
1587407,22445,1,Yea
1587407,22653,1,Yea
1587407,23575,1,Yea
1587407,23576,1,Yea
1587407,23577,1,Yea
1587407,23578,1,Yea
1587407,23579,1,Yea
1587407,23580,1,Yea
1587407,23581,1,Yea
1587407,23582,1,Yea
1587407,23660,1,Yea
1587407,23669,1,Yea
1587407,23755,2,Nay
1587407,23756,2,Nay
1587407,23808,2,Nay
1587407,26404,1,Yea
1587407,26466,2,Nay
1588462,6307,2,Nay
1588462,6321,1,Yea
1588462,6344,1,Yea
1588462,6367,2,Nay
1588462,6374,1,Yea
1588462,6381,1,Yea
1588462,6392,1,Yea
1588462,6407,1,Yea
1588462,10511,1,Yea
1588462,10515,2,Nay
1588462,10524,1,Yea
1588462,10860,1,Yea
1588462,10861,1,Yea
1588462,14366,2,Nay
1588462,14839,1,Yea
1588462,15471,1,Yea
1588462,16544,1,Yea
1588462,16545,1,Yea
1588462,16546,1,Yea
1588462,16548,1,Yea
1588462,16550,1,Yea
1588462,16553,1,Yea
1588462,16705,1,Yea
1588462,17034,2,Nay
1588462,18398,2,Nay
1588462,18510,1,Yea
1588462,18560,1,Yea
1588462,18564,1,Yea
1588462,20437,1,Yea
1588462,20438,1,Yea
1588462,20443,1,Yea
1588462,20444,2,Nay
1588462,20446,2,Nay
1588462,20447,2,Nay
1588462,20448,1,Yea
1588462,20449,1,Yea
1588462,20450,2,Nay
1588462,20453,1,Yea
1588462,20455,2,Nay
1588462,20457,2,Nay
1588462,20460,1,Yea
1588462,20461,1,Yea
1588462,20462,2,Nay
1588462,20464,1,Yea
1588462,20465,2,Nay
1588462,20621,1,Yea
1588462,20623,2,Nay
1588462,20897,1,Yea
1588462,21063,1,Yea
1588462,21346,1,Yea
1588462,21605,2,Nay
1588462,21606,1,Yea
1588462,22139,2,Nay
1588462,22142,2,Nay
1588462,22144,2,Nay
1588462,22145,1,Yea
1588462,22267,1,Yea
1588462,22268,1,Yea
1588462,22269,2,Nay
1588462,22270,1,Yea
1588462,22272,1,Yea
1588462,22498,1,Yea
1588462,22499,2,Nay
1588462,22575,1,Yea
1588462,22651,2,Nay
1588462,23654,2,Nay
1588462,23655,2,Nay
1588462,23656,1,Yea
1588462,23657,2,Nay
1588462,23658,1,Yea
1588462,23659,1,Yea
1588462,23661,2,Nay
1588462,23662,2,Nay
1588462,23663,1,Yea
1588462,23667,1,Yea
1588462,23668,2,Nay
1588462,23670,1,Yea
1588462,23671,2,Nay
1588462,23672,2,Nay
1588462,23673,2,Nay
1588462,23674,2,Nay
1588462,23675,1,Yea
1588462,23676,2,Nay
1588462,23677,1,Yea
1588462,23678,1,Yea
1588462,23679,1,Yea
1588462,23680,1,Yea
1588462,23681,1,Yea
1588462,23682,1,Yea
1588462,23686,1,Yea
1588462,23741,1,Yea
1588462,23742,1,Yea
1588462,23858,1,Yea
1588462,23860,1,Yea
1588462,23861,1,Yea
1588462,23862,1,Yea
1588462,23863,1,Yea
1588462,23864,1,Yea
1588462,23865,1,Yea
1588462,23892,1,Yea
1588462,23893,2,Nay
1588462,23894,1,Yea
1588462,24680,1,Yea
1588462,24681,1,Yea
1588462,25139,1,Yea
1588462,25190,2,Nay
1588462,26170,1,Yea
1588462,26171,1,Yea
1588462,26172,1,Yea
1588462,26173,2,Nay
1588462,26174,1,Yea
1588462,26175,2,Nay
1588462,26176,2,Nay
1588462,26177,2,Nay
1588462,26178,1,Yea
1588462,26179,1,Yea
1588462,26180,2,Nay
1588462,26181,2,Nay
1588462,26182,2,Nay
1588462,26183,1,Yea
1588462,26184,2,Nay
1588462,26185,1,Yea
1588462,26186,1,Yea
1588462,26187,1,Yea
1588462,26188,1,Yea
1588462,26189,1,Yea
1588462,26190,1,Yea
1588462,26439,1,Yea
