bill_id,roll_call_id,date,chamber,description,yea,nay,nv,absent,total
1898124,1477494,2025-01-30,House,"House Third Reading",36,0,0,5,41
1898124,1551476,2025-04-17,Senate,"Senate Third Reading",19,0,0,2,21
1898125,1520215,2025-03-18,House,"House Third Reading",21,17,0,3,41
1898125,1551342,2025-04-17,Senate,"Senate Third Reading",11,8,0,2,21
1898126,1473673,2025-01-23,House,"House Third Reading",39,0,0,2,41
1898126,1477403,2025-01-30,Senate,"Senate Third Reading",19,0,0,0,19
1898128,1470909,2024-12-16,Senate,"Senate Third Reading",20,0,0,1,21
1898129,1475507,2025-01-28,House,"House Third Reading",37,0,0,4,41
1898130,1470910,2024-12-16,Senate,"Senate Third Reading",20,0,0,1,21
1898131,1475745,2025-01-28,House,"House Third Reading",36,0,0,5,41
1898131,1528050,2025-03-26,Senate,"Senate Third Reading",21,0,0,0,21
1898132,1522916,2025-03-20,House,"House Third Reading",36,0,0,5,41
1898132,1596912,2025-06-30,Senate,"Senate Third Reading",21,0,0,0,21
1898132,1596913,2025-06-30,House,"House Third Reading",37,0,0,3,40
1898133,1574346,2025-05-20,House,"House Third Reading",38,0,0,3,41
1898133,1595541,2025-06-26,Senate,"Senate Third Reading",21,0,0,0,21
1898134,1470911,2024-12-16,Senate,"Senate Third Reading",14,6,0,1,21
1898135,1517395,2025-03-13,House,"House Third Reading",35,0,0,6,41
1898135,1551258,2025-04-17,Senate,"Senate Third Reading",19,0,0,2,21
1898136,1477747,2025-01-30,House,"House Third Reading",37,0,0,4,41
1898136,1596802,2025-06-30,Senate,"Senate Third Reading",21,0,0,0,21
1898136,1596803,2025-07-01,House,"House Third Reading",39,0,0,1,40
1898137,1470912,2024-12-16,Senate,"Senate Third Reading",20,0,0,1,21
1898138,1594476,2025-06-24,House,"House Third Reading",28,12,0,0,40
1898138,1596974,2025-06-30,Senate,"Senate Third Reading",14,7,0,0,21
1898139,1473661,2025-01-23,House,"House Third Reading",39,0,0,2,41
1898139,1551397,2025-04-17,Senate,"Senate Third Reading",19,0,0,2,21
1898140,1470913,2024-12-16,Senate,"Senate Third Reading",19,0,0,2,21
1898141,1526279,2025-03-25,House,"House Third Reading",39,0,0,2,41
1898141,1595585,2025-06-26,Senate,"Senate Third Reading",21,0,0,0,21
1901155,1587448,2025-06-10,Senate,"Senate Third Reading",21,0,0,0,21
1901155,1595737,2025-06-26,House,"House Third Reading",39,0,0,1,40
1901167,1588050,2025-06-10,Senate,"Senate Third Reading",17,0,0,4,21
1901167,1595681,2025-06-26,House,"House Third Reading",39,0,0,1,40
1901205,1543826,2025-04-10,Senate,"Senate Third Reading",16,5,0,0,21
1901225,1571567,2025-05-14,Senate,"Senate Third Reading",21,0,0,0,21
1901225,1589770,2025-06-12,House,"House Third Reading",40,0,0,1,41
1901243,1543431,2025-04-10,Senate,"Senate Third Reading",21,0,0,0,21
1901258,1472852,2025-01-21,Senate,"Senate Third Reading",19,0,0,0,19
1901258,1596828,2025-07-01,House,"House Third Reading",32,5,2,1,40
1908419,1477663,2025-01-30,House,"House Third Reading",37,0,0,4,41
1908419,1519881,2025-03-18,Senate,"Senate Third Reading",19,0,0,2,21
1908484,1520164,2025-03-18,House,"House Third Reading",36,0,0,5,41
1908484,1596833,2025-07-01,Senate,"Senate Third Reading",21,0,0,0,21
1908540,1548539,2025-04-15,House,"House Third Reading",39,0,1,1,41
1908540,1576334,2025-05-22,Senate,"Senate Third Reading",19,0,0,2,21
1908599,1591727,2025-06-17,House,"House Third Reading",40,0,0,1,41
1908599,1595055,2025-06-25,Senate,"Senate Third Reading",21,0,0,0,21
1908658,1473788,2025-01-23,House,"House Third Reading",39,0,0,2,41
1908658,1477333,2025-01-30,Senate,"Senate Third Reading",19,0,0,0,19
1910674,1575961,2025-05-22,Senate,"Senate Third Reading",20,0,0,1,21
1910674,1596911,2025-07-01,House,"House Third Reading",30,1,0,9,40
1910907,1472851,2025-01-21,Senate,"Senate Third Reading",19,0,0,0,19
1910907,1477428,2025-01-30,House,"House Third Reading",37,0,0,4,41
1911024,1477637,2025-01-30,Senate,"Senate Third Reading",16,3,0,0,19
1911144,1566634,2025-05-06,Senate,"Senate Third Reading",20,0,0,1,21
1911144,1591723,2025-06-17,House,"House Third Reading",40,0,0,1,41
1911260,1576347,2025-05-22,Senate,"Senate Third Reading",19,0,0,2,21
1911260,1595614,2025-06-26,House,"House Third Reading",38,2,0,0,40
1911381,1574443,2025-05-20,Senate,"Senate Third Reading",18,0,1,2,21
1911381,1595258,2025-06-25,House,"House Third Reading",39,0,0,1,40
1911501,1526135,2025-03-25,Senate,"Senate Third Reading",21,0,0,0,21
1911501,1589659,2025-06-12,House,"House Third Reading",40,0,0,1,41
1911737,1473755,2025-01-23,Senate,"Senate Third Reading",18,0,0,1,19
1911737,1477838,2025-01-30,House,"House Third Reading",37,0,0,4,41
1917929,1471385,2025-01-14,Senate,"Senate Third Reading",17,0,0,2,19
1918117,1471386,2025-01-14,Senate,"Senate Third Reading",17,0,0,2,19
1918397,1471387,2025-01-14,Senate,"Senate Third Reading",19,0,0,0,19
1918487,1471388,2025-01-14,Senate,"Senate Third Reading",19,0,0,0,19
1918487,1555466,2025-01-15,House,"House Third Reading",0,0,0,0,0
1920663,1475761,2025-01-28,House,"House Third Reading",37,0,0,4,41
1920663,1594373,2025-06-24,Senate,"Senate Third Reading",21,0,0,0,21
1920843,1471736,2025-01-15,Senate,"Senate Third Reading",19,0,0,0,19
1920843,1471905,2025-01-16,House,"House Third Reading",0,0,0,0,0
1923225,1517328,2025-03-13,House,"House Third Reading",34,0,0,7,41
1923225,1526388,2025-03-25,Senate,"Senate Third Reading",21,0,0,0,21
1923446,1475575,2025-01-28,House,"House Third Reading",36,0,0,5,41
1923446,1528887,2025-03-27,Senate,"Senate Third Reading",19,0,0,2,21
1923669,1565819,2025-05-06,House,"House Third Reading",12,23,1,5,41
1923892,1471917,2025-01-16,Senate,"Senate Third Reading",18,0,0,1,19
1923892,1471918,2025-01-16,House,"House Third Reading",0,0,0,0,0
1924113,1471920,2025-01-16,House,"House Third Reading",0,0,0,0,0
1924113,1471921,2025-01-16,Senate,"Senate Third Reading",18,0,0,1,19
1925789,1522853,2025-03-20,Senate,"Senate Third Reading",18,0,0,3,21
1931153,1519855,2025-03-18,House,"House Third Reading",36,0,0,5,41
1931153,1568136,2025-05-08,Senate,"Senate Third Reading",20,0,0,1,21
1931291,1517101,2025-03-13,House,"House Third Reading",35,0,0,6,41
1931291,1528198,2025-03-26,Senate,"Senate Third Reading",21,0,0,0,21
1931431,1477419,2025-01-21,House,"House Third Reading",0,0,0,0,0
1931431,1477420,2025-01-30,Senate,"Senate Third Reading",19,0,0,0,19
1931572,1472601,2025-01-21,House,"House Third Reading",0,0,0,0,0
1931572,1472853,2025-01-21,Senate,"Senate Third Reading",19,0,0,0,19
1936457,1568473,2025-05-08,Senate,"Senate Third Reading",20,0,0,1,21
1936457,1595253,2025-06-25,House,"House Third Reading",37,2,0,1,40
1936457,1595542,2025-06-26,Senate,"Senate Third Reading",21,0,0,0,21
1937314,1517751,2025-03-13,House,"House Third Reading",36,0,0,5,41
1937314,1529107,2025-03-27,Senate,"Senate Third Reading",19,0,0,2,21
1937624,1473604,2025-01-23,Senate,"Senate Third Reading",18,0,0,1,19
1937624,1473605,2025-01-23,House,"House Third Reading",0,0,0,0,0
1937780,1473609,2025-01-23,House,"House Third Reading",0,0,0,0,0
1937780,1473610,2025-01-23,Senate,"Senate Third Reading",18,0,0,1,19
1937937,1473613,2025-01-23,House,"House Third Reading",0,0,0,0,0
1937937,1473614,2025-01-23,Senate,"Senate Third Reading",18,0,0,1,19
1938101,1475431,2025-01-28,Senate,"Senate Third Reading",19,0,0,0,19
1938101,1477483,2025-01-30,House,"House Third Reading",37,0,0,4,41
1938393,1568403,2025-05-08,Senate,"Senate Third Reading",12,1,0,8,21
1938393,1572997,2025-05-15,Senate,"Senate Third Reading",20,0,1,0,21
1938393,1591677,2025-06-17,House,"House Third Reading",40,0,0,1,41
1938687,1543772,2025-04-10,Senate,"Senate Third Reading",21,0,0,0,21
1938687,1568379,2025-05-08,House,"House Third Reading",33,0,0,8,41
1938687,1571943,2025-05-15,Senate,"Senate Third Reading",21,0,0,0,21
1943980,1476648,2025-01-28,House,"House Third Reading",0,0,0,0,0
1943980,1476649,2025-01-29,Senate,"Senate Third Reading",19,0,0,0,19
1944127,1475415,2025-01-28,Senate,"Senate Third Reading",18,0,0,1,19
1944127,1475416,2025-01-28,House,"House Third Reading",0,0,0,0,0
1944273,1475418,2025-01-28,Senate,"Senate Third Reading",19,0,0,0,19
1944273,1476461,2025-01-29,House,"House Third Reading",0,0,0,0,0
1944417,1477537,2025-01-30,Senate,"Senate Third Reading",18,0,0,1,19
1944417,1477538,2025-01-30,House,"House Third Reading",0,0,0,0,0
1944559,1475423,2025-01-28,Senate,"Senate Third Reading",18,0,0,1,19
1944559,1475424,2025-01-28,House,"House Third Reading",0,0,0,0,0
1944565,1543728,2025-04-10,Senate,"Senate Third Reading",21,0,0,0,21
1944565,1595701,2025-06-26,House,"House Third Reading",40,0,0,0,40
1946119,1517419,2025-03-13,House,"House Third Reading",36,0,0,5,41
1946119,1551693,2025-04-17,Senate,"Senate Third Reading",19,0,0,2,21
1946242,1476785,2025-01-29,House,"House Third Reading",0,0,0,0,0
1946242,1476786,2025-01-29,Senate,"Senate Third Reading",19,0,0,0,19
1946363,1476767,2025-01-29,House,"House Third Reading",0,0,0,0,0
1946363,1476768,2025-01-29,Senate,"Senate Third Reading",19,0,0,0,19
1946481,1476765,2025-01-29,House,"House Third Reading",0,0,0,0,0
1946481,1476766,2025-01-29,Senate,"Senate Third Reading",19,0,0,0,19
1946728,1514864,2025-03-11,Senate,"Senate Third Reading",15,6,0,0,21
1946963,1476560,2025-01-29,Senate,"Senate Third Reading",19,0,0,0,19
1946963,1514296,2025-03-11,House,"House Third Reading",0,0,0,0,0
1947194,1476569,2025-01-29,Senate,"Senate Third Reading",19,0,0,0,19
1947194,1477307,2025-01-30,House,"House Third Reading",0,0,0,0,0
1947430,1476577,2025-01-29,Senate,"Senate Third Reading",19,0,0,0,19
1947430,1477512,2025-01-30,House,"House Third Reading",0,0,0,0,0
1948271,1477855,2025-01-30,Senate,"Senate Third Reading",19,0,0,0,19
1948271,1477856,2025-01-30,House,"House Third Reading",34,0,3,4,41
1948280,1548423,2025-04-15,House,"House Third Reading",40,0,0,1,41
1948280,1592077,2025-06-17,Senate,"Senate Third Reading",19,0,0,2,21
1948336,1477302,2025-01-30,Senate,"Senate Third Reading",18,0,0,1,19
1948336,1477303,2025-01-30,House,"House Third Reading",0,0,0,0,0
1948402,1589695,2025-06-12,House,"House Third Reading",38,0,0,3,41
1948402,1596917,2025-06-30,Senate,"Senate Third Reading",21,0,0,0,21
1948468,1522878,2025-03-20,House,"House Third Reading",36,0,0,5,41
1948468,1576218,2025-05-22,Senate,"Senate Third Reading",18,0,0,3,21
1948532,1520531,2025-03-18,House,"House Third Reading",36,0,0,5,41
1948532,1568372,2025-05-08,Senate,"Senate Third Reading",20,0,0,1,21
1948532,1570251,2025-05-13,House,"House Third Reading",37,0,0,4,41
1948599,1477308,2025-01-30,House,"House Third Reading",0,0,0,0,0
1948599,1477309,2025-01-30,Senate,"Senate Third Reading",19,0,0,0,19
1948667,1477310,2025-01-30,Senate,"Senate Third Reading",18,0,0,1,19
1948667,1477311,2025-01-30,House,"House Third Reading",0,0,0,0,0
1948732,1527048,2025-03-25,House,"House Third Reading",39,0,0,2,41
1948732,1566120,2025-05-06,Senate,"Senate Third Reading",20,0,0,1,21
1948803,1477315,2025-01-30,Senate,"Senate Third Reading",18,0,0,1,19
1948803,1477316,2025-01-30,House,"House Third Reading",0,0,0,0,0
1949010,1477321,2025-01-30,Senate,"Senate Third Reading",18,0,0,1,19
1949010,1477322,2025-01-30,House,"House Third Reading",0,0,0,0,0
1949079,1477324,2025-01-30,House,"House Third Reading",0,0,0,0,0
1949079,1477325,2025-01-30,Senate,"Senate Third Reading",19,0,0,0,19
1972081,1517307,2025-03-13,Senate,"Senate Third Reading",20,0,0,1,21
1972081,1526877,2025-03-25,House,"House Third Reading",32,7,0,2,41
1975652,1548480,2025-04-15,House,"House Third Reading",27,12,0,2,41
1975652,1594262,2025-06-24,Senate,"Senate Third Reading",15,6,0,0,21
1975652,1595667,2025-06-26,House,"House Third Reading",27,13,0,0,40
1975652,1596903,2025-06-30,Senate,"Senate Third Reading",15,6,0,0,21
1977245,1589845,2025-06-12,Senate,"Senate Third Reading",18,0,1,2,21
1977245,1595565,2025-06-26,House,"House Third Reading",39,0,0,1,40
1977349,1540493,2025-04-08,Senate,"Senate Third Reading",21,0,0,0,21
1977349,1566785,2025-05-06,House,"House Third Reading",31,2,0,8,41
1977771,1526658,2025-03-25,Senate,"Senate Third Reading",21,0,0,0,21
1977771,1566540,2025-05-06,House,"House Third Reading",32,0,0,9,41
1979429,1522583,2025-03-20,Senate,"Senate Third Reading",19,0,0,2,21
1979429,1596975,2025-06-30,House,"House Third Reading",39,0,0,1,40
1979429,1596976,2025-07-01,Senate,"Senate Third Reading",21,0,0,0,21
1979629,1523117,2025-03-20,Senate,"Senate Third Reading",19,0,0,2,21
1979629,1595211,2025-06-25,House,"House Third Reading",29,9,0,2,40
1979629,1595477,2025-06-26,Senate,"Senate Third Reading",21,0,0,0,21
1979824,1522636,2025-03-20,Senate,"Senate Third Reading",19,0,0,2,21
1979824,1595733,2025-06-26,House,"House Third Reading",39,0,0,1,40
1993111,1519854,2025-03-18,House,"House Third Reading",36,0,0,5,41
1993111,1591622,2025-06-17,Senate,"Senate Third Reading",20,0,0,1,21
1993135,1551577,2025-04-17,House,"House Third Reading",37,0,0,4,41
1993135,1596472,2025-06-30,Senate,"Senate Third Reading",21,0,0,0,21
1993147,1594486,2025-06-24,House,"House Third Reading",26,12,2,0,40
1993147,1596723,2025-06-30,Senate,"Senate Third Reading",15,6,0,0,21
1993147,1596724,2025-06-30,House,"House Third Reading",26,11,2,1,40
1993174,1570800,2025-05-13,Senate,"Senate Third Reading",21,0,0,0,21
1993174,1595677,2025-06-26,House,"House Third Reading",40,0,0,0,40
1993187,1526834,2025-03-25,House,"House Third Reading",39,0,0,2,41
1993187,1594918,2025-06-25,Senate,"Senate Third Reading",21,0,0,0,21
1993237,1570573,2025-05-13,Senate,"Senate Third Reading",14,7,0,0,21
1993237,1594993,2025-06-25,House,"House Third Reading",25,13,0,2,40
1993251,1589965,2025-06-12,House,"House Third Reading",37,0,0,4,41
1993251,1595514,2025-06-26,Senate,"Senate Third Reading",20,0,0,1,21
1993265,1529645,2025-03-27,House,"House Third Reading",38,0,0,3,41
1993265,1574707,2025-05-20,Senate,"Senate Third Reading",20,0,0,1,21
1993292,1576166,2025-05-22,House,"House Third Reading",35,0,0,6,41
1993292,1594422,2025-06-24,Senate,"Senate Third Reading",21,0,0,0,21
1993305,1591645,2025-06-17,House,"House Third Reading",40,0,0,1,41
1993305,1596800,2025-06-30,Senate,"Senate Third Reading",21,0,0,0,21
1993318,1549476,2025-04-15,House,"House Third Reading",39,0,0,2,41
1993329,1551826,2025-04-17,House,"House Third Reading",29,8,0,4,41
1993329,1595112,2025-06-25,Senate,"Senate Third Reading",20,1,0,0,21
1993342,1572248,2025-05-15,Senate,"Senate Third Reading",21,0,0,0,21
1993342,1596550,2025-06-30,House,"House Third Reading",40,0,0,0,40
1993358,1540000,2025-04-08,House,"House Third Reading",39,1,0,1,41
1993380,1529374,2025-03-27,House,"House Third Reading",36,1,0,4,41
1993380,1594247,2025-06-24,Senate,"Senate Third Reading",15,6,0,0,21
1993418,1591731,2025-06-17,House,"House Third Reading",27,7,2,5,41
1993418,1596835,2025-06-30,Senate,"Senate Third Reading",21,0,0,0,21
1993446,1540030,2025-04-08,House,"House Third Reading",28,12,0,1,41
1993446,1574170,2025-05-20,Senate,"Senate Third Reading",20,0,0,1,21
1993457,1522876,2025-03-20,House,"House Third Reading",36,0,0,5,41
1993457,1572281,2025-05-15,Senate,"Senate Third Reading",21,0,0,0,21
1993480,1517134,2025-03-13,House,"House Third Reading",36,0,0,5,41
1993480,1570421,2025-05-13,Senate,"Senate Third Reading",21,0,0,0,21
1993489,1589804,2025-06-12,House,"House Third Reading",40,0,0,1,41
1993489,1596897,2025-06-30,Senate,"Senate Third Reading",21,0,0,0,21
1999766,1517462,2025-03-11,House,"House Third Reading",0,0,0,0,0
1999766,1517463,2025-03-13,Senate,"Senate Third Reading",21,0,0,0,21
1999845,1529458,2025-03-27,House,"House Third Reading",23,14,1,3,41
1999845,1594935,2025-06-25,Senate,"Senate Third Reading",21,0,0,0,21
1999880,1539933,2025-04-08,House,"House Third Reading",38,2,0,1,41
1999880,1594299,2025-06-24,Senate,"Senate Third Reading",21,0,0,0,21
1999966,1513197,2025-03-11,Senate,"Senate Third Reading",21,0,0,0,21
2000005,1596650,2025-06-30,House,"House Third Reading",40,0,0,0,40
2000122,1526260,2025-03-25,Senate,"Senate Third Reading",21,0,0,0,21
2000122,1551999,2025-04-17,House,"House Third Reading",37,0,0,4,41
2000195,1551446,2025-04-17,Senate,"Senate Third Reading",19,0,0,2,21
2000195,1570696,2025-05-13,House,"House Third Reading",37,0,0,4,41
2004605,1589951,2025-06-12,House,"House Third Reading",40,0,0,1,41
2004605,1596940,2025-06-30,Senate,"Senate Third Reading",21,0,0,0,21
2004704,1599333,2025-08-12,House,"House Third Reading",17,10,12,2,41
2004812,1516198,2025-03-12,House,"House Third Reading",0,0,0,0,0
2004812,1516199,2025-03-12,Senate,"Senate Third Reading",20,0,0,1,21
2004920,1516201,2025-03-12,Senate,"Senate Third Reading",20,0,0,1,21
2004920,1521158,2025-03-19,House,"House Third Reading",0,0,0,0,0
2005024,1542378,2025-04-09,Senate,"Senate Third Reading",20,0,0,1,21
2005024,1572125,2025-05-15,House,"House Third Reading",33,0,0,8,41
2005135,1516212,2025-03-12,House,"House Third Reading",0,0,0,0,0
2005135,1516213,2025-03-12,Senate,"Senate Third Reading",20,0,0,1,21
2005352,1516221,2025-03-12,House,"House Third Reading",0,0,0,0,0
2005352,1516222,2025-03-12,Senate,"Senate Third Reading",20,0,0,1,21
2005982,1517016,2025-03-13,House,"House Third Reading",0,0,0,0,0
2005982,1517017,2025-03-13,Senate,"Senate Third Reading",21,0,0,0,21
2006082,1517025,2025-03-13,Senate,"Senate Third Reading",21,0,0,0,21
2006082,1517026,2025-03-13,House,"House Third Reading",0,0,0,0,0
2006185,1517029,2025-03-13,Senate,"Senate Third Reading",21,0,0,0,21
2006185,1517030,2025-03-13,House,"House Third Reading",0,0,0,0,0
2006390,1522890,2025-03-20,House,"House Third Reading",34,0,0,7,41
2006390,1575115,2025-05-21,Senate,"Senate Third Reading",19,0,0,2,21
2006495,1517043,2025-03-13,Senate,"Senate Third Reading",21,0,0,0,21
2006495,1517044,2025-03-13,House,"House Third Reading",0,0,0,0,0
2006603,1540328,2025-04-08,Senate,"Senate Third Reading",21,0,0,0,21
2006603,1589761,2025-06-12,House,"House Third Reading",40,0,0,1,41
2006709,1570667,2025-05-13,Senate,"Senate Third Reading",21,0,0,0,21
2006709,1596463,2025-06-30,House,"House Third Reading",40,0,0,0,40
2006827,1542455,2025-04-09,Senate,"Senate Third Reading",20,0,0,1,21
2006827,1566599,2025-05-06,House,"House Third Reading",32,0,0,9,41
2009953,1519576,2025-03-18,Senate,"Senate Third Reading",19,0,0,2,21
2009953,1521856,2025-03-19,House,"House Third Reading",0,0,0,0,0
2009972,1519578,2025-03-18,Senate,"Senate Third Reading",19,0,0,2,21
2009972,1519579,2025-03-18,House,"House Third Reading",0,0,0,0,0
2009990,1519581,2025-03-18,Senate,"Senate Third Reading",19,0,0,2,21
2009990,1519582,2025-03-18,House,"House Third Reading",0,0,0,0,0
2010052,1519584,2025-03-18,House,"House Third Reading",0,0,0,0,0
2010052,1519585,2025-03-18,Senate,"Senate Third Reading",18,0,0,3,21
2010077,1519586,2025-03-18,Senate,"Senate Third Reading",19,0,0,2,21
2010077,1520999,2025-03-19,House,"House Third Reading",0,0,0,0,0
2010097,1523296,2025-03-18,House,"House Third Reading",0,0,0,0,0
2010097,1523297,2025-03-20,Senate,"Senate Third Reading",18,0,0,3,21
2010144,1551391,2025-04-17,House,"House Third Reading",29,8,0,4,41
2010144,1595033,2025-06-25,Senate,"Senate Third Reading",21,0,0,0,21
2010165,1568713,2025-05-08,House,"House Third Reading",33,0,0,8,41
2010165,1594743,2025-06-24,Senate,"Senate Third Reading",21,0,0,0,21
2010184,1566598,2025-05-06,House,"House Third Reading",33,0,0,8,41
2010184,1595077,2025-06-25,Senate,"Senate Third Reading",20,1,0,0,21
2010184,1596819,2025-06-30,House,"House Third Reading",40,0,0,0,40
2010209,1519589,2025-03-18,Senate,"Senate Third Reading",19,0,0,2,21
2010209,1519590,2025-03-18,House,"House Third Reading",0,0,0,0,0
2010249,1594468,2025-06-24,House,"House Third Reading",40,0,0,0,40
2010249,1596930,2025-06-30,Senate,"Senate Third Reading",21,0,0,0,21
2010272,1551475,2025-04-17,House,"House Third Reading",35,1,1,4,41
2010272,1594308,2025-06-24,Senate,"Senate Third Reading",19,2,0,0,21
2010293,1551533,2025-04-17,House,"House Third Reading",37,0,0,4,41
2010293,1594485,2025-06-24,Senate,"Senate Third Reading",21,0,0,0,21
2010314,1597023,2025-06-30,House,"House Third Reading",37,3,0,0,40
2010330,1519594,2025-03-18,Senate,"Senate Third Reading",19,0,0,2,21
2010330,1521824,2025-03-19,House,"House Third Reading",0,0,0,0,0
2011654,1522663,2025-03-20,House,"House Third Reading",0,0,0,0,0
2011654,1522664,2025-03-20,Senate,"Senate Third Reading",19,0,0,2,21
2011722,1525979,2025-03-20,House,"House Third Reading",0,0,0,0,0
2011722,1525980,2025-03-25,Senate,"Senate Third Reading",21,0,0,0,21
2011790,1540672,2025-04-08,House,"House Third Reading",39,0,0,2,41
2011790,1576589,2025-05-22,Senate,"Senate Third Reading",19,0,0,2,21
2011863,1522673,2025-03-20,Senate,"Senate Third Reading",18,0,0,3,21
2011863,1522674,2025-03-20,House,"House Third Reading",0,0,0,0,0
2011927,1529162,2025-03-27,House,"House Third Reading",38,0,0,3,41
2011927,1595569,2025-06-26,Senate,"Senate Third Reading",21,0,0,0,21
2012060,1568060,2025-05-07,Senate,"Senate Third Reading",21,0,0,0,21
2012060,1576818,2025-05-22,House,"House Third Reading",35,0,0,6,41
2012121,1548751,2025-04-15,Senate,"Senate Third Reading",13,8,0,0,21
2012121,1595011,2025-06-25,House,"House Third Reading",25,13,1,1,40
2012493,1575501,2025-05-21,Senate,"Senate Third Reading",19,0,0,2,21
2012493,1589716,2025-06-12,House,"House Third Reading",40,0,0,1,41
2012622,1528913,2025-03-27,Senate,"Senate Third Reading",18,0,0,3,21
2012622,1597016,2025-07-01,House,"House Third Reading",39,0,0,1,40
2014107,1526083,2025-03-25,House,"House Third Reading",0,0,0,0,0
2014107,1526084,2025-03-25,Senate,"Senate Third Reading",21,0,0,0,21
2014152,1526091,2025-03-25,Senate,"Senate Third Reading",21,0,0,0,21
2014152,1527373,2025-03-26,House,"House Third Reading",0,0,0,0,0
2014208,1526095,2025-03-25,Senate,"Senate Third Reading",21,0,0,0,21
2014208,1528324,2025-03-26,House,"House Third Reading",0,0,0,0,0
2014258,1587790,2025-06-10,House,"House Third Reading",28,12,0,1,41
2014258,1596588,2025-06-30,Senate,"Senate Third Reading",16,4,0,1,21
2014304,1526106,2025-03-25,House,"House Third Reading",0,0,0,0,0
2014304,1526107,2025-03-25,Senate,"Senate Third Reading",21,0,0,0,21
2014403,1526115,2025-03-25,Senate,"Senate Third Reading",21,0,0,0,21
2014403,1526116,2025-03-25,House,"House Third Reading",0,0,0,0,0
2014532,1571751,2025-05-14,Senate,"Senate Third Reading",20,0,0,1,21
2014532,1595097,2025-06-25,House,"House Third Reading",38,0,1,1,40
2014532,1595488,2025-06-26,Senate,"Senate Third Reading",21,0,0,0,21
2015113,1591782,2025-06-17,House,"House Third Reading",35,1,0,5,41
2015113,1596475,2025-06-30,Senate,"Senate Third Reading",16,5,0,0,21
2015328,1527858,2025-03-26,Senate,"Senate Third Reading",21,0,0,0,21
2015328,1542941,2025-04-09,House,"House Third Reading",0,0,0,0,0
2015411,1576361,2025-05-22,Senate,"Senate Third Reading",15,5,0,1,21
2015411,1595568,2025-06-26,House,"House Third Reading",28,12,0,0,40
2015411,1596516,2025-06-30,Senate,"Senate Third Reading",19,2,0,0,21
2015494,1527871,2025-03-26,Senate,"Senate Third Reading",19,2,0,0,21
2015494,1596993,2025-07-01,House,"House Third Reading",0,0,0,0,0
2015731,1566728,2025-05-06,House,"House Third Reading",30,0,2,9,41
2015731,1595555,2025-06-26,Senate,"Senate Third Reading",21,0,0,0,21
2015740,1595264,2025-06-25,House,"House Third Reading",21,14,2,3,40
2015756,1528819,2025-03-27,Senate,"Senate Third Reading",19,0,0,2,21
2015756,1528820,2025-03-27,House,"House Third Reading",0,0,0,0,0
2015788,1528821,2025-03-27,Senate,"Senate Third Reading",19,0,0,2,21
2015788,1541670,2025-04-09,House,"House Third Reading",0,0,0,0,0
2015807,1528822,2025-03-27,Senate,"Senate Third Reading",19,0,0,2,21
2015807,1528823,2025-03-27,House,"House Third Reading",0,0,0,0,0
2015823,1528824,2025-03-27,Senate,"Senate Third Reading",19,0,0,2,21
2015823,1528825,2025-03-27,House,"House Third Reading",0,0,0,0,0
2015850,1528827,2025-03-27,House,"House Third Reading",0,0,0,0,0
2015850,1528828,2025-03-27,Senate,"Senate Third Reading",15,1,1,4,21
2015872,1528829,2025-03-27,Senate,"Senate Third Reading",19,0,0,2,21
2015872,1549712,2025-04-16,House,"House Third Reading",0,0,0,0,0
2015886,1551925,2025-04-17,House,"House Third Reading",37,0,0,4,41
2015886,1574096,2025-05-20,Senate,"Senate Third Reading",20,0,0,1,21
2015918,1528830,2025-03-27,Senate,"Senate Third Reading",19,0,0,2,21
2015918,1528831,2025-03-27,House,"House Third Reading",0,0,0,0,0
2019526,1571144,2025-05-14,Senate,"Senate Third Reading",21,0,0,0,21
2019526,1595523,2025-06-26,House,"House Third Reading",40,0,0,0,40
2019539,1543540,2025-04-10,House,"House Third Reading",37,0,3,1,41
2019539,1551499,2025-04-17,Senate,"Senate Third Reading",16,3,0,2,21
2019548,1587450,2025-06-10,Senate,"Senate Third Reading",16,5,0,0,21
2019570,1574344,2025-05-20,Senate,"Senate Third Reading",20,0,0,1,21
2019570,1595507,2025-06-26,House,"House Third Reading",40,0,0,0,40
2019584,1549023,2025-04-15,Senate,"Senate Third Reading",21,0,0,0,21
2019584,1576527,2025-05-22,House,"House Third Reading",35,0,0,6,41
2019605,1571327,2025-05-14,Senate,"Senate Third Reading",21,0,0,0,21
2019605,1595553,2025-06-26,House,"House Third Reading",40,0,0,0,40
2019616,1572064,2025-05-15,Senate,"Senate Third Reading",21,0,0,0,21
2019616,1596572,2025-06-30,House,"House Third Reading",40,0,0,0,40
2019637,1572073,2025-05-15,Senate,"Senate Third Reading",15,6,0,0,21
2019637,1596587,2025-06-30,House,"House Third Reading",38,2,0,0,40
2019840,1551265,2025-04-17,Senate,"Senate Third Reading",18,1,0,2,21
2019840,1595723,2025-06-26,House,"House Third Reading",40,0,0,0,40
2019840,1596499,2025-06-30,Senate,"Senate Third Reading",21,0,0,0,21
2021445,1539568,2025-04-08,Senate,"Senate Third Reading",21,0,0,0,21
2021445,1539569,2025-04-08,House,"House Third Reading",0,0,0,0,0
2021475,1539572,2025-04-08,House,"House Third Reading",0,0,0,0,0
2021475,1539573,2025-04-08,Senate,"Senate Third Reading",21,0,0,0,21
2021490,1539576,2025-04-08,Senate,"Senate Third Reading",21,0,0,0,21
2021490,1539577,2025-04-08,House,"House Third Reading",0,0,0,0,0
2021520,1539580,2025-04-08,House,"House Third Reading",0,0,0,0,0
2021520,1539581,2025-04-08,Senate,"Senate Third Reading",21,0,0,0,21
2021536,1539586,2025-04-08,Senate,"Senate Third Reading",21,0,0,0,21
2021536,1541550,2025-04-09,House,"House Third Reading",0,0,0,0,0
2021551,1539587,2025-04-08,Senate,"Senate Third Reading",21,0,0,0,21
2021551,1539588,2025-04-08,House,"House Third Reading",0,0,0,0,0
2021605,1539594,2025-04-08,Senate,"Senate Third Reading",21,0,0,0,21
2021605,1541605,2025-04-09,House,"House Third Reading",0,0,0,0,0
2021644,1571888,2025-05-14,Senate,"Senate Third Reading",21,0,0,0,21
2021644,1595519,2025-06-26,House,"House Third Reading",40,0,0,0,40
2021668,1565580,2025-05-06,Senate,"Senate Third Reading",20,0,0,1,21
2021668,1595294,2025-06-25,House,"House Third Reading",39,0,0,1,40
2021699,1566145,2025-05-06,Senate,"Senate Third Reading",20,0,0,1,21
2021699,1595349,2025-06-25,House,"House Third Reading",39,0,0,1,40
2021728,1572597,2025-05-15,Senate,"Senate Third Reading",21,0,0,0,21
2021728,1595527,2025-06-26,House,"House Third Reading",40,0,0,0,40
2021780,1567927,2025-05-07,Senate,"Senate Third Reading",21,0,0,0,21
2021805,1566882,2025-05-06,Senate,"Senate Third Reading",20,0,0,1,21
2021805,1595331,2025-06-25,House,"House Third Reading",39,0,0,1,40
2021812,1566976,2025-05-06,Senate,"Senate Third Reading",20,0,0,1,21
2021812,1595289,2025-06-25,House,"House Third Reading",39,0,0,1,40
2022099,1542520,2025-04-09,House,"House Third Reading",0,0,0,0,0
2022099,1542521,2025-04-09,Senate,"Senate Third Reading",20,0,0,1,21
2022143,1542547,2025-04-09,House,"House Third Reading",0,0,0,0,0
2022143,1542548,2025-04-09,Senate,"Senate Third Reading",20,0,0,1,21
2022188,1542545,2025-04-09,House,"House Third Reading",0,0,0,0,0
2022188,1542546,2025-04-09,Senate,"Senate Third Reading",20,0,0,1,21
2022234,1542522,2025-04-09,House,"House Third Reading",0,0,0,0,0
2022234,1542523,2025-04-09,Senate,"Senate Third Reading",20,0,0,1,21
2022289,1575855,2025-05-22,Senate,"Senate Third Reading",18,0,0,3,21
2022289,1595742,2025-06-26,House,"House Third Reading",40,0,0,0,40
2022299,1572295,2025-05-15,Senate,"Senate Third Reading",21,0,0,0,21
2022299,1595113,2025-06-25,House,"House Third Reading",39,0,0,1,40
2022312,1542143,2025-04-09,Senate,"Senate Third Reading",20,0,0,1,21
2022312,1548269,2025-04-15,House,"House Third Reading",36,4,0,1,41
2022335,1565744,2025-05-06,Senate,"Senate Third Reading",20,0,0,1,21
2022335,1595102,2025-06-25,House,"House Third Reading",39,0,0,1,40
2022348,1574130,2025-05-20,Senate,"Senate Third Reading",20,0,0,1,21
2022362,1570812,2025-05-13,Senate,"Senate Third Reading",21,0,0,0,21
2022362,1594974,2025-06-25,House,"House Third Reading",39,0,0,1,40
2022373,1570666,2025-05-13,Senate,"Senate Third Reading",21,0,0,0,21
2022373,1589794,2025-06-12,House,"House Third Reading",40,0,0,1,41
2022679,1576642,2025-05-22,House,"House Third Reading",34,0,0,7,41
2022744,1543651,2025-04-10,Senate,"Senate Third Reading",20,0,0,1,21
2022774,1576674,2025-05-22,House,"House Third Reading",34,0,0,7,41
2022774,1597024,2025-06-30,Senate,"Senate Third Reading",21,0,0,0,21
2022839,1548366,2025-04-10,House,"House Third Reading",0,0,0,0,0
2022839,1548367,2025-04-15,Senate,"Senate Third Reading",21,0,0,0,21
2022871,1543654,2025-04-10,Senate,"Senate Third Reading",20,0,0,1,21
2022871,1549659,2025-04-16,House,"House Third Reading",0,0,0,0,0
2022902,1543659,2025-04-10,Senate,"Senate Third Reading",20,0,0,1,21
2022902,1550540,2025-04-16,House,"House Third Reading",0,0,0,0,0
2022926,1587714,2025-06-10,House,"House Third Reading",26,13,0,2,41
2022926,1595515,2025-06-26,Senate,"Senate Third Reading",15,6,0,0,21
2022926,1596577,2025-06-30,House,"House Third Reading",26,14,0,0,40
2022936,1570454,2025-05-13,Senate,"Senate Third Reading",21,0,0,0,21
2022936,1596529,2025-06-30,House,"House Third Reading",40,0,0,0,40
2023976,1548276,2025-04-15,House,"House Third Reading",0,0,0,0,0
2023976,1548277,2025-04-15,Senate,"Senate Third Reading",21,0,0,0,21
2023993,1576658,2025-05-22,House,"House Third Reading",27,10,0,4,41
2023993,1596946,2025-06-30,Senate,"Senate Third Reading",14,6,0,1,21
2024016,1568525,2025-05-08,House,"House Third Reading",35,0,0,6,41
2024016,1595521,2025-06-26,Senate,"Senate Third Reading",21,0,0,0,21
2024038,1548279,2025-04-15,Senate,"Senate Third Reading",21,0,0,0,21
2024038,1548280,2025-04-15,House,"House Third Reading",0,0,0,0,0
2024064,1587938,2025-06-10,House,"House Third Reading",40,0,0,1,41
2024064,1596520,2025-06-30,Senate,"Senate Third Reading",21,0,0,0,21
2024089,1551087,2025-04-15,House,"House Third Reading",0,0,0,0,0
2024089,1551088,2025-04-17,Senate,"Senate Third Reading",19,0,0,2,21
2024113,1548284,2025-04-15,Senate,"Senate Third Reading",21,0,0,0,21
2024141,1570250,2025-05-13,Senate,"Senate Third Reading",21,0,0,0,21
2024141,1596493,2025-06-30,House,"House Third Reading",40,0,0,0,40
2024174,1571241,2025-05-14,Senate,"Senate Third Reading",21,0,0,0,21
2024174,1595740,2025-06-26,House,"House Third Reading",40,0,0,0,40
2024396,1551221,2025-04-16,House,"House Third Reading",0,0,0,0,0
2024396,1551222,2025-04-17,Senate,"Senate Third Reading",19,0,0,2,21
2024446,1551219,2025-04-16,House,"House Third Reading",0,0,0,0,0
2024446,1551220,2025-04-17,Senate,"Senate Third Reading",19,0,0,2,21
2024491,1588043,2025-06-10,House,"House Third Reading",38,0,0,3,41
2024491,1596932,2025-06-30,Senate,"Senate Third Reading",21,0,0,0,21
2024540,1568545,2025-05-08,House,"House Third Reading",35,0,0,6,41
2024540,1591920,2025-06-17,Senate,"Senate Third Reading",20,0,0,1,21
2024587,1551234,2025-04-16,House,"House Third Reading",0,0,0,0,0
2024587,1551235,2025-04-17,Senate,"Senate Third Reading",19,0,0,2,21
2024631,1551735,2025-04-16,House,"House Third Reading",0,0,0,0,0
2024631,1551736,2025-04-17,Senate,"Senate Third Reading",19,0,0,2,21
2024682,1567553,2025-05-07,Senate,"Senate Third Reading",21,0,0,0,21
2024834,1591825,2025-06-17,House,"House Third Reading",30,1,5,5,41
2024834,1596875,2025-06-30,Senate,"Senate Third Reading",20,0,0,1,21
2024841,1551176,2025-04-17,Senate,"Senate Third Reading",19,0,0,2,21
2024841,1551177,2025-04-17,House,"House Third Reading",0,0,0,0,0
2024862,1551178,2025-04-17,Senate,"Senate Third Reading",19,0,0,2,21
2024862,1551179,2025-04-17,House,"House Third Reading",0,0,0,0,0
2024871,1551180,2025-04-17,Senate,"Senate Third Reading",19,0,0,2,21
2024871,1551181,2025-04-17,House,"House Third Reading",0,0,0,0,0
2024902,1570813,2025-05-13,House,"House Third Reading",22,14,1,4,41
2024902,1587869,2025-06-10,Senate,"Senate Third Reading",21,0,0,0,21
2024913,1566921,2025-04-17,House,"House Third Reading",0,0,0,0,0
2024913,1566922,2025-05-06,Senate,"Senate Third Reading",20,0,0,1,21
2024921,1572494,2025-05-15,House,"House Third Reading",34,0,0,7,41
2024921,1591657,2025-06-17,Senate,"Senate Third Reading",20,0,0,1,21
2024932,1551185,2025-04-17,Senate,"Senate Third Reading",19,0,0,2,21
2024932,1551186,2025-04-17,House,"House Third Reading",0,0,0,0,0
2024940,1551187,2025-04-17,House,"House Third Reading",0,0,0,0,0
2024940,1551188,2025-04-17,Senate,"Senate Third Reading",19,0,0,2,21
2024951,1594526,2025-06-24,House,"House Third Reading",40,0,0,0,40
2024951,1596929,2025-06-30,Senate,"Senate Third Reading",21,0,0,0,21
2024960,1572280,2025-05-15,House,"House Third Reading",33,1,0,7,41
2024960,1595104,2025-06-25,Senate,"Senate Third Reading",20,1,0,0,21
2024971,1551189,2025-04-17,Senate,"Senate Third Reading",19,0,0,2,21
2024971,1551190,2025-04-17,House,"House Third Reading",0,0,0,0,0
2024984,1572072,2025-05-15,Senate,"Senate Third Reading",21,0,0,0,21
2024984,1591678,2025-06-17,House,"House Third Reading",40,0,0,1,41
2026912,1589973,2025-06-12,Senate,"Senate Third Reading",19,0,0,2,21
2026912,1597103,2025-07-01,House,"House Third Reading",27,12,0,1,40
2027687,1574572,2025-05-20,House,"House Third Reading",31,7,0,3,41
2027687,1594969,2025-06-25,Senate,"Senate Third Reading",15,6,0,0,21
2027712,1591853,2025-06-17,House,"House Third Reading",24,12,0,5,41
2027712,1596565,2025-06-30,Senate,"Senate Third Reading",17,4,0,0,21
2027782,1572093,2025-05-15,House,"House Third Reading",33,0,0,8,41
2027782,1594494,2025-06-24,Senate,"Senate Third Reading",21,0,0,0,21
2027897,1568608,2025-05-08,Senate,"Senate Third Reading",20,0,0,1,21
2027897,1572206,2025-05-15,House,"House Third Reading",33,0,0,8,41
2027923,1570805,2025-05-13,Senate,"Senate Third Reading",21,0,0,0,21
2027923,1595099,2025-06-25,House,"House Third Reading",39,0,0,1,40
2027936,1575605,2025-05-21,Senate,"Senate Third Reading",19,0,0,2,21
2027936,1596994,2025-06-30,House,"House Third Reading",40,0,0,0,40
2027949,1571139,2025-05-14,Senate,"Senate Third Reading",20,0,0,1,21
2027949,1595103,2025-06-25,House,"House Third Reading",39,0,0,1,40
2027970,1572088,2025-05-15,Senate,"Senate Third Reading",20,0,0,1,21
2027970,1595108,2025-06-25,House,"House Third Reading",39,0,0,1,40
2027970,1595530,2025-06-26,Senate,"Senate Third Reading",21,0,0,0,21
2027984,1587939,2025-06-10,Senate,"Senate Third Reading",18,0,0,3,21
2027984,1596844,2025-06-30,House,"House Third Reading",37,0,0,3,40
2027996,1594490,2025-06-24,Senate,"Senate Third Reading",21,0,0,0,21
2027996,1596579,2025-06-30,House,"House Third Reading",40,0,0,0,40
2028670,1574398,2025-05-20,Senate,"Senate Third Reading",20,0,0,1,21
2028670,1589683,2025-06-12,House,"House Third Reading",40,0,0,1,41
2028859,1565684,2025-05-06,Senate,"Senate Third Reading",20,0,0,1,21
2028859,1565685,2025-05-06,House,"House Third Reading",0,0,0,0,0
2028871,1590075,2025-06-12,House,"House Third Reading",40,0,0,1,41
2028871,1595492,2025-06-26,Senate,"Senate Third Reading",21,0,0,0,21
2028900,1565686,2025-05-06,Senate,"Senate Third Reading",20,0,0,1,21
2028900,1565687,2025-05-06,House,"House Third Reading",0,0,0,0,0
2028931,1565688,2025-05-06,Senate,"Senate Third Reading",20,0,0,1,21
2028931,1565689,2025-05-06,House,"House Third Reading",0,0,0,0,0
2028944,1565690,2025-05-06,Senate,"Senate Third Reading",20,0,0,1,21
2028944,1565691,2025-05-06,House,"House Third Reading",0,0,0,0,0
2028988,1574770,2025-05-20,House,"House Third Reading",37,0,0,4,41
2028988,1595107,2025-06-25,Senate,"Senate Third Reading",21,0,0,0,21
2029020,1565700,2025-05-06,Senate,"Senate Third Reading",20,0,0,1,21
2029020,1565701,2025-05-06,House,"House Third Reading",0,0,0,0,0
2029055,1587708,2025-06-10,Senate,"Senate Third Reading",18,0,0,3,21
2029055,1596581,2025-06-30,House,"House Third Reading",40,0,0,0,40
2029091,1574668,2025-05-20,Senate,"Senate Third Reading",20,0,0,1,21
2029091,1595548,2025-06-26,House,"House Third Reading",40,0,0,0,40
2029337,1567862,2025-05-07,House,"House Third Reading",0,0,0,0,0
2029337,1567863,2025-05-07,Senate,"Senate Third Reading",21,0,0,0,21
2029351,1567988,2025-05-07,House,"House Third Reading",0,0,0,0,0
2029351,1567989,2025-05-07,Senate,"Senate Third Reading",21,0,0,0,21
2029409,1567991,2025-05-07,House,"House Third Reading",0,0,0,0,0
2029409,1567992,2025-05-07,Senate,"Senate Third Reading",21,0,0,0,21
2029432,1567537,2025-05-07,Senate,"Senate Third Reading",21,0,0,0,21
2029432,1568724,2025-05-08,House,"House Third Reading",0,0,0,0,0
2029438,1573995,2025-05-20,Senate,"Senate Third Reading",14,6,0,1,21
2029438,1595630,2025-06-26,House,"House Third Reading",26,12,0,2,40
2029444,1567538,2025-05-07,Senate,"Senate Third Reading",21,0,0,0,21
2029444,1570152,2025-05-13,House,"House Third Reading",0,0,0,0,0
2029455,1574044,2025-05-20,Senate,"Senate Third Reading",19,0,0,2,21
2029455,1595119,2025-06-25,House,"House Third Reading",39,0,0,1,40
2029461,1595020,2025-06-25,Senate,"Senate Third Reading",17,4,0,0,21
2029625,1591800,2025-06-17,House,"House Third Reading",24,12,0,5,41
2029625,1596580,2025-06-30,Senate,"Senate Third Reading",16,5,0,0,21
2029628,1568176,2025-05-08,Senate,"Senate Third Reading",19,0,0,2,21
2029628,1568177,2025-05-08,House,"House Third Reading",0,0,0,0,0
2029635,1588181,2025-06-10,House,"House Third Reading",40,0,0,1,41
2029635,1597105,2025-06-30,Senate,"Senate Third Reading",21,0,0,0,21
2029639,1568178,2025-05-08,House,"House Third Reading",0,0,0,0,0
2029639,1568179,2025-05-08,Senate,"Senate Third Reading",20,0,0,1,21
2029644,1588617,2025-06-10,House,"House Third Reading",40,0,0,1,41
2029644,1595509,2025-06-26,Senate,"Senate Third Reading",21,0,0,0,21
2029650,1568181,2025-05-08,House,"House Third Reading",0,0,0,0,0
2029650,1568182,2025-05-08,Senate,"Senate Third Reading",20,0,0,1,21
2029656,1587977,2025-06-10,House,"House Third Reading",40,0,0,1,41
2029656,1595516,2025-06-26,Senate,"Senate Third Reading",21,0,0,0,21
2029669,1590116,2025-06-12,House,"House Third Reading",40,0,0,1,41
2029669,1595526,2025-06-26,Senate,"Senate Third Reading",21,0,0,0,21
2029679,1568183,2025-05-08,House,"House Third Reading",0,0,0,0,0
2029679,1568184,2025-05-08,Senate,"Senate Third Reading",21,0,0,0,21
2029684,1568185,2025-05-08,Senate,"Senate Third Reading",19,0,0,2,21
2029690,1594484,2025-06-24,House,"House Third Reading",40,0,0,0,40
2029690,1597099,2025-06-30,Senate,"Senate Third Reading",21,0,0,0,21
2029693,1591871,2025-06-17,House,"House Third Reading",40,0,0,1,41
2029693,1595096,2025-06-25,Senate,"Senate Third Reading",21,0,0,0,21
2029698,1568186,2025-05-08,Senate,"Senate Third Reading",19,0,0,2,21
2029698,1568187,2025-05-08,House,"House Third Reading",0,0,0,0,0
2029707,1588049,2025-06-10,Senate,"Senate Third Reading",18,0,0,3,21
2029707,1594367,2025-06-24,House,"House Third Reading",40,0,0,0,40
2029762,1575670,2025-05-21,Senate,"Senate Third Reading",20,0,0,1,21
2029762,1595114,2025-06-25,House,"House Third Reading",39,0,0,1,40
2030090,1576547,2025-05-22,Senate,"Senate Third Reading",18,0,0,3,21
2030090,1596546,2025-06-30,House,"House Third Reading",40,0,0,0,40
2030114,1575347,2025-05-21,Senate,"Senate Third Reading",19,0,0,2,21
2030114,1595513,2025-06-26,House,"House Third Reading",40,0,0,0,40
2030136,1575606,2025-05-21,Senate,"Senate Third Reading",19,0,0,2,21
2030136,1596943,2025-06-30,House,"House Third Reading",39,0,0,1,40
2030136,1596944,2025-07-01,Senate,"Senate Third Reading",21,0,0,0,21
2030697,1570237,2025-05-13,Senate,"Senate Third Reading",20,0,0,1,21
2030697,1570238,2025-05-13,House,"House Third Reading",0,0,0,0,0
2030746,1570240,2025-05-13,Senate,"Senate Third Reading",20,0,0,1,21
2030746,1570241,2025-05-13,House,"House Third Reading",0,0,0,0,0
2030770,1588460,2025-06-10,House,"House Third Reading",38,0,0,3,41
2030770,1595508,2025-06-26,Senate,"Senate Third Reading",21,0,0,0,21
2030798,1570242,2025-05-13,Senate,"Senate Third Reading",20,0,0,1,21
2030798,1570243,2025-05-13,House,"House Third Reading",0,0,0,0,0
2030826,1570244,2025-05-13,Senate,"Senate Third Reading",20,0,0,1,21
2030826,1571238,2025-05-14,House,"House Third Reading",0,0,0,0,0
2030847,1591826,2025-06-17,House,"House Third Reading",40,0,0,1,41
2030847,1596942,2025-06-30,Senate,"Senate Third Reading",21,0,0,0,21
2030866,1576336,2025-05-22,House,"House Third Reading",35,0,0,6,41
2030866,1589907,2025-06-12,Senate,"Senate Third Reading",19,0,0,2,21
2030890,1588139,2025-06-10,House,"House Third Reading",40,0,0,1,41
2030890,1594978,2025-06-25,Senate,"Senate Third Reading",21,0,0,0,21
2030898,1588454,2025-06-10,Senate,"Senate Third Reading",21,0,0,0,21
2030898,1596585,2025-06-30,House,"House Third Reading",40,0,0,0,40
2030911,1587928,2025-06-10,Senate,"Senate Third Reading",18,0,0,3,21
2030911,1595505,2025-06-26,House,"House Third Reading",40,0,0,0,40
2030928,1590016,2025-06-12,Senate,"Senate Third Reading",19,0,0,2,21
2030928,1596495,2025-06-30,House,"House Third Reading",40,0,0,0,40
2030944,1589547,2025-06-12,Senate,"Senate Third Reading",18,0,1,2,21
2030944,1596589,2025-06-30,House,"House Third Reading",40,0,0,0,40
2030963,1575954,2025-05-22,Senate,"Senate Third Reading",19,0,0,2,21
2030963,1596537,2025-06-30,House,"House Third Reading",40,0,0,0,40
2030996,1589786,2025-06-12,Senate,"Senate Third Reading",19,0,0,2,21
2030996,1596931,2025-06-30,House,"House Third Reading",38,0,0,2,40
2031229,1591712,2025-06-17,Senate,"Senate Third Reading",18,2,0,1,21
2031229,1596562,2025-06-30,House,"House Third Reading",40,0,0,0,40
2031252,1571380,2025-05-14,House,"House Third Reading",0,0,0,0,0
2031252,1571381,2025-05-14,Senate,"Senate Third Reading",20,0,0,1,21
2031279,1590216,2025-06-12,House,"House Third Reading",40,0,0,1,41
2031279,1595517,2025-06-26,Senate,"Senate Third Reading",21,0,0,0,21
2031302,1571382,2025-05-14,House,"House Third Reading",0,0,0,0,0
2031302,1571383,2025-05-14,Senate,"Senate Third Reading",20,0,0,1,21
2031327,1591788,2025-06-17,House,"House Third Reading",26,12,0,3,41
2031327,1596866,2025-06-30,Senate,"Senate Third Reading",15,6,0,0,21
2031349,1571761,2025-05-14,House,"House Third Reading",0,0,0,0,0
2031349,1571762,2025-05-14,Senate,"Senate Third Reading",20,0,0,1,21
2031365,1591830,2025-06-17,House,"House Third Reading",27,11,1,2,41
2031391,1571272,2025-05-14,Senate,"Senate Third Reading",20,0,0,1,21
2031391,1575353,2025-05-21,House,"House Third Reading",0,0,0,0,0
2031412,1571274,2025-05-14,Senate,"Senate Third Reading",20,0,0,1,21
2031412,1571932,2025-05-15,House,"House Third Reading",0,0,0,0,0
2031550,1576043,2025-05-22,House,"House Third Reading",36,0,0,5,41
2031550,1591527,2025-06-17,Senate,"Senate Third Reading",20,0,0,1,21
2031567,1571967,2025-05-15,Senate,"Senate Third Reading",20,0,0,1,21
2031567,1571968,2025-05-15,House,"House Third Reading",0,0,0,0,0
2031588,1595506,2025-06-26,House,"House Third Reading",38,1,0,1,40
2031596,1571970,2025-05-15,House,"House Third Reading",0,0,0,0,0
2031596,1571971,2025-05-15,Senate,"Senate Third Reading",21,0,0,0,21
2031617,1576194,2025-05-22,House,"House Third Reading",34,0,0,7,41
2031617,1591702,2025-06-17,Senate,"Senate Third Reading",20,0,0,1,21
2031627,1571972,2025-05-15,Senate,"Senate Third Reading",20,0,0,1,21
2031627,1571973,2025-05-15,House,"House Third Reading",0,0,0,0,0
2031639,1591763,2025-06-17,House,"House Third Reading",40,0,0,1,41
2031639,1596556,2025-06-30,Senate,"Senate Third Reading",21,0,0,0,21
2031648,1588645,2025-06-10,House,"House Third Reading",40,0,0,1,41
2031648,1597097,2025-06-30,Senate,"Senate Third Reading",21,0,0,0,21
2031659,1595027,2025-06-25,House,"House Third Reading",39,0,0,1,40
2031667,1589814,2025-06-12,House,"House Third Reading",40,0,0,1,41
2031667,1595111,2025-06-25,Senate,"Senate Third Reading",21,0,0,0,21
2031678,1571974,2025-05-15,Senate,"Senate Third Reading",20,0,0,1,21
2031678,1571975,2025-05-15,House,"House Third Reading",0,0,0,0,0
2031690,1589730,2025-06-12,House,"House Third Reading",40,0,0,1,41
2031690,1595499,2025-06-26,Senate,"Senate Third Reading",21,0,0,0,21
2031700,1571976,2025-05-15,House,"House Third Reading",0,0,0,0,0
2031700,1571977,2025-05-15,Senate,"Senate Third Reading",21,0,0,0,21
2031709,1594499,2025-06-24,House,"House Third Reading",40,0,0,0,40
2031709,1596573,2025-06-30,Senate,"Senate Third Reading",21,0,0,0,21
2031721,1571979,2025-05-15,House,"House Third Reading",0,0,0,0,0
2031721,1571980,2025-05-15,Senate,"Senate Third Reading",21,0,0,0,21
2031731,1591805,2025-06-17,House,"House Third Reading",37,0,0,4,41
2031742,1589903,2025-06-12,House,"House Third Reading",27,13,0,1,41
2031742,1592482,2025-06-18,Senate,"Senate Third Reading",16,4,0,1,21
2031752,1571981,2025-05-15,Senate,"Senate Third Reading",20,0,0,1,21
2031752,1571982,2025-05-15,House,"House Third Reading",0,0,0,0,0
2031796,1588118,2025-06-10,Senate,"Senate Third Reading",18,0,0,3,21
2031796,1595644,2025-06-26,House,"House Third Reading",39,0,1,0,40
2031796,1596560,2025-06-30,Senate,"Senate Third Reading",21,0,0,0,21
2031887,1576394,2025-05-22,Senate,"Senate Third Reading",18,0,0,3,21
2031887,1594491,2025-06-24,House,"House Third Reading",40,0,0,0,40
2031946,1572198,2025-05-15,Senate,"Senate Third Reading",20,0,0,1,21
2031946,1595013,2025-06-25,House,"House Third Reading",39,0,0,1,40
2031974,1589929,2025-06-12,Senate,"Senate Third Reading",18,0,1,2,21
2031974,1595101,2025-06-25,House,"House Third Reading",39,0,0,1,40
2032006,1589607,2025-06-12,Senate,"Senate Third Reading",19,0,0,2,21
2032006,1595666,2025-06-26,House,"House Third Reading",40,0,0,0,40
2032033,1587884,2025-06-10,Senate,"Senate Third Reading",18,0,0,3,21
2032033,1596973,2025-06-30,House,"House Third Reading",39,0,0,1,40
2032200,1588030,2025-06-10,Senate,"Senate Third Reading",18,0,0,3,21
2032200,1596592,2025-06-30,House,"House Third Reading",39,0,0,1,40
2032228,1589972,2025-06-12,Senate,"Senate Third Reading",18,0,1,2,21
2032228,1596558,2025-06-30,House,"House Third Reading",40,0,0,0,40
2032260,1595098,2025-06-25,Senate,"Senate Third Reading",21,0,0,0,21
2032260,1596571,2025-06-30,House,"House Third Reading",40,0,0,0,40
2032393,1574282,2025-05-20,House,"House Third Reading",38,0,0,3,41
2032393,1575935,2025-05-22,Senate,"Senate Third Reading",18,0,0,3,21
2032653,1595520,2025-06-26,House,"House Third Reading",40,0,0,0,40
2032653,1597101,2025-06-30,Senate,"Senate Third Reading",21,0,0,0,21
2032669,1573972,2025-05-20,Senate,"Senate Third Reading",18,0,0,3,21
2032669,1574989,2025-05-21,House,"House Third Reading",0,0,0,0,0
2032690,1573975,2025-05-20,House,"House Third Reading",0,0,0,0,0
2032690,1573976,2025-05-20,Senate,"Senate Third Reading",20,0,0,1,21
2032710,1573977,2025-05-20,Senate,"Senate Third Reading",18,0,0,3,21
2032710,1574990,2025-05-21,House,"House Third Reading",0,0,0,0,0
2032727,1573980,2025-05-20,House,"House Third Reading",0,0,0,0,0
2032727,1573981,2025-05-20,Senate,"Senate Third Reading",19,0,0,2,21
2032749,1573982,2025-05-20,Senate,"Senate Third Reading",18,0,0,3,21
2032749,1573983,2025-05-20,House,"House Third Reading",0,0,0,0,0
2032769,1573984,2025-05-20,Senate,"Senate Third Reading",18,0,0,3,21
2032769,1573985,2025-05-20,House,"House Third Reading",0,0,0,0,0
2032787,1589665,2025-06-12,House,"House Third Reading",40,0,0,1,41
2032787,1594952,2025-06-25,Senate,"Senate Third Reading",20,0,1,0,21
2032787,1595682,2025-06-26,House,"House Third Reading",39,0,0,1,40
2032807,1573986,2025-05-20,House,"House Third Reading",0,0,0,0,0
2032807,1573987,2025-05-20,Senate,"Senate Third Reading",19,0,0,2,21
2032838,1591679,2025-06-17,Senate,"Senate Third Reading",20,0,0,1,21
2032838,1596963,2025-06-30,House,"House Third Reading",39,0,0,1,40
2032838,1596964,2025-06-30,Senate,"Senate Third Reading",20,0,0,1,21
2032850,1574236,2025-05-20,Senate,"Senate Third Reading",20,0,0,1,21
2032850,1576731,2025-05-22,House,"House Third Reading",35,0,0,6,41
2032978,1575628,2025-05-21,House,"House Third Reading",0,0,0,0,0
2032978,1575629,2025-05-21,Senate,"Senate Third Reading",20,0,0,1,21
2033020,1575617,2025-05-21,House,"House Third Reading",0,0,0,0,0
2033020,1575618,2025-05-21,Senate,"Senate Third Reading",20,0,0,1,21
2033030,1594411,2025-06-24,House,"House Third Reading",28,12,0,0,40
2033030,1596620,2025-06-30,Senate,"Senate Third Reading",17,3,1,0,21
2033045,1575646,2025-05-21,House,"House Third Reading",0,0,0,0,0
2033045,1575647,2025-05-21,Senate,"Senate Third Reading",20,0,0,1,21
2033052,1587578,2025-06-10,Senate,"Senate Third Reading",15,5,0,1,21
2033052,1596569,2025-06-30,House,"House Third Reading",25,15,0,0,40
2033052,1596570,2025-06-30,Senate,"Senate Third Reading",15,6,0,0,21
2033061,1588748,2025-06-11,Senate,"Senate Third Reading",20,0,0,1,21
2033061,1595510,2025-06-26,House,"House Third Reading",40,0,0,0,40
2033072,1575250,2025-05-21,Senate,"Senate Third Reading",20,0,0,1,21
2033072,1595261,2025-06-25,House,"House Third Reading",39,0,0,1,40
2033206,1575887,2025-05-22,Senate,"Senate Third Reading",17,0,0,4,21
2033206,1575888,2025-05-22,House,"House Third Reading",0,0,0,0,0
2033287,1575896,2025-05-22,Senate,"Senate Third Reading",17,0,0,4,21
2033287,1575897,2025-05-22,House,"House Third Reading",0,0,0,0,0
2033325,1575899,2025-05-22,Senate,"Senate Third Reading",17,0,0,4,21
2033325,1575900,2025-05-22,House,"House Third Reading",0,0,0,0,0
2033366,1575901,2025-05-22,Senate,"Senate Third Reading",17,0,0,4,21
2033366,1575902,2025-05-22,House,"House Third Reading",0,0,0,0,0
2033400,1575905,2025-05-22,Senate,"Senate Third Reading",17,0,0,4,21
2033408,1589810,2025-06-12,Senate,"Senate Third Reading",19,0,0,2,21
2033408,1595688,2025-06-26,House,"House Third Reading",40,0,0,0,40
2033450,1589582,2025-06-12,Senate,"Senate Third Reading",18,0,1,2,21
2033450,1595738,2025-06-26,House,"House Third Reading",40,0,0,0,40
2034095,1589785,2025-06-12,House,"House Third Reading",26,14,0,1,41
2034095,1592424,2025-06-18,Senate,"Senate Third Reading",15,5,0,1,21
2035565,1594480,2025-06-24,House,"House Third Reading",40,0,0,0,40
2035573,1589696,2025-06-12,Senate,"Senate Third Reading",18,0,1,2,21
2035573,1595100,2025-06-25,House,"House Third Reading",39,0,0,1,40
2035577,1591662,2025-06-17,House,"House Third Reading",29,11,0,1,41
2035577,1596566,2025-06-30,Senate,"Senate Third Reading",15,6,0,0,21
2035593,1589627,2025-06-12,Senate,"Senate Third Reading",19,0,0,2,21
2035593,1596465,2025-06-30,House,"House Third Reading",39,0,1,0,40
2035610,1589912,2025-06-12,House,"House Third Reading",37,0,0,4,41
2035610,1595639,2025-06-26,Senate,"Senate Third Reading",21,0,0,0,21
2035624,1589830,2025-06-12,Senate,"Senate Third Reading",19,0,0,2,21
2035624,1594975,2025-06-25,House,"House Third Reading",38,0,0,2,40
2035630,1594489,2025-06-24,Senate,"Senate Third Reading",21,0,0,0,21
2035630,1596578,2025-06-30,House,"House Third Reading",40,0,0,0,40
2035638,1594471,2025-06-24,House,"House Third Reading",28,12,0,0,40
2035638,1597096,2025-06-30,Senate,"Senate Third Reading",15,6,0,0,21
2035641,1596607,2025-06-30,House,"House Third Reading",37,3,0,0,40
2035641,1596941,2025-07-01,Senate,"Senate Third Reading",21,0,0,0,21
2035645,1589828,2025-06-12,Senate,"Senate Third Reading",18,0,1,2,21
2035645,1596649,2025-06-30,House,"House Third Reading",40,0,0,0,40
2035657,1589891,2025-06-12,Senate,"Senate Third Reading",18,0,1,2,21
2035657,1597303,2025-06-30,House,"House Third Reading",40,0,0,0,40
2035659,1594374,2025-06-24,House,"House Third Reading",40,0,0,0,40
2035659,1596969,2025-06-30,Senate,"Senate Third Reading",21,0,0,0,21
2035665,1591801,2025-06-17,House,"House Third Reading",39,0,0,2,41
2035665,1595466,2025-06-26,Senate,"Senate Third Reading",21,0,0,0,21
2035668,1589606,2025-06-12,Senate,"Senate Third Reading",18,0,1,2,21
2035668,1596561,2025-06-30,House,"House Third Reading",38,2,0,0,40
2035672,1594501,2025-06-24,House,"House Third Reading",40,0,0,0,40
2035672,1597055,2025-06-30,Senate,"Senate Third Reading",21,0,0,0,21
2035683,1589697,2025-06-12,Senate,"Senate Third Reading",15,3,1,2,21
2035683,1596467,2025-06-30,House,"House Third Reading",38,1,0,1,40
2035683,1596937,2025-06-30,Senate,"Senate Third Reading",15,6,0,0,21
2035694,1594712,2025-06-24,House,"House Third Reading",40,0,0,0,40
2035694,1597104,2025-06-30,Senate,"Senate Third Reading",21,0,0,0,21
2035697,1589879,2025-06-12,Senate,"Senate Third Reading",18,0,1,2,21
2035697,1596522,2025-06-30,House,"House Third Reading",40,0,0,0,40
2035701,1597102,2025-06-30,House,"House Third Reading",37,1,0,2,40
2035834,1589854,2025-06-12,Senate,"Senate Third Reading",18,0,1,2,21
2035834,1595269,2025-06-25,House,"House Third Reading",39,0,0,1,40
2035984,1595651,2025-06-26,Senate,"Senate Third Reading",21,0,0,0,21
2035984,1596547,2025-06-30,House,"House Third Reading",40,0,0,0,40
2036030,1591931,2025-06-17,House,"House Third Reading",40,0,0,1,41
2036030,1597100,2025-06-30,Senate,"Senate Third Reading",21,0,0,0,21
2036511,1594435,2025-06-24,House,"House Third Reading",40,0,0,0,40
2036511,1596908,2025-06-30,Senate,"Senate Third Reading",21,0,0,0,21
2036524,1587457,2025-06-10,Senate,"Senate Third Reading",20,0,0,1,21
2036524,1595015,2025-06-25,House,"House Third Reading",39,0,0,1,40
2036535,1591706,2025-06-10,House,"House Third Reading",0,0,0,0,0
2036535,1591707,2025-06-17,Senate,"Senate Third Reading",21,0,0,0,21
2036549,1587460,2025-06-10,Senate,"Senate Third Reading",20,0,0,1,21
2036549,1587461,2025-06-10,House,"House Third Reading",0,0,0,0,0
2036561,1588263,2025-06-10,House,"House Third Reading",0,0,0,0,0
2036561,1588264,2025-06-10,Senate,"Senate Third Reading",14,1,2,4,21
2036589,1587463,2025-06-10,Senate,"Senate Third Reading",20,0,0,1,21
2036589,1587464,2025-06-10,House,"House Third Reading",0,0,0,0,0
2036603,1595719,2025-06-26,House,"House Third Reading",40,0,0,0,40
2036603,1596970,2025-06-30,Senate,"Senate Third Reading",21,0,0,0,21
2036616,1587466,2025-06-10,Senate,"Senate Third Reading",20,0,0,1,21
2036616,1587467,2025-06-10,House,"House Third Reading",0,0,0,0,0
2036631,1587469,2025-06-10,Senate,"Senate Third Reading",20,0,0,1,21
2036631,1587470,2025-06-10,House,"House Third Reading",0,0,0,0,0
2036641,1587471,2025-06-10,Senate,"Senate Third Reading",20,0,0,1,21
2036641,1587472,2025-06-10,House,"House Third Reading",0,0,0,0,0
2036679,1589838,2025-06-12,Senate,"Senate Third Reading",18,0,1,2,21
2036679,1595543,2025-06-26,House,"House Third Reading",40,0,0,0,40
2036837,1589250,2025-06-11,House,"House Third Reading",0,0,0,0,0
2036837,1589251,2025-06-11,Senate,"Senate Third Reading",19,0,0,2,21
2036840,1589252,2025-06-11,House,"House Third Reading",0,0,0,0,0
2036840,1589253,2025-06-11,Senate,"Senate Third Reading",19,0,0,2,21
2036846,1594737,2025-06-24,House,"House Third Reading",40,0,0,0,40
2036846,1597062,2025-06-30,Senate,"Senate Third Reading",21,0,0,0,21
2036870,1588899,2025-06-11,Senate,"Senate Third Reading",19,0,0,2,21
2036870,1590089,2025-06-12,House,"House Third Reading",0,0,0,0,0
2036876,1588901,2025-06-11,Senate,"Senate Third Reading",19,0,0,2,21
2036876,1589501,2025-06-12,House,"House Third Reading",0,0,0,0,0
2036880,1588902,2025-06-11,Senate,"Senate Third Reading",19,0,0,2,21
2036880,1589790,2025-06-12,House,"House Third Reading",0,0,0,0,0
2036883,1594487,2025-06-24,Senate,"Senate Third Reading",21,0,0,0,21
2036883,1596583,2025-06-30,House,"House Third Reading",40,0,0,0,40
2037029,1589551,2025-06-12,House,"House Third Reading",0,0,0,0,0
2037029,1589552,2025-06-12,Senate,"Senate Third Reading",20,0,0,1,21
2037038,1589553,2025-06-12,Senate,"Senate Third Reading",20,0,0,1,21
2037038,1594303,2025-06-24,House,"House Third Reading",0,0,0,0,0
2037047,1589554,2025-06-12,House,"House Third Reading",0,0,0,0,0
2037047,1589555,2025-06-12,Senate,"Senate Third Reading",20,0,0,1,21
2037054,1589556,2025-06-12,Senate,"Senate Third Reading",20,0,0,1,21
2037054,1589557,2025-06-12,House,"House Third Reading",0,0,0,0,0
2037063,1589558,2025-06-12,Senate,"Senate Third Reading",20,0,0,1,21
2037063,1595288,2025-06-25,House,"House Third Reading",0,0,0,0,0
2037072,1589559,2025-06-12,Senate,"Senate Third Reading",20,0,0,1,21
2037072,1589560,2025-06-12,House,"House Third Reading",0,0,0,0,0
2037083,1589563,2025-06-12,House,"House Third Reading",0,0,0,0,0
2037083,1589564,2025-06-12,Senate,"Senate Third Reading",20,0,0,1,21
2037100,1589565,2025-06-12,House,"House Third Reading",0,0,0,0,0
2037100,1589566,2025-06-12,Senate,"Senate Third Reading",20,0,0,1,21
2037108,1589567,2025-06-12,Senate,"Senate Third Reading",20,0,0,1,21
2037108,1589568,2025-06-12,House,"House Third Reading",0,0,0,0,0
2037117,1589569,2025-06-12,Senate,"Senate Third Reading",20,0,0,1,21
2037117,1589570,2025-06-12,House,"House Third Reading",0,0,0,0,0
2037123,1589571,2025-06-12,Senate,"Senate Third Reading",20,0,0,1,21
2037123,1589572,2025-06-12,House,"House Third Reading",0,0,0,0,0
2037130,1589573,2025-06-12,House,"House Third Reading",0,0,0,0,0
2037130,1589574,2025-06-12,Senate,"Senate Third Reading",20,0,0,1,21
2037151,1591691,2025-06-17,Senate,"Senate Third Reading",20,0,0,1,21
2037151,1596527,2025-06-30,House,"House Third Reading",40,0,0,0,40
2037328,1594229,2025-06-24,Senate,"Senate Third Reading",21,0,0,0,21
2037328,1596557,2025-06-30,House,"House Third Reading",40,0,0,0,40
2037451,1591504,2025-06-17,Senate,"Senate Third Reading",21,0,0,0,21
2037451,1595686,2025-06-26,House,"House Third Reading",0,0,0,0,0
2037459,1591505,2025-06-17,House,"House Third Reading",0,0,0,0,0
2037459,1591506,2025-06-17,Senate,"Senate Third Reading",20,0,0,1,21
2037461,1591508,2025-06-17,Senate,"Senate Third Reading",21,0,0,0,21
2037461,1595754,2025-06-26,House,"House Third Reading",40,0,0,0,40
2037463,1591509,2025-06-17,Senate,"Senate Third Reading",21,0,0,0,21
2037466,1591512,2025-06-17,Senate,"Senate Third Reading",21,0,0,0,21
2037466,1595611,2025-06-26,House,"House Third Reading",0,0,0,0,0
2037469,1591513,2025-06-17,House,"House Third Reading",0,0,0,0,0
2037469,1591514,2025-06-17,Senate,"Senate Third Reading",20,0,0,1,21
2037472,1591515,2025-06-17,Senate,"Senate Third Reading",21,0,0,0,21
2037472,1591516,2025-06-17,House,"House Third Reading",0,0,0,0,0
2037474,1591518,2025-06-17,Senate,"Senate Third Reading",21,0,0,0,21
2037474,1596514,2025-06-30,House,"House Third Reading",40,0,0,0,40
2037477,1591519,2025-06-17,House,"House Third Reading",0,0,0,0,0
2037477,1591520,2025-06-17,Senate,"Senate Third Reading",20,0,0,1,21
2037479,1591521,2025-06-17,Senate,"Senate Third Reading",5,14,1,1,21
2037484,1591522,2025-06-17,Senate,"Senate Third Reading",21,0,0,0,21
2037484,1595662,2025-06-26,House,"House Third Reading",40,0,0,0,40
2037574,1592692,2025-06-18,House,"House Third Reading",0,0,0,0,0
2037574,1592693,2025-06-18,Senate,"Senate Third Reading",20,0,0,1,21
2037575,1594545,2025-06-24,House,"House Third Reading",35,5,0,0,40
2037575,1595486,2025-06-26,Senate,"Senate Third Reading",18,3,0,0,21
2037576,1595105,2025-06-25,House,"House Third Reading",24,15,0,1,40
2037578,1592694,2025-06-18,House,"House Third Reading",0,0,0,0,0
2037578,1592695,2025-06-18,Senate,"Senate Third Reading",20,0,0,1,21
2037579,1594498,2025-06-24,House,"House Third Reading",40,0,0,0,40
2037579,1595386,2025-06-26,Senate,"Senate Third Reading",21,0,0,0,21
2037581,1592697,2025-06-18,House,"House Third Reading",0,0,0,0,0
2037581,1592698,2025-06-18,Senate,"Senate Third Reading",20,0,0,1,21
2037582,1594697,2025-06-18,House,"House Third Reading",0,0,0,0,0
2037582,1594698,2025-06-24,Senate,"Senate Third Reading",20,0,0,1,21
2037584,1594517,2025-06-24,House,"House Third Reading",40,0,0,0,40
2037584,1595413,2025-06-26,Senate,"Senate Third Reading",20,0,0,1,21
2037585,1594500,2025-06-24,House,"House Third Reading",40,0,0,0,40
2037585,1595390,2025-06-26,Senate,"Senate Third Reading",21,0,0,0,21
2037587,1595244,2025-06-18,House,"House Third Reading",0,0,0,0,0
2037587,1595245,2025-06-25,Senate,"Senate Third Reading",21,0,0,0,21
2037592,1594495,2025-06-24,Senate,"Senate Third Reading",21,0,0,0,21
2037592,1594496,2025-06-24,House,"House Third Reading",0,0,0,0,0
2037598,1592386,2025-06-18,Senate,"Senate Third Reading",20,0,0,1,21
2037598,1594497,2025-06-24,House,"House Third Reading",0,0,0,0,0
2037605,1592387,2025-06-18,Senate,"Senate Third Reading",20,0,0,1,21
2037605,1594263,2025-06-24,House,"House Third Reading",0,0,0,0,0
2037734,1594488,2025-06-24,Senate,"Senate Third Reading",21,0,0,0,21
2037734,1596521,2025-06-30,House,"House Third Reading",40,0,0,0,40
2037986,1594196,2025-06-24,Senate,"Senate Third Reading",21,0,0,0,21
2037986,1594197,2025-06-24,House,"House Third Reading",0,0,0,0,0
2037994,1594198,2025-06-24,Senate,"Senate Third Reading",21,0,0,0,21
2037994,1595567,2025-06-26,House,"House Third Reading",0,0,0,0,0
2038002,1594199,2025-06-24,Senate,"Senate Third Reading",21,0,0,0,21
2038002,1594200,2025-06-24,House,"House Third Reading",0,0,0,0,0
2038005,1594201,2025-06-24,House,"House Third Reading",0,0,0,0,0
2038005,1594202,2025-06-24,Senate,"Senate Third Reading",21,0,0,0,21
2038008,1597012,2025-06-26,House,"House Third Reading",0,0,0,0,0
2038008,1597013,2025-06-30,Senate,"Senate Third Reading",21,0,0,0,21
2038008,1597014,2025-06-30,House,"House Third Reading",0,0,0,0,0
2038012,1594203,2025-06-24,Senate,"Senate Third Reading",21,0,0,0,21
2038012,1595384,2025-06-26,House,"House Third Reading",0,0,0,0,0
2038143,1595620,2025-06-26,House,"House Third Reading",40,0,0,0,40
2038143,1596868,2025-06-30,Senate,"Senate Third Reading",21,0,0,0,21
2038163,1596510,2025-06-30,House,"House Third Reading",40,0,0,0,40
2038186,1594971,2025-06-25,Senate,"Senate Third Reading",21,0,0,0,21
2038186,1595546,2025-06-26,House,"House Third Reading",0,0,0,0,0
2038191,1594972,2025-06-25,Senate,"Senate Third Reading",21,0,0,0,21
2038194,1595502,2025-06-26,Senate,"Senate Third Reading",21,0,0,0,21
2038194,1596576,2025-06-30,House,"House Third Reading",40,0,0,0,40
2038198,1595369,2025-06-26,Senate,"Senate Third Reading",14,2,5,0,21
2038198,1596831,2025-06-30,Senate,"Senate Third Reading",21,0,0,0,21
2038198,1596832,2025-06-30,House,"House Third Reading",38,0,0,2,40
2038201,1594973,2025-06-25,Senate,"Senate Third Reading",21,0,0,0,21
2038303,1595373,2025-06-26,Senate,"Senate Third Reading",21,0,0,0,21
2038315,1595374,2025-06-26,Senate,"Senate Third Reading",21,0,0,0,21
2038315,1595375,2025-06-26,House,"House Third Reading",0,0,0,0,0
2038325,1595376,2025-06-26,Senate,"Senate Third Reading",21,0,0,0,21
2038336,1595377,2025-06-26,Senate,"Senate Third Reading",21,0,0,0,21
2038336,1595378,2025-06-26,House,"House Third Reading",0,0,0,0,0
2038378,1595379,2025-06-26,Senate,"Senate Third Reading",21,0,0,0,21
2038378,1595380,2025-06-26,House,"House Third Reading",0,0,0,0,0
2038545,1596483,2025-06-30,House,"House Third Reading",40,0,0,0,40
2038545,1596979,2025-07-01,Senate,"Senate Third Reading",21,0,0,0,21
2038782,1596977,2025-06-30,Senate,"Senate Third Reading",21,0,0,0,21
2038782,1596978,2025-06-30,House,"House Third Reading",39,0,0,1,40
2041598,1599308,2025-08-12,Senate,"Senate Third Reading",18,0,0,3,21
2041598,1599319,2025-08-12,House,"House Third Reading",35,4,0,2,41
2041602,1599307,2025-08-12,Senate,"Senate Third Reading",14,0,4,3,21
2041602,1599321,2025-08-12,House,"House Third Reading",30,8,1,2,41
2041608,1599297,2025-08-12,Senate,"Senate Third Reading",17,0,1,3,21
2041608,1599320,2025-08-12,House,"House Third Reading",34,5,0,2,41
2041609,1599336,2025-08-12,House,"House Third Reading",15,6,18,2,41
2041631,1599280,2025-08-12,Senate,"Senate Third Reading",18,1,0,2,21
2041631,1599327,2025-08-12,House,"House Third Reading",30,9,0,2,41
2041639,1599317,2025-08-12,Senate,"Senate Third Reading",19,0,0,2,21
2041639,1599318,2025-08-12,House,"House Third Reading",0,0,0,0,0
2041646,1599281,2025-08-12,Senate,"Senate Third Reading",19,0,0,2,21
2041646,1599331,2025-08-12,House,"House Third Reading",31,4,3,3,41
2041654,1599329,2025-08-12,Senate,"Senate Third Reading",14,0,5,2,21
2041654,1599330,2025-08-12,House,"House Third Reading",31,6,2,2,41
