bill_id,session_id,bill_number,status,status_desc,status_date,title,description,committee_id,committee,last_action_date,last_action,url,state_link
2038126,2218,HB1,1,Introduced,2026-01-13,"Motor vehicles; suspension of driver license and ignition interlock device following first driving while under the influence conviction required","Motor vehicles; suspension of driver license and ignition interlock device following first driving while under the influence conviction required",2536,"House Public Safety and Homeland Security",2026-01-13,"Pending House Public Safety and Homeland Security",https://legiscan.com/AL/bill/HB1/2026,https://alison.legislature.state.al.us/bill-search
2038144,2218,HB2,1,Introduced,2026-01-13,"Gulf of Mexico, renamed, observation and implementation by state and local entities and state and local employees required where practicable","Gulf of Mexico, renamed, observation and implementation by state and local entities and state and local employees required where practicable",2537,"House State Government",2026-01-13,"Pending House State Government",https://legiscan.com/AL/bill/HB2/2026,https://alison.legislature.state.al.us/bill-search
2038178,2218,HB3,1,Introduced,2026-01-13,"Taxation; to exempt certain retail sales of fish or other seafood from sales and use taxes","Taxation; to exempt certain retail sales of fish or other seafood from sales and use taxes",2539,"House Ways and Means Education",2026-01-13,"Pending House Ways and Means Education",https://legiscan.com/AL/bill/HB3/2026,https://alison.legislature.state.al.us/bill-search
2038158,2218,HB4,1,Introduced,2026-01-13,"Taxation; establishes Alabama Broadband Investment Maximization Act; exempts ADECA project funded or administered purchases from sales and use tax","Taxation; establishes Alabama Broadband Investment Maximization Act; exempts ADECA project funded or administered purchases from sales and use tax",2539,"House Ways and Means Education",2026-01-13,"Pending House Ways and Means Education",https://legiscan.com/AL/bill/HB4/2026,https://alison.legislature.state.al.us/bill-search
2038160,2218,HB5,1,Introduced,2026-01-13,"Service contracts; terms defined; certain disclosures in advertising required; disclosures of limitations of contracts further provided for","Service contracts; terms defined; certain disclosures in advertising required; disclosures of limitations of contracts further provided for",2529,"House Commerce and Small Business",2026-01-13,"Pending House Commerce and Small Business",https://legiscan.com/AL/bill/HB5/2026,https://alison.legislature.state.al.us/bill-search
2038122,2218,HB6,1,Introduced,2026-01-13,"Employees' Retirement System, all ALEA law enforcement officers, including State Police Tier II Plan members, to receive payment for up to 80 hours of accrued and unused annual leave per year","Employees' Retirement System, all ALEA law enforcement officers, including State Police Tier II Plan members, to receive payment for up to 80 hours of accrued and unused annual leave per year",2540,"House Ways and Means General Fund",2026-01-13,"Pending House Ways and Means General Fund",https://legiscan.com/AL/bill/HB6/2026,https://alison.legislature.state.al.us/bill-search
2038136,2218,HB7,1,Introduced,2026-01-13,"Crimes and offenses, penalty increased for crimes of making a terrorist threat in the first or second degree, principal to immediately contact law enforcement of terrorist threat, suspension of student, readmittance, and restitution provided","Crimes and offenses, penalty increased for crimes of making a terrorist threat in the first or second degree, principal to immediately contact law enforcement of terrorist threat, suspension of student, readmittance, and restitution provided",977,"House Judiciary",2026-01-13,"Pending House Judiciary",https://legiscan.com/AL/bill/HB7/2026,https://alison.legislature.state.al.us/bill-search
2038175,2218,HB8,1,Introduced,2026-01-13,"Campus chaplains; public K-12 schools authorized to accept as volunteers, local boards of education and governing bodies authorized to vote on whether to allow, limitations provided","Campus chaplains; public K-12 schools authorized to accept as volunteers, local boards of education and governing bodies authorized to vote on whether to allow, limitations provided",971,"House Education Policy",2026-01-13,"Pending House Education Policy",https://legiscan.com/AL/bill/HB8/2026,https://alison.legislature.state.al.us/bill-search
2038167,2218,HB9,1,Introduced,2026-01-13,"Abuse and exploitation of an elder, effect of conviction on intestate succession, wills, joint assets, and other contractual obligations provided","Abuse and exploitation of an elder, effect of conviction on intestate succession, wills, joint assets, and other contractual obligations provided",2602,"House Children and Senior Advocacy",2026-01-13,"Pending House Children and Senior Advocacy",https://legiscan.com/AL/bill/HB9/2026,https://alison.legislature.state.al.us/bill-search
2038180,2218,HB10,1,Introduced,2026-01-13,"Juvenile offenders, delinquent acts for purposes of juvenile proceedings further provided for","Juvenile offenders, delinquent acts for purposes of juvenile proceedings further provided for",2536,"House Public Safety and Homeland Security",2026-01-13,"Pending House Public Safety and Homeland Security",https://legiscan.com/AL/bill/HB10/2026,https://alison.legislature.state.al.us/bill-search
2038128,2218,HB11,1,Introduced,2026-01-13,"Youthful offender status, to prohibit a judge from granting youthful offender status to any person who is 16 years of age and older and charged with capital murder or murder","Youthful offender status, to prohibit a judge from granting youthful offender status to any person who is 16 years of age and older and charged with capital murder or murder",977,"House Judiciary",2026-01-13,"Pending House Judiciary",https://legiscan.com/AL/bill/HB11/2026,https://alison.legislature.state.al.us/bill-search
2038149,2218,HB12,1,Introduced,2026-01-13,"Health; discrimination by certain entities against individuals who refuse certain immunizations, drugs, or facial coverings for reasons of conscience prohibited; civil cause of action for violations provided; Attorney General authorized to defend an entity subject to related federal penalties","Health; discrimination by certain entities against individuals who refuse certain immunizations, drugs, or facial coverings for reasons of conscience prohibited; civil cause of action for violations provided; Attorney General authorized to defend an entity subject to related federal penalties",977,"House Judiciary",2026-01-13,"Pending House Judiciary",https://legiscan.com/AL/bill/HB12/2026,https://alison.legislature.state.al.us/bill-search
2038152,2218,HB13,1,Introduced,2026-01-13,"Illegal immigration, procedures for arrest, detention, transportation of illegal immigrants provided for; reporting requirements established","Illegal immigration, procedures for arrest, detention, transportation of illegal immigrants provided for; reporting requirements established",977,"House Judiciary",2026-01-13,"Pending House Judiciary",https://legiscan.com/AL/bill/HB13/2026,https://alison.legislature.state.al.us/bill-search
2038170,2218,HB14,1,Introduced,2026-01-13,"Referendum measures; authorize general laws and constitutional amendments to be initiated through public petition process","Referendum measures; authorize general laws and constitutional amendments to be initiated through public petition process",2530,"House Constitution, Campaigns and Elections",2026-01-13,"Pending House Constitution, Campaigns and Elections",https://legiscan.com/AL/bill/HB14/2026,https://alison.legislature.state.al.us/bill-search
2038147,2218,HB15,1,Introduced,2026-01-13,"Taxation, sales tax exemptions, sales and use tax exemption with local option provided for purchases of optical aids, including eyeglasses and contact lenses.","Taxation, sales tax exemptions, sales and use tax exemption with local option provided for purchases of optical aids, including eyeglasses and contact lenses.",2539,"House Ways and Means Education",2026-01-13,"Pending House Ways and Means Education",https://legiscan.com/AL/bill/HB15/2026,https://alison.legislature.state.al.us/bill-search
2038172,2218,HB16,1,Introduced,2026-01-13,"Fair Campaign Practices Act; authorize notifications of civil penalties by electronic mail in lieu of certified mail in certain circumstances","Fair Campaign Practices Act; authorize notifications of civil penalties by electronic mail in lieu of certified mail in certain circumstances",2532,"House Ethics and Campaign Finance",2026-01-13,"Pending House Ethics and Campaign Finance",https://legiscan.com/AL/bill/HB16/2026,https://alison.legislature.state.al.us/bill-search
2038131,2218,HB17,1,Introduced,2026-01-13,"Municipal audits, expenditure thresholds for municipal audits revised","Municipal audits, expenditure thresholds for municipal audits revised",969,"House County and Municipal Government",2026-01-13,"Pending House County and Municipal Government",https://legiscan.com/AL/bill/HB17/2026,https://alison.legislature.state.al.us/bill-search
2038134,2218,HB18,1,Introduced,2026-01-13,"Acknowledgement of paternity; certain rebuttable presumptions relating to the best interest of a child, created","Acknowledgement of paternity; certain rebuttable presumptions relating to the best interest of a child, created",977,"House Judiciary",2026-01-13,"Pending House Judiciary",https://legiscan.com/AL/bill/HB18/2026,https://alison.legislature.state.al.us/bill-search
2038164,2218,HB19,1,Introduced,2026-01-13,"Child custody; rebuttable presumption of joint physical custody and substantial parenting time created, final order of the court further provided for","Child custody; rebuttable presumption of joint physical custody and substantial parenting time created, final order of the court further provided for",977,"House Judiciary",2026-01-13,"Pending House Judiciary",https://legiscan.com/AL/bill/HB19/2026,https://alison.legislature.state.al.us/bill-search
2038155,2218,HB20,1,Introduced,2026-01-13,"Crimes and offenses; list of capital offenses, further provided to include murder committed when the defendant knowingly creates a great risk to multiple persons","Crimes and offenses; list of capital offenses, further provided to include murder committed when the defendant knowingly creates a great risk to multiple persons",977,"House Judiciary",2026-01-13,"Pending House Judiciary",https://legiscan.com/AL/bill/HB20/2026,https://alison.legislature.state.al.us/bill-search
2038139,2218,HB21,1,Introduced,2026-01-13,"Employees, annual leave to attend school related activities authorized","Employees, annual leave to attend school related activities authorized",2529,"House Commerce and Small Business",2026-01-13,"Pending House Commerce and Small Business",https://legiscan.com/AL/bill/HB21/2026,https://alison.legislature.state.al.us/bill-search
2041624,2218,HB22,1,Introduced,2026-01-13,"Class IV municipalities; audits, restrictions on hiring accountant removed","Class IV municipalities; audits, restrictions on hiring accountant removed",969,"House County and Municipal Government",2026-01-13,"Pending House County and Municipal Government",https://legiscan.com/AL/bill/HB22/2026,https://alison.legislature.state.al.us/bill-search
2041629,2218,HB23,1,Introduced,2026-01-13,"Public preK-12 education; discussions of gender identity prohibited, employees prohibited from displaying flags or insignia relating to sexual orientation or gender identity and from referring to students by pronouns inconsistent with student's biological sex","Public preK-12 education; discussions of gender identity prohibited, employees prohibited from displaying flags or insignia relating to sexual orientation or gender identity and from referring to students by pronouns inconsistent with student's biological sex",971,"House Education Policy",2026-01-13,"Pending House Education Policy",https://legiscan.com/AL/bill/HB23/2026,https://alison.legislature.state.al.us/bill-search
2041633,2218,HB24,1,Introduced,2026-01-13,"Vaccines; religious exemption for K-12 students further provided for, religious exemption for students at public institutions of higher education provided","Vaccines; religious exemption for K-12 students further provided for, religious exemption for students at public institutions of higher education provided",971,"House Education Policy",2026-01-13,"Pending House Education Policy",https://legiscan.com/AL/bill/HB24/2026,https://alison.legislature.state.al.us/bill-search
2041628,2218,HB25,1,Introduced,2026-01-13,"Air pollution; dispersion of items intended to affect weather prohibited; pollution reduction fund created; environmental management department required to administer","Air pollution; dispersion of items intended to affect weather prohibited; pollution reduction fund created; environmental management department required to administer",2537,"House State Government",2026-01-13,"Pending House State Government",https://legiscan.com/AL/bill/HB25/2026,https://alison.legislature.state.al.us/bill-search
2041651,2218,HB26,1,Introduced,2026-01-13,"Sex offenders; restrictions for certain sex offenders further provided, Board of Pardons and Paroles authorized to adopt rules","Sex offenders; restrictions for certain sex offenders further provided, Board of Pardons and Paroles authorized to adopt rules",977,"House Judiciary",2026-01-13,"Pending House Judiciary",https://legiscan.com/AL/bill/HB26/2026,https://alison.legislature.state.al.us/bill-search
2041648,2218,HB27,1,Introduced,2026-01-13,"Relating to Catastrophe Savings Accounts; expands allowable expenses","Relating to Catastrophe Savings Accounts; expands allowable expenses",2534,"House Insurance",2026-01-13,"Pending House Insurance",https://legiscan.com/AL/bill/HB27/2026,https://alison.legislature.state.al.us/bill-search
2041636,2218,HB28,1,Introduced,2026-01-13,"Taxation; to establish an income tax credit for oyster shell recycling","Taxation; to establish an income tax credit for oyster shell recycling",2539,"House Ways and Means Education",2026-01-13,"Pending House Ways and Means Education",https://legiscan.com/AL/bill/HB28/2026,https://alison.legislature.state.al.us/bill-search
2041640,2218,HB29,1,Introduced,2026-01-13,"Crimes and offenses; manslaughter; further provided to include certain victims of sexual extortion","Crimes and offenses; manslaughter; further provided to include certain victims of sexual extortion",977,"House Judiciary",2026-01-13,"Pending House Judiciary",https://legiscan.com/AL/bill/HB29/2026,https://alison.legislature.state.al.us/bill-search
2041643,2218,HB30,1,Introduced,2026-01-13,"Solid waste collection fees; veterans' benefits sole income households exempted","Solid waste collection fees; veterans' benefits sole income households exempted",969,"House County and Municipal Government",2026-01-13,"Pending House County and Municipal Government",https://legiscan.com/AL/bill/HB30/2026,https://alison.legislature.state.al.us/bill-search
2041839,2218,HB31,1,Introduced,2026-01-13,"Public assistance; Department of Human Resources required to request waiver to prohibit the purchase of soda, energy drinks, candy, and processed desserts with SNAP benefits, implementation of prohibition provided for","Public assistance; Department of Human Resources required to request waiver to prohibit the purchase of soda, energy drinks, candy, and processed desserts with SNAP benefits, implementation of prohibition provided for",974,"House Health",2026-01-13,"Pending House Health",https://legiscan.com/AL/bill/HB31/2026,https://alison.legislature.state.al.us/bill-search
2041833,2218,HB32,1,Introduced,2026-01-13,"Motor vehicles; child passenger restraint systems, use further provided","Motor vehicles; child passenger restraint systems, use further provided",2536,"House Public Safety and Homeland Security",2026-01-13,"Pending House Public Safety and Homeland Security",https://legiscan.com/AL/bill/HB32/2026,https://alison.legislature.state.al.us/bill-search
2041840,2218,HB33,1,Introduced,2026-01-13,"Driver licenses; school enrollment and attendance requirements for application and renewal of driver licenses removed","Driver licenses; school enrollment and attendance requirements for application and renewal of driver licenses removed",2536,"House Public Safety and Homeland Security",2026-01-13,"Pending House Public Safety and Homeland Security",https://legiscan.com/AL/bill/HB33/2026,https://alison.legislature.state.al.us/bill-search
2041836,2218,HB34,1,Introduced,2026-01-13,"Crimes and offenses; crime of giving false information to a law enforcement officer, established; crime of refusing to give a law enforcement officer information, established","Crimes and offenses; crime of giving false information to a law enforcement officer, established; crime of refusing to give a law enforcement officer information, established",2536,"House Public Safety and Homeland Security",2026-01-13,"Pending House Public Safety and Homeland Security",https://legiscan.com/AL/bill/HB34/2026,https://alison.legislature.state.al.us/bill-search
2041838,2218,HB35,1,Introduced,2026-01-13,"Motor vehicles; Alabama Squat Truck Law; prohibitions on the alteration of the height of the fender of a vehicle, provided","Motor vehicles; Alabama Squat Truck Law; prohibitions on the alteration of the height of the fender of a vehicle, provided",2536,"House Public Safety and Homeland Security",2026-01-13,"Pending House Public Safety and Homeland Security",https://legiscan.com/AL/bill/HB35/2026,https://alison.legislature.state.al.us/bill-search
2041835,2218,HB36,1,Introduced,2026-01-13,"Law enforcement; Attorney General and Governor authorized to appoint interim police chief, subject to conditions","Law enforcement; Attorney General and Governor authorized to appoint interim police chief, subject to conditions",969,"House County and Municipal Government",2026-01-13,"Pending House County and Municipal Government",https://legiscan.com/AL/bill/HB36/2026,https://alison.legislature.state.al.us/bill-search
2041837,2218,HB37,1,Introduced,2026-01-13,"Crimes and offenses; penalties for eluding or attempting to elude a law enforcement officer, penalties further provided","Crimes and offenses; penalties for eluding or attempting to elude a law enforcement officer, penalties further provided",977,"House Judiciary",2026-01-13,"Pending House Judiciary",https://legiscan.com/AL/bill/HB37/2026,https://alison.legislature.state.al.us/bill-search
2041834,2218,HB38,1,Introduced,2026-01-13,"State waters; Alabama Seagrass Restoration Task Force established to remediate seagrass loss within state marine waters","State waters; Alabama Seagrass Restoration Task Force established to remediate seagrass loss within state marine waters",4886,"House Ports, Waterways & Intermodal Transit",2026-01-13,"Pending House Ports, Waterways and Intermodal Transit",https://legiscan.com/AL/bill/HB38/2026,https://alison.legislature.state.al.us/bill-search
2042872,2218,HB39,1,Introduced,2025-08-28,"Seafood dealer license; license fee for applicants holding other seafood licenses revised; retroactive effect provided","Seafood dealer license; license fee for applicants holding other seafood licenses revised; retroactive effect provided",4886,"House Ports, Waterways & Intermodal Transit",2025-08-28,"Pending House Ports, Waterways and Intermodal Transit",https://legiscan.com/AL/bill/HB39/2026,https://alison.legislature.state.al.us/bill-search
2042883,2218,HB40,1,Introduced,2025-08-28,"Health care insurance; to eliminate cost-sharing for screening of men who are at high risk for prostate cancer","Health care insurance; to eliminate cost-sharing for screening of men who are at high risk for prostate cancer",2534,"House Insurance",2025-08-28,"Pending House Insurance",https://legiscan.com/AL/bill/HB40/2026,https://alison.legislature.state.al.us/bill-search
2042866,2218,HB41,1,Introduced,2025-08-28,"Crimes and offenses; rape in the first degree, sodomy in the first degree, and sexual torture, penalties further provided for","Crimes and offenses; rape in the first degree, sodomy in the first degree, and sexual torture, penalties further provided for",977,"House Judiciary",2025-08-28,"Pending House Judiciary",https://legiscan.com/AL/bill/HB41/2026,https://alison.legislature.state.al.us/bill-search
2037852,2218,SB1,1,Introduced,2026-01-13,"Controlled substances; regulate sale of nonpsychoactive consumable hemp products by Agriculture Department; require sale of products only in pharmacies; add psychoactive derivatives of hemp  as Schedule I drug","Controlled substances; regulate sale of nonpsychoactive consumable hemp products by Agriculture Department; require sale of products only in pharmacies; add psychoactive derivatives of hemp  as Schedule I drug",3952,"Senate Healthcare",2026-01-13,"Pending Senate Healthcare",https://legiscan.com/AL/bill/SB1/2026,https://alison.legislature.state.al.us/bill-search
2037851,2218,SB2,1,Introduced,2026-01-13,"Liquified petroleum gas; filling, storing cylinders within certain distance of public places prohibited","Liquified petroleum gas; filling, storing cylinders within certain distance of public places prohibited",3318,"Senate Fiscal Responsibility and Economic Development",2026-01-13,"Pending Senate Fiscal Responsibility and Economic Development",https://legiscan.com/AL/bill/SB2/2026,https://alison.legislature.state.al.us/bill-search
2037849,2218,SB3,1,Introduced,2026-01-13,"Public K-12 schools, sex education (sex ed) curriculum further provided for, sexual risk avoidance established as sex ed curriculum, policies of local boards of education related to sex ed further provided for, parent or guardian notice of sex ed curriculum required, Attorney General authorized to enforce","Public K-12 schools, sex education (sex ed) curriculum further provided for, sexual risk avoidance established as sex ed curriculum, policies of local boards of education related to sex ed further provided for, parent or guardian notice of sex ed curriculum required, Attorney General authorized to enforce",3951,"Senate Education Policy",2026-01-13,"Pending Senate Education Policy",https://legiscan.com/AL/bill/SB3/2026,https://alison.legislature.state.al.us/bill-search
2037850,2218,SB4,1,Introduced,2026-01-13,"Religious instruction; elective credit for release time further provided for","Religious instruction; elective credit for release time further provided for",3951,"Senate Education Policy",2026-01-13,"Pending Senate Education Policy",https://legiscan.com/AL/bill/SB4/2026,https://alison.legislature.state.al.us/bill-search
2038343,2218,SB5,1,Introduced,2026-01-13,"Public K-12 schools, broadcast of the Star-Spangled Banner required weekly, proposed statewide constitutional amendment","Public K-12 schools, broadcast of the Star-Spangled Banner required weekly, proposed statewide constitutional amendment",3951,"Senate Education Policy",2026-01-13,"Pending Senate Education Policy",https://legiscan.com/AL/bill/SB5/2026,https://alison.legislature.state.al.us/bill-search
2038272,2218,SB6,1,Introduced,2026-01-13,"Alabama Memorial Preservation Act of 2017, memorial marker required, penalties revised","Alabama Memorial Preservation Act of 2017, memorial marker required, penalties revised",3208,"Senate County and Municipal Government",2026-01-13,"Pending Senate County and Municipal Government",https://legiscan.com/AL/bill/SB6/2026,https://alison.legislature.state.al.us/bill-search
2038308,2218,SB7,1,Introduced,2026-01-13,"Alabama Athletic Commission, slap fighting prohibited; Attorney General authorized to bring action for violations, certain violations constitute Class C felony","Alabama Athletic Commission, slap fighting prohibited; Attorney General authorized to bring action for violations, certain violations constitute Class C felony",4865,"Senate State Governmental Affairs",2026-01-13,"Pending Senate State Governmental Affairs",https://legiscan.com/AL/bill/SB7/2026,https://alison.legislature.state.al.us/bill-search
2038290,2218,SB8,1,Introduced,2026-01-13,"Emergency Management Agency; authorization to use public funds for educational materials for the public","Emergency Management Agency; authorization to use public funds for educational materials for the public",999,"Senate Finance and Taxation General Fund",2026-01-13,"Pending Senate Finance and Taxation General Fund",https://legiscan.com/AL/bill/SB8/2026,https://alison.legislature.state.al.us/bill-search
2038361,2218,SB9,1,Introduced,2026-01-13,"Alabama Clean Indoor Air Act, renamed Vivian Davis Figures Clean Indoor Air Act; vaping included as prohibited smoking in public places.","Alabama Clean Indoor Air Act, renamed Vivian Davis Figures Clean Indoor Air Act; vaping included as prohibited smoking in public places.",3952,"Senate Healthcare",2026-01-13,"Pending Senate Healthcare",https://legiscan.com/AL/bill/SB9/2026,https://alison.legislature.state.al.us/bill-search
2038324,2218,SB10,1,Introduced,2026-01-13,"Tuscaloosa County; levy of additional or increased county or municipal sales and use tax prohibited without approval by referendum, constitutional amendment","Tuscaloosa County; levy of additional or increased county or municipal sales and use tax prohibited without approval by referendum, constitutional amendment",3348,"Senate Local Legislation",2026-01-13,"Pending Senate Local Legislation ",https://legiscan.com/AL/bill/SB10/2026,https://alison.legislature.state.al.us/bill-search
2039139,2218,SB11,1,Introduced,2026-01-13,"Electoral Voting of U.S. President and Vice President; procedures established if presidential electors fail to vote in accordance with state voters; Alabama Uniform Faithful Presidential Electors Act established","Electoral Voting of U.S. President and Vice President; procedures established if presidential electors fail to vote in accordance with state voters; Alabama Uniform Faithful Presidential Electors Act established",3208,"Senate County and Municipal Government",2026-01-13,"Pending Senate County and Municipal Government",https://legiscan.com/AL/bill/SB11/2026,https://alison.legislature.state.al.us/bill-search
2041204,2218,SB12,1,Introduced,2026-01-13,"Community development district; 2025 act  repealed, which authorized annexation of certain district by a wet municipality","Community development district; 2025 act  repealed, which authorized annexation of certain district by a wet municipality",3208,"Senate County and Municipal Government",2026-01-13,"Pending Senate County and Municipal Government",https://legiscan.com/AL/bill/SB12/2026,https://alison.legislature.state.al.us/bill-search
2041841,2218,SB13,1,Introduced,2026-01-13,"Taxation; Energy use in poultry houses, exempt from utility gross receipts and utility service use tax","Taxation; Energy use in poultry houses, exempt from utility gross receipts and utility service use tax",998,"Senate Finance and Taxation Education",2026-01-13,"Pending Senate Finance and Taxation Education",https://legiscan.com/AL/bill/SB13/2026,https://alison.legislature.state.al.us/bill-search
2042446,2218,SB14,1,Introduced,2025-08-21,"Contracts for public works; exemptions further provided","Contracts for public works; exemptions further provided",3318,"Senate Fiscal Responsibility and Economic Development",2025-08-21,"Pending Senate Fiscal Responsibility and Economic Development",https://legiscan.com/AL/bill/SB14/2026,https://alison.legislature.state.al.us/bill-search
2042544,2218,SB15,1,Introduced,2025-08-21,"Uniform Assignment for Benefit of Creditors Act; creates a voluntary state law process for distressed organizations to liquidate assets and distribute proceeds to creditors","Uniform Assignment for Benefit of Creditors Act; creates a voluntary state law process for distressed organizations to liquidate assets and distribute proceeds to creditors",3318,"Senate Fiscal Responsibility and Economic Development",2025-08-21,"Pending Senate Fiscal Responsibility and Economic Development",https://legiscan.com/AL/bill/SB15/2026,https://alison.legislature.state.al.us/bill-search
2042827,2218,SB16,1,Introduced,2025-08-27,"Taxation, Sleep in Heavenly Peace INC., exempt from sales and use tax","Taxation, Sleep in Heavenly Peace INC., exempt from sales and use tax",998,"Senate Finance and Taxation Education",2025-08-27,"Pending Senate Finance and Taxation Education",https://legiscan.com/AL/bill/SB16/2026,https://alison.legislature.state.al.us/bill-search
2042878,2218,SB17,1,Introduced,2025-08-28,"Crimes and offenses; rape in the first degree, sodomy in the first degree, and sexual torture, penalties further provided for","Crimes and offenses; rape in the first degree, sodomy in the first degree, and sexual torture, penalties further provided for",1004,"Senate Judiciary",2025-08-28,"Pending Senate Judiciary",https://legiscan.com/AL/bill/SB17/2026,https://alison.legislature.state.al.us/bill-search
2043025,2218,SB18,1,Introduced,2025-09-02,"Taxation; state privilege tax on revenues of pari-mutuel wagering activities, levied","Taxation; state privilege tax on revenues of pari-mutuel wagering activities, levied",4121,"Senate Tourism",2025-09-02,"Pending Senate Tourism",https://legiscan.com/AL/bill/SB18/2026,https://alison.legislature.state.al.us/bill-search
