people_id,name,first_name,middle_name,last_name,suffix,nickname,party_id,party,role_id,role,district,followthemoney_eid,votesmart_id,opensecrets_id,ballotpedia,knowwho_pid,committee_id
2948,"John DiMaio",John,,DiMaio,,,2,R,1,Rep,HD-023,6666748,58033,,John_DiMaio,276637,0
3064,"Gary Schaer",Gary,S.,Schaer,,,1,D,1,Rep,HD-036,6467339,58622,,Gary_Schaer,241287,0
3067,"Pamela Lampitt",Pamela,Rosen,Lampitt,,,1,D,1,Rep,HD-006,6467261,58080,,Pamela_Lampitt,241276,0
3069,"Patrick Diegnan",Patrick,J.,Diegnan,Jr.,,1,D,2,Sen,SD-018,6389820,55104,,Patrick_Diegnan_Jr.,209972,0
3072,"John McKeon",John,F.,McKeon,,,1,D,2,Sen,SD-027,6389188,55071,,John_McKeon,209985,0
3074,"Jon Bramnick",Jon,M.,Bramnick,,,2,R,2,Sen,SD-021,6510425,43406,,Jon_Bramnick,215849,0
3075,"Nancy Munoz",Nancy,F.,Munoz,,,2,R,1,Rep,HD-021,6511418,111115,,Nancy_Munoz,277821,0
3077,"James Holzapfel",James,W.,Holzapfel,,,2,R,2,Sen,SD-010,6586141,4437,,James_Holzapfel,197355,0
3079,"Linda Greenstein",Linda,R.,Greenstein,,,1,D,2,Sen,SD-014,13008924,22544,,Linda_Greenstein,197363,0
3086,"Jay Webber",Jay,,Webber,,,2,R,1,Rep,HD-026,13008952,43279,,Jay_Webber,260572,0
3090,"Brian Rumpf",Brian,E.,Rumpf,,,2,R,1,Rep,HD-009,6613635,43228,,Brian_Rumpf,218103,0
3091,"Anthony M. Bucco",Anthony,M.,Bucco,Jr.,,2,R,2,Sen,SD-025,6586626,122157,,Anthony_M._Bucco,283474,0
3093,"Declan O'Scanlon",Declan,J.,O'Scanlon,Jr.,,2,R,2,Sen,SD-013,6480534,58171,,"Declan_O%27Scanlon,_Jr.",260557,0
3104,"Vincent Polistina",Vincent,J.,Polistina,,Vince,2,R,2,Sen,SD-002,6577235,69652,,Vincent_Polistina,260504,0
3105,"Erik Peterson",Erik,,Peterson,,,2,R,1,Rep,HD-023,6680307,90692,,Erik_Peterson_(New_Jersey),282662,0
3108,"Gordon Johnson",Gordon,M.,Johnson,,,1,D,2,Sen,SD-037,6389154,55119,,Gordon_Johnson,121160,0
3116,"Wayne DeAngelo",Wayne,P.,DeAngelo,,,1,D,1,Rep,HD-014,6485151,69724,,Wayne_DeAngelo,260564,0
3117,"Cleopatra Tucker",Cleopatra,G.,Tucker,,,1,D,1,Rep,HD-028,13008958,69745,,Cleopatra_Tucker,260574,0
3124,"Paul Moriarty",Paul,D.,Moriarty,,,1,D,2,Sen,SD-004,6467294,58078,,Paul_Moriarty_(New_Jersey),241274,0
3125,"John Burzichelli",John,J.,Burzichelli,,,1,D,2,Sen,SD-003,6389575,22547,,John_Burzichelli,209982,0
3126,"Nellie Pou",Nellie,,Pou,,,1,D,2,Sen,SD-035,6749723,15181,,Nellie_Pou,197405,0
3127,"Herbert Conaway",Herbert,C.,Conaway,Jr.,Herb,1,D,1,Rep,HD-007,6389645,24716,,Herbert_Conaway_Jr.,197349,0
3128,"Annette Quijano",Annette,,Quijano,,,1,D,1,Rep,HD-020,6498050,110881,,Annette_Quijano,266442,0
3129,"Joseph Cryan",Joseph,P.,Cryan,,,1,D,2,Sen,SD-020,5150905,55122,,Joseph_Cryan,209973,0
3130,"Louis Greenwald",Louis,D.,Greenwald,,,1,D,1,Rep,HD-006,6389064,8136,,Louis_Greenwald,197347,0
3136,"Craig Coughlin",Craig,J.,Coughlin,,,1,D,1,Rep,HD-019,6498711,116275,,Craig_Coughlin,282661,0
3138,"Robert Smith",Robert,,Smith,,Bob,1,D,2,Sen,SD-017,6389373,4201,,Bob_Smith_(New_Jersey),197370,0
3142,"James Beach",James,,Beach,,,1,D,2,Sen,SD-006,6512916,110944,,James_Beach,275014,0
3150,"Joseph Pennacchio",Joseph,,Pennacchio,,,2,R,2,Sen,SD-026,6586404,55025,,Joseph_Pennacchio,121163,0
3154,"Nicholas Scutari",Nicholas,P.,Scutari,,,1,D,2,Sen,SD-022,6452479,43083,,Nicholas_Scutari,118119,0
3158,"Joseph Vitale",Joseph,F.,Vitale,,,1,D,2,Sen,SD-019,6389456,24731,,Joseph_Vitale,197316,0
3169,"Brian Stack",Brian,P.,Stack,,,1,D,2,Sen,SD-033,6410684,43373,,Brian_Stack,220489,0
3174,"Teresa Ruiz","M. Teresa",,Ruiz,,Teresa,1,D,2,Sen,SD-029,13012888,69688,,Teresa_Ruiz_(New_Jersey),260491,0
3182,"Paul Sarlo",Paul,A.,Sarlo,,,1,D,2,Sen,SD-036,6389343,55139,,Paul_Sarlo,209978,0
3206,"Robert Singer",Robert,W.,Singer,,,2,R,2,Sen,SD-030,6451586,4471,,Robert_Singer,197326,0
3208,"Sean Kean",Sean,T.,Kean,,,2,R,1,Rep,HD-030,6613540,43112,,Sean_Kean,212354,0
3209,"Shirley Turner",Shirley,K.,Turner,,,1,D,2,Sen,SD-015,6389447,4452,,Shirley_Turner,197312,0
13506,"Troy Singleton",Troy,,Singleton,,,1,D,2,Sen,SD-007,6512941,129802,,Troy_Singleton,362767,0
13696,"Holly Schepisi",Holly,T.,Schepisi,,,2,R,2,Sen,SD-039,13008985,134860,,Holly_Schepisi,363204,0
13700,"Benjie Wimberly",Benjie,E.,Wimberly,,,1,D,1,Rep,HD-035,6513087,129849,,Benjie_Wimberly,363153,0
13703,"Shavonda Sumter",Shavonda,E.,Sumter,,,1,D,1,Rep,HD-035,6513077,129848,,Shavonda_Sumter,363149,0
13704,"Gregory McGuckin",Gregory,P.,McGuckin,,,2,R,1,Rep,HD-010,6698090,76688,,Gregory_McGuckin,362849,0
13861,"Robert Clifton",Robert,D.,Clifton,,,2,R,1,Rep,HD-012,6698095,144570,,Robert_Clifton,362876,0
15979,"Parker Space",Parker,,Space,,,2,R,2,Sen,SD-024,16700337,133246,,Parker_Space,453230,0
16067,"Eliana Marin",Eliana,Pintor,Marin,,,1,D,1,Rep,HD-029,18917282,145240,,Eliana_Pintor_Marin,469599,0
16145,"Robert Auth",Robert,,Auth,,,2,R,1,Rep,HD-039,6869720,144626,,Robert_Auth,455862,0
16148,"Joseph Lagana",Joseph,A.,Lagana,,,1,D,2,Sen,SD-038,18930609,145269,,Joseph_Lagana,465666,0
16150,"Raj Mukherji",Raj,,Mukherji,,,1,D,2,Sen,SD-032,6422591,144606,,Raj_Mukherji,455829,0
16264,"Joe Danielsen",Joe,,Danielsen,,,1,D,1,Rep,HD-017,17907809,155852,,Joseph_Danielsen,516027,0
16360,"Nilsa Cruz-Perez",Nilsa,I.,Cruz-Perez,,,1,D,2,Sen,SD-005,6389684,4472,,Nilsa_Cruz-Perez,197345,0
17813,"James Kennedy",James,J.,Kennedy,,,1,D,1,Rep,HD-022,29336686,156538,,James_J._Kennedy,531899,0
17863,"Andrew Zwicker",Andrew,,Zwicker,,,1,D,2,Sen,SD-016,23421566,152123,,Andrew_Zwicker,493728,0
17873,"Angela Mcknight",Angela,V.,Mcknight,,,1,D,2,Sen,SD-031,29336712,156554,,Angela_McKnight,531939,0
17948,"Robert Karabinchak",Robert,J.,Karabinchak,,,1,D,1,Rep,HD-018,6435259,133356,,Robert_Karabinchak,585691,0
19421,"Kristin Corrado",Kristin,M.,Corrado,,,2,R,2,Sen,SD-040,41754333,176310,,Kristin_Corrado,620583,0
19517,"Vin Gopal",Vin,,Gopal,,,1,D,2,Sen,SD-011,6512972,129810,,Vin_Gopal,362868,0
19518,"Carol Murphy",Carol,A.,Murphy,,,1,D,1,Rep,HD-007,6389803,55121,,Carol_Murphy_(New_Jersey),543078,0
19521,"Christopher DePhillips",Christopher,P.,DePhillips,,,2,R,1,Rep,HD-040,6524631,176343,,Christopher_DePhillips,620620,0
19554,"Shanique Speight",Shanique,,Speight,,,1,D,1,Rep,HD-029,43550000,176317,,Shanique_Speight,620755,0
19555,"Yvonne Lopez",Yvonne,,Lopez,,,1,D,1,Rep,HD-019,43549946,176265,,Yvonne_Lopez,620903,0
19556,"Roy Freiman",Roy,,Freiman,,,1,D,1,Rep,HD-016,43541699,176258,,Roy_Freiman,620746,0
19561,"Britnee Timberlake",Britnee,N.,Timberlake,,,1,D,2,Sen,SD-034,44269430,162394,,Britnee_Timberlake,653935,0
19577,"Verlina Reynolds-Jackson",Verlina,Maher,Reynolds-Jackson,,,1,D,1,Rep,HD-015,44269224,133096,,Verlina_Reynolds-Jackson,655842,0
19578,"Clinton Calabrese",Clinton,,Calabrese,,,1,D,1,Rep,HD-036,44449957,178198,,Clinton_Calabrese,655173,0
19652,"Linda Carter",Linda,S.,Carter,,,1,D,1,Rep,HD-022,45971850,76507,,Linda_Carter_(New_Jersey),668189,0
19653,"Lisa Swain",Lisa,,Swain,,,1,D,1,Rep,HD-038,42811578,75977,,Lisa_Swain,666786,0
19654,"Christopher Tully",Christopher,,Tully,,Chris,1,D,1,Rep,HD-038,45971855,181776,,Chris_Tully,606527,0
19663,"William Spearman",William,W.,Spearman,,,1,D,1,Rep,HD-005,45971843,75377,,William_Spearman,671442,0
19674,"Anthony Verrelli",Anthony,S.,Verrelli,,,1,D,1,Rep,HD-015,45971847,185078,,Anthony_Verrelli,675904,0
21401,"Aura Dunn",Aura,K.,Dunn,,,2,R,1,Rep,HD-025,47268922,186342,,Aura_Kenny_Dunn,626617,0
21404,"Michael Testa",Michael,L.,Testa,Jr.,,2,R,2,Sen,SD-001,47246050,186423,,Mike_Testa_Jr.,725072,0
21497,"Brian Bergen",Brian,,Bergen,,,2,R,1,Rep,HD-026,47268920,186340,,Brian_Bergen,701090,0
21499,"William Moen",William,F.,Moen,Jr.,Bill,1,D,1,Rep,HD-005,47268860,186296,,William_Moen_Jr.,495249,0
21530,"Gerard Scharfenberger",Gerard,P.,Scharfenberger,,Gerry,2,R,1,Rep,HD-013,47268883,75413,,Gerard_Scharfenberger,701072,0
21531,"Erik Simonsen",Erik,K.,Simonsen,,,2,R,1,Rep,HD-001,47246051,186291,,Erik_Simonsen,701604,0
21590,"Antwan McClellan",Antwan,,McClellan,,,2,R,1,Rep,HD-001,47246052,186292,,Antwan_McClellan,701605,0
22678,"Sterley Stanley",Sterley,S.,Stanley,,,1,D,1,Rep,HD-018,0,195785,,Sterley_Stanley,765046,0
23072,"Victoria Flynn",Victoria,A.,Flynn,,Vicky,2,R,1,Rep,HD-013,53410618,196090,,Victoria_Flynn,773404,0
23073,"Ellen Park",Ellen,J.,Park,,,1,D,1,Rep,HD-037,53410688,196160,,Ellen_Park,773506,0
23075,"Reginald Atkins",Reginald,W.,Atkins,,,1,D,1,Rep,HD-020,53410640,196122,,Reginald_Atkins,773418,0
23076,"Michele Matsikoudis",Michele,,Matsikoudis,,,2,R,1,Rep,HD-021,50237870,196128,,Michele_Matsikoudis,773425,0
23081,"Don Guardian",Donald,A.,Guardian,,Don,2,R,1,Rep,HD-002,53410587,161286,,Don_Guardian,773320,0
23082,"Shama Haider",Shama,A.,Haider,,,1,D,1,Rep,HD-037,6615296,196159,,Shama_Haider,773505,0
23086,"William Sampson",William,B.,Sampson,IV,,1,D,1,Rep,HD-031,53410675,196147,,William_Sampson,773482,0
23087,"Claire Swift",Claire,S.,Swift,,,2,R,1,Rep,HD-002,53410588,196065,,Claire_Swift,773321,0
23089,"Christian Barranco",Christian,E.,Barranco,,,2,R,1,Rep,HD-025,53410661,196138,,Christian_Barranco,773442,0
23091,"Michael Torrissi",Michael,E.,Torrissi,Jr.,,2,R,1,Rep,HD-008,36907023,196076,,Michael_Torrissi_Jr.,773340,0
23175,"Alex Sauickie",Alex,,Sauickie,III,,2,R,1,Rep,HD-012,0,210460,,Alex_Sauicki,820834,0
23178,"Renee Burgess",Renee,C.,Burgess,,,1,D,2,Sen,SD-028,56921029,161903,,Renee_Burgess,820169,0
23381,"Douglas Steinhardt",Douglas,J.,Steinhardt,,,2,R,2,Sen,SD-023,58368700,0,,,0,0
25118,"Carmen Amato",Carmen,F.,Amato,Jr.,,2,R,2,Sen,SD-009,58887220,81264,,Carmen_Amato_Jr.,0,0
25119,"Owen Henry",Owen,,Henry,,,2,R,2,Sen,SD-012,6584028,162039,,Owen_Henry,0,0
25120,"Latham Tiver",Latham,,Tiver,,,2,R,2,Sen,SD-008,58887219,175222,,Latham_Tiver,0,0
25125,"John Allen",John,,Allen,,,1,D,1,Rep,HD-032,58887356,211686,,John_Allen_(New_Jersey),0,0
25128,"Tennille McCoy",Tennille,R.,McCoy,,,1,D,1,Rep,HD-014,48860297,211640,,Tennille_McCoy,0,0
25129,"Mitchelle Drulis",Mitchelle,,Drulis,,,1,D,1,Rep,HD-016,58887305,211642,,Mitchelle_Drulis,0,0
25130,"Alexander Schnall",Alexander,,Schnall,,Avi,1,D,1,Rep,HD-030,59433894,212883,,Avi_Schnall,0,0
25134,"Al Barlas",Al,,Barlas,,,2,R,1,Rep,HD-040,58887371,211694,,Al_Barlas,0,0
25135,"Garnet Hall",Garnet,R.,Hall,,,1,D,1,Rep,HD-028,58887343,211677,,Garnet_Hall,0,0
25137,"Gregory Myhre",Gregory,E.,Myhre,,,2,R,1,Rep,HD-009,58887290,211633,,Gregory_Myhre,0,0
25140,"John Azzariti",John,V.,Azzariti,Jr.,,2,R,1,Rep,HD-039,58887368,196168,,John_Azzariti,0,0
25141,"Rosy Bagolie",Rosaura,,Bagolie,,Rosy,1,D,1,Rep,HD-027,59433891,212857,,Rosy_Bagolie,0,0
25142,"David Bailey",David,,Bailey,Jr.,,1,D,1,Rep,HD-003,58887272,212234,,Dave_Bailey_Jr.,0,0
25143,"Alixon Collazos-Gill",Alixon,,Collazos-Gill,,,1,D,1,Rep,HD-027,58887339,212204,,Alixon_Collazos-Gill,0,0
25144,"Margie Donlon",Margie,M.,Donlon,,,1,D,1,Rep,HD-011,58887295,211635,,Margie_Donlon,0,0
25145,"Kevin Egan",Kevin,P.,Egan,,,1,D,1,Rep,HD-017,59433908,133034,,Kevin_Egan,857740,0
25146,"Dawn Fantasia",Dawn,,Fantasia,,,2,R,1,Rep,HD-024,58887329,211661,,Dawn_Fantasia,0,0
25147,"Dan Hutchison",Dan,,Hutchison,,,1,D,1,Rep,HD-004,58887278,43317,,Dan_Hutchison,0,0
25148,"Michael Inganamort",Michael,,Inganamort,,,2,R,1,Rep,HD-024,42418436,211662,,Michael_Inganamort,0,0
25149,"Paul Kanitra",Paul,,Kanitra,,,2,R,1,Rep,HD-010,47723274,211634,,Paul_Kanitra,0,0
25150,"Andrea Katz",Andrea,,Katz,,,1,D,1,Rep,HD-008,58887288,211630,,Andrea_Katz,0,0
25151,"Julio Marenco",Julio,,Marenco,,,1,D,1,Rep,HD-033,52999563,162021,,Julio_Marenco,0,0
25152,"Barbara McCann Stamato",Barbara,,"McCann Stamato",,,1,D,1,Rep,HD-031,58887352,211682,,Barbara_McCann_Stamato,0,0
25153,"Cody Miller",Cody,D.,Miller,,,1,D,1,Rep,HD-004,58887279,211624,,Cody_Miller,0,0
25154,"Carmen Morales",Carmen,Theresa,Morales,,,1,D,1,Rep,HD-034,58887361,211688,,Carmen_Morales,0,0
25155,"Luanne Peterpaul",Luanne,M.,Peterpaul,,,1,D,1,Rep,HD-011,58887296,211636,,Luanne_Peterpaul,0,0
25156,"Jessica Ramirez",Jessica,,Ramirez,,,1,D,1,Rep,HD-032,49881099,211687,,Jessica_Ramirez,0,0
25157,"Gabriel Rodriguez",Gabriel,,Rodriguez,,,1,D,1,Rep,HD-033,58887359,161653,,Gabriel_Rodriguez,266580,0
25158,"Heather Simmons",Heather,,Simmons,,,1,D,1,Rep,HD-003,58887271,133202,,Heather_Simmons,0,0
25159,"Michael Venezia",Michael,,Venezia,,,1,D,1,Rep,HD-034,58887362,133320,,Michael_Venezia,0,0
26393,"Al Abdelaziz",Alaa,,Abdelaziz,,Al,1,D,1,Rep,HD-035,0,187190,,Alaa_Abdelaziz,0,0
26394,"Melinda Kane",Melinda,,Kane,,,1,D,1,Rep,HD-006,0,161726,,Melinda_Kane,0,0
26398,"Balvir Singh",Balvir,,Singh,,,1,D,1,Rep,HD-007,0,200615,,Balvir_Singh,0,0
