people_id,name,first_name,middle_name,last_name,suffix,nickname,party_id,party,role_id,role,district,followthemoney_eid,votesmart_id,opensecrets_id,ballotpedia,knowwho_pid,committee_id
6947,"Nebraska Retirement Systems Committee",,,,,,0,,2,Sen,,0,0,,,0,1446
6952,"Danielle Conrad",Danielle,,Conrad,,,6,N,2,Sen,SD-046,6561877,56695,,Danielle_Conrad,248942,0
6954,"Urban Affairs Committee",,,,,,0,,2,Sen,,0,0,,,0,1449
6956,"Revenue Committee",,,,,,0,,2,Sen,,0,0,,,0,1447
6957,"Judiciary Committee",,,,,,0,,2,Sen,,0,0,,,0,1444
6959,"Agriculture Committee",,,,,,0,,2,Sen,,0,0,,,0,1436
6963,"General Affairs Committee",,,,,,0,,2,Sen,,0,0,,,0,1441
6964,"Natural Resources Committee",,,,,,0,,2,Sen,,0,0,,,0,1445
6965,"Business and Labor Committee",,,,,,0,,2,Sen,,0,0,,,0,1439
10907,"Executive Board",Executive,,Board,,,0,,2,Sen,,0,0,,,0,2196
10908,"Education Committee",,,,,,0,,2,Sen,,0,0,,,0,1440
10980,"Health and Human Services Committee",,,,,,0,,2,Sen,,0,0,,,0,1443
16896,"Merv Riepe",Merv,,Riepe,,,6,N,2,Sen,SD-012,23353757,148457,,Merv_Riepe,478190,0
18557,"Dan Quick",Dan,,Quick,,,6,N,2,Sen,SD-035,33031722,167692,,Dan_Quick,565340,0
19004,"Government, Military and Veterans Affairs",,,,,,0,,2,Sen,,0,0,,,0,1442
19282,"Robert Clements",Robert,,Clements,,,6,N,2,Sen,SD-002,6757500,176142,,Robert_Clements,615180,0
19477,"Executive Board Committee",,,,,,0,,2,Sen,,0,0,,,0,2196
20431,"John Arch",John,,Arch,,,6,N,2,Sen,SD-014,44178150,179840,,John_Arch,654589,0
20432,"Machaela Cavanaugh",Machaela,,Cavanaugh,,,6,N,2,Sen,SD-006,44893463,179833,,Machaela_Cavanaugh,654582,0
20433,"Wendy DeBoer",Wendy,,DeBoer,,,6,N,2,Sen,SD-010,44893471,179837,,Wendy_DeBoer,654585,0
20434,"Myron Dorn",Myron,,Dorn,,,6,N,2,Sen,SD-030,29205887,133023,,Myron_Dorn,651073,0
20435,"Ben Hansen",Ben,,Hansen,,,6,N,2,Sen,SD-016,44893474,179841,,Ben_Hansen,656526,0
20537,"Megan Hunt",Megan,,Hunt,,,6,N,2,Sen,SD-008,44893467,179835,,Megan_Hunt,647310,0
20799,"Mike Moser",Mike,,Moser,,,6,N,2,Sen,SD-022,6566835,119308,,Mike_Moser,292336,0
20820,"Dave Murman",Dave,,Murman,,,6,N,2,Sen,SD-038,44893488,179857,,Dave_Murman,658053,0
20936,"Tom Brandt",Tom,,Brandt,,,6,N,2,Sen,SD-032,44893483,179853,,Tom_Brandt,658050,0
22137,"John Cavanaugh",John,,Cavanaugh,,,6,N,2,Sen,SD-009,49286751,190087,,John_Cavanaugh,422119,0
22138,"Terrell McKinney",Terrell,,McKinney,,,6,N,2,Sen,SD-011,49286753,190089,,Terrell_McKinney,731957,0
22282,"Eliot Bostar",Eliot,,Bostar,,,6,N,2,Sen,SD-029,49286773,190110,,Eliot_Bostar,731962,0
22355,"Rita Sanders",Rita,,Sanders,,,6,N,2,Sen,SD-045,49286790,132954,,Rita_Sanders,734194,0
23101,"Michael Jacobson",Michael,,Jacobson,,Mike,6,N,2,Sen,SD-042,55126057,103150,,Michael_Jacobson,412264,0
23160,"Kathleen Kauth",Kathleen,,Kauth,,,6,N,2,Sen,SD-031,55765575,208260,,Kathleen_Kauth,811251,0
23167,"Robert Dover",Robert,,Dover,,Rob,6,N,2,Sen,SD-019,58374505,210288,,Rob_Dover,816063,0
23684,"George Dungan",George,C.,Dungan,III,,6,N,2,Sen,SD-026,55408521,0,,George_Dungan_III,0,0
23685,"Loren Lippincott",Loren,,Lippincott,,,6,N,2,Sen,SD-034,55408498,202075,,Loren_Lippincott,0,0
23763,"Barry DeKay",Barry,,DeKay,,,6,N,2,Sen,SD-040,55408501,202079,,Barry_DeKay,0,0
23764,"John Fredrickson",John,A.,Fredrickson,,,6,N,2,Sen,SD-020,55408523,196315,,John_Fredrickson,0,0
23765,"Jane Raybould",Jane,Michele,Raybould,,,6,N,2,Sen,SD-028,9905882,143871,,Jane_Raybould,0,0
23876,"Rick Holdcroft",Rick,,Holdcroft,,,6,N,2,Sen,SD-036,55408500,190079,,Rick_Holdcroft,0,0
23877,"Brad Von Gillern","R. Brad",,"Von Gillern",,Brad,6,N,2,Sen,SD-004,55408532,202052,,R._Brad_von_Gillern,0,0
23980,"Teresa Ibach",Teresa,J.,Ibach,,,6,N,2,Sen,SD-044,18347651,202541,,Teresa_Ibach,0,0
24114,"Beau Ballard",Beau,,Ballard,,,6,N,2,Sen,SD-021,0,211272,,Beau_Ballard,0,0
24300,"Christy Armendariz",Christy,,Armendariz,,,6,N,2,Sen,SD-018,55408494,202060,,Christy_Armendariz,0,0
24301,"Brian Hardin",Brian,,Hardin,,,6,N,2,Sen,SD-048,55408506,202085,,Brian_Hardin,0,0
24682,"Jana Hughes",Jana,,Hughes,,,6,N,2,Sen,SD-024,55408495,202072,,Jana_Hughes,0,0
24932,"Carolyn Bosn",Carolyn,,Bosn,,,6,N,2,Sen,SD-025,0,0,,,0,0
24938,"Banking, Commerce and Insurance Committee",,,,,,0,,2,Sen,,0,0,,,0,1438
26035,"Bob Andersen",Bob,,Andersen,,,6,N,2,Sen,SD-049,59781829,215059,,Bob_Andersen_(Nebraska_State_Senate_candidate),0,0
26036,"Stanley Clouse",Stanley,,Clouse,,Stan,6,N,2,Sen,SD-037,59781888,111886,,Stanley_Clouse,0,0
26037,"Dunixi Guereca",Dunixi,,Guereca,,,6,N,2,Sen,SD-007,59781880,215017,,Dunixi_Guereca,0,0
26038,"Robert Hallstrom",Robert,,Hallstrom,,Bob,6,N,2,Sen,SD-001,59781893,215012,,Robert_Hallstrom,0,0
26039,"Margo Juarez",Margo,,Juarez,,,6,N,2,Sen,SD-005,59781848,215016,,Margo_Juarez,0,0
26040,"Dan Lonowski",Dan,,Lonowski,,,6,N,2,Sen,SD-033,59781871,215048,,Dan_Lonowski,0,0
26041,"Daniel McKeon",Daniel,,McKeon,,,6,N,2,Sen,SD-041,59781820,215053,,Daniel_McKeon,0,0
26042,"Glen Meyer",Glen,,Meyer,,,6,N,2,Sen,SD-017,59781849,215029,,Glen_Meyer,0,0
26043,"Jason Prokop",Jason,,Prokop,,,6,N,2,Sen,SD-027,59781832,215044,,Jason_Prokop,0,0
26044,"Victor Rountree",Victor,,Rountree,,,6,N,2,Sen,SD-003,59781862,215014,,Victor_Rountree,0,0
26045,"Tony Sorrentino",Tony,,Sorrentino,,,6,N,2,Sen,SD-039,59781819,57687,,Tony_Sorrentino,0,0
26046,"Ashlei Spivey",Ashlei,,Spivey,,,6,N,2,Sen,SD-013,59781857,215023,,Ashlei_Spivey,0,0
26047,"Tanya Storer",Tanya,,Storer,,,6,N,2,Sen,SD-043,49286788,164067,,Tanya_Storer,0,0
26048,"Jared Storm",Jared,,Storm,,,6,N,2,Sen,SD-023,55761821,215039,,Jared_Storm,0,0
26049,"Paul Strommen",Paul,,Strommen,,,6,N,2,Sen,SD-047,59781831,215058,,Paul_Strommen,0,0
26050,"Dave Wordekemper",Dave,,Wordekemper,,,6,N,2,Sen,SD-015,59781879,215025,,Dave_Wordekemper,0,0
