people_id,name,first_name,middle_name,last_name,suffix,nickname,party_id,party,role_id,role,district,followthemoney_eid,votesmart_id,opensecrets_id,ballotpedia,knowwho_pid,committee_id
8955,"Nydia Velazquez",Nydia,M.,Velazquez,,,1,D,1,Rep,HD-NY-7,17658223,26975,N00001102,Nydia_Velazquez,158981,0
8957,"Frank Pallone",Frank,,Pallone,Jr.,,1,D,1,Rep,HD-NJ-6,17658803,26951,N00000781,Frank_Pallone,158957,0
8963,"Kathy Castor",Kathy,,Castor,,,1,D,1,Rep,HD-FL-14,170335,53825,N00027514,Kathy_Castor,248289,0
8964,"Gerald Connolly",Gerald,E.,Connolly,,Gerry,1,D,1,Rep,HD-VA-11,16577898,95078,N00029891,Gerald_Connolly,267105,0
8965,"Henry Cuellar",Henry,,Cuellar,,,1,D,1,Rep,HD-TX-28,6443275,5486,N00024978,Henry_Cuellar,199164,0
8967,"Diana DeGette",Diana,,DeGette,,,1,D,1,Rep,HD-CO-1,6006202,561,N00006134,Diana_DeGette,158770,0
8972,"Bill Foster",Bill,,Foster,,,1,D,1,Rep,HD-IL-11,16623751,101632,N00029139,Bill_Foster,263138,0
8976,"Henry Johnson",Henry,C.,Johnson,Jr.,Hank,1,D,1,Rep,HD-GA-4,17658662,68070,N00027848,Hank_Johnson,248293,0
8979,"Ben Lujan",Ben,Ray,Lujan,,,1,D,2,Sen,SD-NM,9025644,102842,N00029562,"Ben_Lujan,_Sr.",266495,0
8981,"Edward Markey",Edward,J.,Markey,,,1,D,2,Sen,SD-MA,17658675,26900,N00000270,Edward_Markey,158881,0
8983,"Doris Matsui",Doris,O.,Matsui,,,1,D,1,Rep,HD-CA-7,17658638,28593,N00027459,Doris_Matsui,232639,0
8986,"Christopher Murphy",Christopher,S.,Murphy,,,1,D,2,Sen,SD-CT,6384200,17189,N00027566,Chris_Murphy_(Connecticut),193324,0
8988,"Janice Schakowsky",Janice,D.,Schakowsky,,,1,D,1,Rep,HD-IL-9,6419995,6387,N00004724,Jan_Schakowsky,158836,0
8989,"Brad Sherman",Brad,,Sherman,,,1,D,1,Rep,HD-CA-32,369166,142,N00006897,Brad_Sherman,158741,0
8995,"Debbie Wasserman Schultz",Debbie,,"Wasserman Schultz",,,1,D,1,Rep,HD-FL-25,704716,24301,N00026106,Debbie_Wasserman_Schultz,226499,0
8997,"Peter Welch",Peter,,Welch,,,1,D,2,Sen,SD-VT,9959484,51272,N00000515,Peter_Welch,210068,0
9004,"Tammy Baldwin",Tammy,,Baldwin,,,1,D,2,Sen,SD-WI,2924660,3470,N00004367,Tammy_Baldwin,159127,0
9019,"Andre Carson",Andre,,Carson,,,1,D,1,Rep,HD-IN-7,17658782,84917,N00029513,Andr%C3%A9_Carson,263260,0
9021,"Yvette Clarke",Yvette,D.,Clarke,,,1,D,1,Rep,HD-NY-9,5418023,44741,N00026961,Yvette_Clarke,248335,0
9023,"Emanuel Cleaver",Emanuel,,Cleaver,,,1,D,1,Rep,HD-MO-5,4396432,39507,N00026790,Emanuel_Cleaver,226522,0
9024,"James Clyburn",James,E.,Clyburn,,,1,D,1,Rep,HD-SC-6,5019671,27066,N00002408,James_Clyburn,159060,0
9025,"Steve Cohen",Steve,,Cohen,,,1,D,1,Rep,HD-TN-9,6442808,24340,N00003225,"Steve_Hobbs,_Missouri_Representative",198993,0
9029,"Joe Courtney",Joe,,Courtney,,,1,D,1,Rep,HD-CT-2,7236851,30333,N00024842,Joe_Courtney,248833,0
9032,"Danny Davis",Danny,K.,Davis,,,1,D,1,Rep,HD-IL-7,16565454,233,N00004884,Danny_K._Davis,158834,0
9035,"Rosa DeLauro",Rosa,L.,DeLauro,,,1,D,1,Rep,HD-CT-3,5349073,26788,N00000615,Rosa_DeLauro,158778,0
9037,"Lloyd Doggett",Lloyd,,Doggett,,,1,D,1,Rep,HD-TX-37,17658622,21689,N00006023,Lloyd_Doggett,159080,0
9047,"Kirsten Gillibrand",Kirsten,E.,Gillibrand,,,1,D,2,Sen,SD-NY,1577524,65147,N00027658,Kirsten_Gillibrand,248345,0
9050,"Al Green",Al,,Green,,,1,D,1,Rep,HD-TX-9,11567524,49680,N00026686,Al_Green_(Texas),226547,0
9051,"Raul Grijalva",Raul,M.,Grijalva,,,1,D,1,Rep,HD-AZ-7,17657668,28253,N00025284,Raul_Grijalva,211719,0
9057,"Martin Heinrich",Martin,,Heinrich,,,1,D,2,Sen,SD-NM,8939798,74517,N00029835,Martin_Heinrich,266934,0
9059,"James Himes",James,A.,Himes,,,1,D,1,Rep,HD-CT-4,14257522,106744,N00029070,Jim_Himes,266938,0
9061,"Mazie Hirono",Mazie,K.,Hirono,,,1,D,2,Sen,SD-HI,6401094,1677,N00028139,Mazie_Hirono,248294,0
9065,"Steny Hoyer",Steny,H.,Hoyer,,,1,D,1,Rep,HD-MD-5,5702081,26890,N00001821,Steny_Hoyer,158889,0
9070,"Marcy Kaptur",Marcy,,Kaptur,,,1,D,1,Rep,HD-OH-9,3503114,27016,N00003522,Marcy_Kaptur,159009,0
9076,"Rick Larsen",Rick,,Larsen,,,1,D,1,Rep,HD-WA-2,17657616,56231,N00009759,Rick_Larsen,124078,0
9077,"John Larson",John,B.,Larson,,,1,D,1,Rep,HD-CT-1,16565470,17188,N00000575,John_Larson_(Connecticut),158776,0
9083,"Zoe Lofgren",Zoe,,Lofgren,,,1,D,1,Rep,HD-CA-18,761620,21899,N00007479,Zoe_Lofgren,158733,0
9085,"Stephen Lynch",Stephen,F.,Lynch,,,1,D,1,Rep,HD-MA-8,1819740,4844,N00013855,Stephen_Lynch,195035,0
9089,"Betty McCollum",Betty,,McCollum,,,1,D,1,Rep,HD-MN-4,6428407,3812,N00012942,Betty_McCollum,195933,0
9095,"Gwen Moore",Gwen,,Moore,,,1,D,1,Rep,HD-WI-4,2653235,3457,N00026914,Gwen_Moore,199871,0
9099,"Jerrold Nadler",Jerrold,,Nadler,,,1,D,1,Rep,HD-NY-12,17658246,26980,N00000939,Jerrold_Nadler,158977,0
9100,"Eleanor Norton",Eleanor,Holmes,Norton,,,1,D,1,Rep,HD-DC,18929695,775,N00001692,Eleanor_Holmes_Norton,158782,0
9107,"Gary Peters",Gary,C.,Peters,,,1,D,2,Sen,SD-MI,363232,8749,N00029277,Gary_Peters,195614,0
9109,"Chellie Pingree",Chellie,,Pingree,,,1,D,1,Rep,HD-ME-1,1656640,6586,N00013817,Chellie_Pingree,267137,0
9121,"Linda Sanchez",Linda,T.,Sanchez,,,1,D,1,Rep,HD-CA-38,17657762,29674,N00024870,Linda_S%C3%A1nchez,211684,0
9124,"Adam Schiff",Adam,B.,Schiff,,,1,D,2,Sen,SD-CA,15203357,9489,N00009585,Adam_Schiff,193010,0
9126,"David Scott",David,,Scott,,,1,D,1,Rep,HD-GA-13,13011507,7826,N00024871,David_Scott_(Georgia),193670,0
9127,"Robert Scott",Robert,C.,Scott,,Bobby,1,D,1,Rep,HD-VA-3,17658728,173269,N00002147,Robert_Scott_(Delaware),159106,0
9137,"Bennie Thompson",Bennie,G.,Thompson,,,1,D,1,Rep,HD-MS-2,8348996,26929,N00003288,Bennie_Thompson,158929,0
9138,"Mike Thompson",Mike,,Thompson,,,1,D,1,Rep,HD-CA-4,1952480,3564,N00007419,Mike_Thompson_(California),158718,0
9140,"Dina Titus",Dina,,Titus,,,1,D,1,Rep,HD-NV-1,12996791,2629,N00030191,Dina_Titus,197530,0
9141,"Chris Van Hollen",Chris,,"Van Hollen",,,1,D,2,Sen,SD-MD,5552236,6098,N00013820,Chris_Van_Hollen,195215,0
9144,"Maxine Waters",Maxine,,Waters,,,1,D,1,Rep,HD-CA-43,1257359,26759,N00006690,Maxine_Waters,158752,0
9151,"Sanford Bishop",Sanford,D.,Bishop,Jr.,,1,D,1,Rep,HD-GA-2,5134027,26817,N00002674,Sanford_Bishop_Jr.,158808,0
9157,"Mario Diaz-Balart",Mario,,Diaz-Balart,,,2,R,1,Rep,HD-FL-26,12999048,24312,N00025337,Mario_Diaz-Balart,193508,0
9160,"James McGovern",James,P.,McGovern,,,1,D,1,Rep,HD-MA-2,17658594,552,N00000179,James_J._McGovern,158877,0
9161,"Gregory Meeks",Gregory,W.,Meeks,,,1,D,1,Rep,HD-NY-5,17658810,4360,N00001171,Gregory_Meeks,158975,0
9167,"Paul Tonko",Paul,D.,Tonko,,,1,D,1,Rep,HD-NY-20,4469600,4403,N00030196,Paul_Tonko,197757,0
9172,"Marsha Blackburn",Marsha,,Blackburn,,,2,R,2,Sen,SD-TN,6654369,25186,N00003105,Marsha_Blackburn,198986,0
9175,"Vern Buchanan",Vern,,Buchanan,,,2,R,1,Rep,HD-FL-16,17658661,66247,N00027626,Vern_Buchanan,250707,0
9192,"Michael McCaul",Michael,T.,McCaul,,,2,R,1,Rep,HD-TX-10,15456789,49210,N00026460,Michael_McCaul,226551,0
9200,"Pete Sessions",Pete,,Sessions,,,2,R,1,Rep,HD-TX-17,10838573,288,N00005681,Pete_Sessions,159075,0
9201,"Adam Smith",Adam,,Smith,,,1,D,1,Rep,HD-WA-9,17658734,845,N00007833,Adam_Smith_(Washington),159125,0
9209,"Gus Bilirakis",Gus,M.,Bilirakis,,,2,R,1,Rep,HD-FL-12,12998704,17318,N00027462,Gus_Bilirakis,193559,0
9210,"John Boozman",John,,Boozman,,,2,R,2,Sen,SD-AR,9687692,27958,N00013873,John_Boozman,209930,0
9211,"Ken Calvert",Ken,,Calvert,,,2,R,1,Rep,HD-CA-41,2378663,26777,N00007099,Ken_Calvert,158760,0
9212,"Shelley Capito",Shelley,Moore,Capito,,,2,R,2,Sen,SD-WV,6651319,11701,N00009771,Shelley_Moore_Capito,200084,0
9213,"Tom Cole",Tom,,Cole,,,2,R,1,Rep,HD-OK-4,14964187,46034,N00025726,Tom_Cole_(Oklahoma),211693,0
9216,"Robert Latta",Robert,E.,Latta,,,2,R,1,Rep,HD-OH-5,3428798,9926,N00012233,Bob_Latta,209172,0
9217,"Tom McClintock",Tom,,McClintock,,,2,R,1,Rep,HD-CA-5,2481759,9715,N00006863,Tom_McClintock,193067,0
9220,"Mike D. Rogers",Mike,D.,Rogers,,,2,R,1,Rep,HD-AL-3,6571477,5705,N00024759,Mike_Rogers_(Alabama),192661,0
9222,"Michael Simpson",Michael,K.,Simpson,,,2,R,1,Rep,HD-ID-2,7913824,2917,N00006263,Michael_Simpson_(Idaho),158827,0
9234,"Judy Chu",Judy,,Chu,,,1,D,1,Rep,HD-CA-28,1258090,16539,N00030600,Judy_Chu,209456,0
9237,"Christopher Smith",Christopher,H.,Smith,,,2,R,1,Rep,HD-NJ-4,17658186,26952,N00009816,Chris_Smith_(New_Jersey),158955,0
9254,"John Carter",John,R.,Carter,,,2,R,1,Rep,HD-TX-31,17658461,49296,N00025095,John_Carter_(Texas),211726,0
9255,"Bill Cassidy",Bill,,Cassidy,,,2,R,2,Sen,SD-LA,6673315,69494,N00030245,Bill_Cassidy,266763,0
9269,"Virginia Foxx",Virginia,,Foxx,,,2,R,1,Rep,HD-NC-5,6285984,6051,N00026166,Virginia_Foxx,196515,0
9273,"Sam Graves",Sam,,Graves,,,2,R,1,Rep,HD-MO-6,3836803,9425,N00013323,Sam_Graves,195969,0
9274,"Brett Guthrie",Brett,,Guthrie,,,2,R,1,Rep,HD-KY-2,6573540,18829,N00029675,Brett_Guthrie,194385,0
9279,"Darrell Issa",Darrell,E.,Issa,,,2,R,1,Rep,HD-CA-48,61054,16553,N00007017,Darrell_Issa,205554,0
9294,"Frank Lucas",Frank,D.,Lucas,,,2,R,1,Rep,HD-OK-3,17658609,27032,N00005559,Frank_Lucas,159025,0
9296,"Cynthia Lummis",Cynthia,M.,Lummis,,,2,R,2,Sen,SD-WY,6365823,15546,N00029788,Cynthia_Lummis,240578,0
9305,"Jerry Moran",Jerry,,Moran,,,2,R,2,Sen,SD-KS,19889609,542,N00005282,Jerry_Moran,158858,0
9307,"Richard Neal",Richard,E.,Neal,,,1,D,1,Rep,HD-MA-1,17441075,26895,N00000153,Richard_Neal,158876,0
9312,"Mike Quigley",Mike,,Quigley,,,1,D,1,Rep,HD-IL-5,8785226,83310,N00030581,Mike_Quigley,277349,0
9324,"Adrian Smith",Adrian,,Smith,,,2,R,1,Rep,HD-NE-3,6558263,21284,N00027623,Adrian_Smith,196871,0
9329,"Glenn Thompson",Glenn,,Thompson,,,2,R,1,Rep,HD-PA-15,4811486,24046,N00029736,Glenn_Thompson_(Pennsylvania),267269,0
9333,"Michael Turner",Michael,R.,Turner,,,2,R,1,Rep,HD-OH-10,17658265,45519,N00025175,Michael_Turner_(Ohio),211690,0
9337,"Joe Wilson",Joe,,Wilson,,,2,R,1,Rep,HD-SC-2,6644962,3985,N00024809,Joe_Wilson_(South_Carolina),198713,0
9340,"Jim Costa",Jim,,Costa,,,1,D,1,Rep,HD-CA-21,732074,3577,N00026341,Jim_Costa,193005,0
9346,"Robert Aderholt",Robert,B.,Aderholt,,,2,R,1,Rep,HD-AL-4,6307650,441,N00003028,Robert_Aderholt,158703,0
9360,"John Garamendi",John,,Garamendi,,,1,D,1,Rep,HD-CA-8,12997062,29664,N00030856,John_Garamendi,240331,0
9365,"Jim Jordan",Jim,,Jordan,,,2,R,1,Rep,HD-OH-4,13004893,8158,N00027894,Jim_Jordan_(Ohio),197920,0
9381,"Harold Rogers",Harold,,Rogers,,,2,R,1,Rep,HD-KY-5,17657470,26875,N00003473,Hal_Rogers,158866,0
9384,"Steve Scalise",Steve,,Scalise,,,2,R,1,Rep,HD-LA-1,6627583,9026,N00009660,Steve_Scalise,194976,0
9389,"Robert Wittman",Robert,J.,Wittman,,,2,R,1,Rep,HD-VA-1,6666723,58133,N00029459,Rob_Wittman,241260,0
9394,"Nancy Pelosi",Nancy,,Pelosi,,,1,D,1,Rep,HD-CA-11,2022063,26732,n00007360,Nancy_Pelosi,158725,0
9405,"Richard Durbin",Richard,,Durbin,,,1,D,2,Sen,SD-IL,3414130,26847,N00004981,Dick_Durbin,165219,0
9408,"Amy Klobuchar",Amy,,Klobuchar,,,1,D,2,Sen,SD-MN,17659011,65092,N00027500,Amy_Klobuchar,248506,0
9414,"Charles Schumer",Charles,E.,Schumer,,Chuck,1,D,2,Sen,SD-NY,19890086,26976,N00001093,Chuck_Schumer,165260,0
9417,"Ron Wyden",Ron,,Wyden,,,1,D,2,Sen,SD-OR,5397600,27036,N00007724,Ron_Wyden,165265,0
9422,"Jeanne Shaheen",Jeanne,,Shaheen,,,1,D,2,Sen,SD-NH,2227644,1663,N00024790,Jeanne_Shaheen,209675,0
9427,"Maria Cantwell",Maria,,Cantwell,,,1,D,2,Sen,SD-WA,3465258,27122,N00007836,Maria_Cantwell,205537,0
9431,"Patty Murray",Patty,,Murray,,,1,D,2,Sen,SD-WA,18930579,53358,N00007876,Patty_Murray,165286,0
9434,"Bernard Sanders",Bernard,,Sanders,,,3,I,2,Sen,SD-VT,9960190,27110,N00000528,Bernie_Sanders,159116,0
9443,"Sheldon Whitehouse",Sheldon,,Whitehouse,,,1,D,2,Sen,SD-RI,373538,2572,N00027533,Sheldon_Whitehouse,248425,0
9444,"John Cornyn",John,,Cornyn,,,2,R,2,Sen,SD-TX,6646197,15375,N00024852,John_Cornyn,211675,0
9445,"Mike Crapo",Mike,,Crapo,,,2,R,2,Sen,SD-ID,19890076,26830,N00006267,Mike_Crapo,165218,0
9459,"Susan Collins",Susan,M.,Collins,,,2,R,2,Sen,SD-ME,10045641,379,N00000491,Susan_Collins_(Maine),165234,0
9460,"Jack Reed",Jack,,Reed,,,1,D,2,Sen,SD-RI,5584992,27060,N00000362,Jack_Reed,165269,0
9463,"Michael Bennet",Michael,F.,Bennet,,,1,D,2,Sen,SD-CO,5995587,110942,N00030608,Michael_Bennet,274906,0
9469,"Jeff Merkley",Jeff,,Merkley,,,1,D,2,Sen,SD-OR,13005237,23644,N00029303,Jeff_Merkley,198129,0
9473,"Mark Warner",Mark,R.,Warner,,,1,D,2,Sen,SD-VA,6003122,535,N00002097,Mark_Warner,210000,0
9483,"John Barrasso",John,,Barrasso,,,2,R,2,Sen,SD-WY,10154698,52662,N00006236,John_Barrasso,214311,0
9484,"Chuck Grassley",Chuck,,Grassley,,,2,R,2,Sen,SD-IA,6338995,53293,N00001758,Chuck_Grassley,165215,0
9488,"Lindsey Graham",Lindsey,,Graham,,,2,R,2,Sen,SD-SC,8463292,21992,N00009975,Lindsey_Graham,159057,0
9491,"Lisa Murkowski",Lisa,,Murkowski,,,2,R,2,Sen,SD-AK,6604204,15841,N00026050,Lisa_Murkowski,192554,0
9492,"John Thune",John,,Thune,,,2,R,2,Sen,SD-SD,19897787,398,N00004572,John_Thune,159061,0
9493,"Roger Wicker",Roger,F.,Wicker,,,2,R,2,Sen,SD-MS,17659028,21926,N00003280,Roger_Wicker,158928,0
9496,"James Risch",James,E.,Risch,,,2,R,2,Sen,SD-ID,6576171,2919,N00029441,Jim_Risch,213702,0
9497,"Mitch McConnell",Mitch,,McConnell,,,2,R,2,Sen,SD-KY,9284790,53298,N00003389,Mitch_McConnell,165225,0
9624,"Christopher Coons",Christopher,A.,Coons,,,1,D,2,Sen,SD-DE,5584171,122834,N00031820,Chris_Coons,286419,0
11047,"Eric Crawford",Eric,A.,Crawford,,Rick,2,R,1,Rep,HD-AR-1,17657353,119208,N00030770,Rick_Crawford_(Arkansas),283914,0
11054,"Paul Gosar",Paul,A.,Gosar,,,2,R,1,Rep,HD-AZ-9,8461058,123491,N00030771,Paul_Gosar,283933,0
11058,"Bill Huizenga",Bill,,Huizenga,,,2,R,1,Rep,HD-MI-4,6574786,38351,N00030673,Bill_Huizenga,288017,0
11061,"James Lankford",James,,Lankford,,,2,R,2,Sen,SD-OK,17657561,124938,N00031129,James_Lankford,284972,0
11074,"Tim Scott",Tim,,Scott,,,2,R,2,Sen,SD-SC,6644860,11940,N00031782,Tim_Scott,272024,0
11076,"Marlin Stutzman",Marlin,A.,Stutzman,,,2,R,1,Rep,HD-IN-3,7399460,34230,N00030891,Marlin_Stutzman,212345,0
11077,"Tim Walberg",Tim,,Walberg,,,2,R,1,Rep,HD-MI-5,200642,8618,N00026368,Tim_Walberg,248304,0
11080,"Todd Young",Todd,C.,Young,,,2,R,2,Sen,SD-IN,7157141,120345,N00030670,Todd_Young,284637,0
11099,"Steve Womack",Steve,,Womack,,,2,R,1,Rep,HD-AR-3,9604218,71815,N00031857,Steve_Womack,285713,0
11124,"Scott DesJarlais",Scott,,DesJarlais,,,2,R,1,Rep,HD-TN-4,16586618,123473,N00030957,Scott_DesJarlais,285129,0
11129,"Charles Fleischmann",Charles,J.,Fleischmann,,Chuck,2,R,1,Rep,HD-TN-3,9391800,123456,N00030815,Charles_Fleischmann,285119,0
11132,"Morgan Griffith","H. Morgan",,Griffith,,,2,R,1,Rep,HD-VA-9,6276976,5148,N00032029,Morgan_Griffith,199430,0
11137,"Mike Kelly",Mike,,Kelly,,,2,R,1,Rep,HD-PA-16,5007914,119463,N00031647,Mike_Kelly_(Pennsylvania),286955,0
11145,"Daniel Webster",Daniel,,Webster,,,2,R,1,Rep,HD-FL-11,13011367,24302,N00026335,Daniel_Webster_(Florida),193483,0
11164,"Austin Scott",Austin,,Scott,,,2,R,1,Rep,HD-GA-8,6805076,11812,N00032457,Austin_Scott,193858,0
11199,"Richard Blumenthal",Richard,,Blumenthal,,,1,D,2,Sen,SD-CT,6378136,1568,N00031685,Richard_Blumenthal,218586,0
11200,"Frederica Wilson",Frederica,S.,Wilson,,,1,D,1,Rep,HD-FL-24,12999016,17319,N00030650,Frederica_Wilson,211856,0
11201,"Terri Sewell",Terri,A.,Sewell,,,1,D,1,Rep,HD-AL-7,17657351,121621,N00030622,Terri_Sewell,283908,0
11605,"Andy Harris",Andy,,Harris,,,2,R,1,Rep,HD-MD-1,4600723,19157,N00029147,Andy_Harris,195206,0
11606,"David Schweikert",David,,Schweikert,,,2,R,1,Rep,HD-AZ-1,8573431,106387,N00006460,David_Schweikert,267202,0
11867,"William Keating",William,R.,Keating,,Bill,1,D,1,Rep,HD-MA-9,17657478,4743,N00031933,Bill_Keating,286684,0
11893,"Rand Paul",Rand,,Paul,,,2,R,2,Sen,SD-KY,9337758,117285,N00030836,Rand_Paul,285781,0
11907,"Ron Johnson",Ron,,Johnson,,,2,R,2,Sen,SD-WI,2938769,126217,N00032546,Ron_Johnson_(Wisconsin),309565,0
11909,"Mike Lee",Mike,,Lee,,,2,R,2,Sen,SD-UT,19890610,66395,N00031696,Mike_Lee_(Utah),268656,0
11910,"Marco Rubio",Marco,,Rubio,,,2,R,2,Sen,SD-FL,12999040,1601,N00030612,Marco_Rubio,193597,0
11971,"John Hoeven",John,,Hoeven,,,2,R,2,Sen,SD-ND,144736,41788,N00031688,John_Hoeven,209683,0
13318,"Mark Amodei",Mark,E.,Amodei,,,2,R,1,Rep,HD-NV-2,6596644,12537,N00031177,Mark_Amodei,197540,0
13869,"Suzanne Bonamici",Suzanne,,Bonamici,,,1,D,1,Rep,HD-OR-1,339835,59641,N00033474,Suzanne_Bonamici,249764,0
14026,"Thomas Massie",Thomas,,Massie,,,2,R,1,Rep,HD-KY-4,9195688,132068,N00034041,Thomas_Massie,391510,0
14081,"Brian Schatz",Brian,,Schatz,,,1,D,2,Sen,SD-HI,6397188,17852,N00028138,Brian_Schatz,193945,0
14082,"Joyce Beatty",Joyce,,Beatty,,,1,D,1,Rep,HD-OH-3,2954872,2427,N00033904,Joyce_Beatty,197852,0
14084,"Richard Hudson",Richard,,Hudson,,,2,R,1,Rep,HD-NC-9,6611759,136448,N00033630,Richard_Hudson,161542,0
14085,"Grace Meng",Grace,,Meng,,,1,D,1,Rep,HD-NY-6,4676224,69157,N00034547,Grace_Meng,271828,0
14090,"Suzan DelBene",Suzan,,DelBene,,,1,D,1,Rep,HD-WA-1,2610675,126272,N00030693,Suzan_DelBene,284676,0
14137,"Hakeem Jeffries",Hakeem,S.,Jeffries,,,1,D,1,Rep,HD-NY-8,13009236,55285,N00033640,Hakeem_Jeffries,250929,0
14882,"Julia Brownley",Julia,,Brownley,,,1,D,1,Rep,HD-CA-26,1256839,59904,N00034254,Julia_Brownley,248455,0
14887,"Tom Cotton",Tom,,Cotton,,,2,R,2,Sen,SD-AR,13607871,135651,N00033363,Tom_Cotton,378517,0
14888,"Kevin Cramer",Kevin,,Cramer,,,2,R,2,Sen,SD-ND,13010662,444,N00004614,Kevin_Cramer,240471,0
14889,"Steve Daines",Steve,,Daines,,,2,R,2,Sen,SD-MT,7687176,135720,N00033054,Steve_Daines,378524,0
14893,"Lois Frankel",Lois,,Frankel,,,1,D,1,Rep,HD-FL-22,12998905,8102,N00002893,Lois_Frankel,193594,0
14898,"Jared Huffman",Jared,,Huffman,,,1,D,1,Rep,HD-CA-2,13008447,59849,N00033030,Jared_Huffman,248432,0
14903,"Markwayne Mullin",Markwayne,,Mullin,,,2,R,2,Sen,SD-OK,12013169,135898,N00033410,Markwayne_Mullin,378700,0
14906,"Scott Perry",Scott,,Perry,,,2,R,1,Rep,HD-PA-10,13005805,59980,N00034120,Scott_Perry,248703,0
14916,"Bradley Schneider",Bradley,S.,Schneider,,,1,D,1,Rep,HD-IL-10,2671149,134948,N00033101,Brad_Schneider,378769,0
14920,"Juan Vargas",Juan,,Vargas,,,1,D,1,Rep,HD-CA-52,622640,29100,N00007021,Juan_Vargas,143356,0
14922,"Randy Weber",Randy,K.,Weber,Sr.,,2,R,1,Rep,HD-TX-14,13006857,102026,N00033539,Randy_Weber,269711,0
14924,"Roger Williams",Roger,,Williams,,,2,R,1,Rep,HD-TX-25,17658466,50112,N00030602,Roger_Williams_(Texas),244512,0
15051,"Garland Barr",Garland,,Barr,,Andy,2,R,1,Rep,HD-KY-6,9192076,117290,N00031233,Andy_Barr,284674,0
15053,"Tammy Duckworth",Tammy,,Duckworth,,,1,D,2,Sen,SD-IL,17658669,57442,N00027860,Tammy_Duckworth,264841,0
15205,"Ami Bera",Ami,,Bera,,,1,D,1,Rep,HD-CA-6,12556998,120030,N00030717,Ami_Bera,284011,0
15208,"Steven Horsford",Steven,A.,Horsford,,,1,D,1,Rep,HD-NV-4,13012984,44064,N00033638,Steven_Horsford,227658,0
15216,"Joaquin Castro",Joaquin,,Castro,,,1,D,1,Rep,HD-TX-20,6396620,49227,N00033316,Joaquin_Castro,212619,0
15224,"David Joyce",David,,Joyce,,,2,R,1,Rep,HD-OH-14,14885217,143052,N00035007,David_Joyce,439365,0
15228,"Doug LaMalfa",Doug,,LaMalfa,,,2,R,1,Rep,HD-CA-1,1560957,29713,N00033987,Doug_LaMalfa,211738,0
15234,"Mark Pocan",Mark,,Pocan,,,1,D,1,Rep,HD-WI-2,17658558,26238,N00033549,Mark_Pocan,199986,0
15235,"Scott Peters",Scott,H.,Peters,,,1,D,1,Rep,HD-CA-50,14148706,70351,N00033591,Scott_Peters,378729,0
15236,"Raul Ruiz",Raul,,Ruiz,,,1,D,1,Rep,HD-CA-25,17657757,136407,N00033510,Raul_Ruiz,291125,0
15238,"Eric Swalwell",Eric,,Swalwell,,,1,D,1,Rep,HD-CA-14,15742560,129529,N00033508,Eric_Swalwell,378800,0
15239,"Mark Takano",Mark,,Takano,,,1,D,1,Rep,HD-CA-39,17657771,22337,N00006701,Mark_Takano,378804,0
15240,"David Valadao",David,G.,Valadao,,,2,R,1,Rep,HD-CA-22,13008587,120200,N00033367,David_Valadao,289367,0
15241,"Marc Veasey",Marc,A.,Veasey,,,1,D,1,Rep,HD-TX-33,6453720,49671,N00033839,Marc_Veasey,228540,0
15243,"Ann Wagner",Ann,,Wagner,,,2,R,1,Rep,HD-MO-2,4493676,136083,N00033106,Ann_Wagner,378827,0
15313,"Ted Cruz",Ted,,Cruz,,,2,R,2,Sen,SD-TX,210204,135705,N00033085,Ted_Cruz,378522,0
15315,"Deb Fischer",Deb,,Fischer,,,2,R,2,Sen,SD-NE,13012823,41963,N00033443,Deb_Fischer,228296,0
15348,"Angus King",Angus,S.,King,Jr.,,3,I,2,Sen,SD-ME,1792907,22381,N00034580,Angus_King,209655,0
15350,"Elizabeth Warren",Elizabeth,,Warren,,,1,D,2,Sen,SD-MA,1789719,141272,N00033492,Elizabeth_Warren,309189,0
15418,"Tim Kaine",Tim,,Kaine,,,1,D,2,Sen,SD-VA,5743146,50772,N00033177,Tim_Kaine,140385,0
16022,"Robin Kelly",Robin,,Kelly,,,1,D,1,Rep,HD-IL-2,2665398,33384,N00035215,Robin_Kelly,212680,0
16037,"Jason Smith",Jason,T.,Smith,,,2,R,1,Rep,HD-MO-8,6669122,59318,N00035282,Jason_Smith_(Missouri_representative),243054,0
16055,"Cory Booker",Cory,A.,Booker,,,1,D,2,Sen,SD-NJ,1987417,76151,N00035267,Cory_Booker,462025,0
16065,"Katherine Clark",Katherine,M.,Clark,,,1,D,1,Rep,HD-MA-5,20536475,35858,N00035278,Katherine_Clark,263010,0
16269,"Donald Norcross",Donald,,Norcross,,,1,D,1,Rep,HD-NJ-1,6498707,116277,N00036154,Donald_Norcross,282657,0
16271,"Alma Adams",Alma,S.,Adams,,,1,D,1,Rep,HD-NC-12,5890773,5935,N00035451,Alma_Adams,196595,0
16447,"Rick Allen",Rick,W.,Allen,,,2,R,1,Rep,HD-GA-12,6939101,136062,N00032240,Rick_Allen,378450,0
16449,"Brian Babin",Brian,,Babin,,,2,R,1,Rep,HD-TX-36,11282531,360,N00005736,Brian_Babin,481703,0
16452,"Mike Bost",Mike,,Bost,,,2,R,1,Rep,HD-IL-12,6577297,6302,N00035420,Mike_Bost,194400,0
16454,"Earl Carter",Earl,L.,Carter,,Buddy,2,R,1,Rep,HD-GA-1,6806386,32085,N00035346,Earl_%22Buddy%22_Carter,228474,0
16458,"Tom Emmer",Tom,,Emmer,,,2,R,1,Rep,HD-MN-6,12996955,38894,N00035440,Tom_Emmer,227769,0
16460,"Glenn Grothman",Glenn,,Grothman,,,2,R,1,Rep,HD-WI-6,2927726,3493,N00036409,Glenn_Grothman,199967,0
16463,"French Hill",French,,Hill,,,2,R,1,Rep,HD-AR-2,9620575,146290,N00035792,French_Hill,475052,0
16468,"Barry Loudermilk",Barry,,Loudermilk,,,2,R,1,Rep,HD-GA-11,12999116,31618,N00035347,Barry_Loudermilk,228409,0
16471,"John Moolenaar",John,R.,Moolenaar,,,2,R,1,Rep,HD-MI-2,609969,37676,N00036275,John_Moolenaar,212920,0
16473,"Dan Newhouse",Dan,,Newhouse,,,2,R,1,Rep,HD-WA-4,2971537,51522,N00036403,Dan_Newhouse,211847,0
16476,"David Rouzer",David,,Rouzer,,,2,R,1,Rep,HD-NC-7,5876933,102964,N00033527,David_Rouzer,164497,0
16477,"Elise Stefanik",Elise,,Stefanik,,,2,R,1,Rep,HD-NY-21,21236694,152539,N00035523,Elise_Stefanik,247560,0
16480,"Bruce Westerman",Bruce,,Westerman,,,2,R,1,Rep,HD-AR-4,6682617,119120,N00035527,Bruce_Westerman,290802,0
16483,"Ryan Zinke",Ryan,,Zinke,,,2,R,1,Rep,HD-MT-1,6675530,104073,N00035616,Ryan_Zinke,271177,0
16485,"Bonnie Coleman",Bonnie,,"Watson Coleman",,,1,D,1,Rep,HD-NJ-12,6389632,24799,N00036158,Bonnie_Watson_Coleman,362925,0
16487,"Brendan Boyle",Brendan,F.,Boyle,,,1,D,1,Rep,HD-PA-2,13006066,47357,N00035307,Brendan_Boyle,269627,0
16488,"Don Beyer",Don,S.,Beyer,Jr.,,1,D,1,Rep,HD-VA-8,1579842,1707,N00036018,Don_Beyer,487540,0
16490,"Gary Palmer",Gary,J.,Palmer,,,2,R,1,Rep,HD-AL-6,22027757,146274,N00035691,Gary_Palmer,475776,0
16492,"Mark DeSaulnier",Mark,,DeSaulnier,,,1,D,1,Rep,HD-CA-10,24686,69477,N00030709,Mark_DeSaulnier,248434,0
16495,"Norma Torres",Norma,J.,Torres,,,1,D,1,Rep,HD-CA-35,6485739,71284,N00036107,Norma_Torres,267783,0
16496,"Pete Aguilar",Pete,,Aguilar,,,1,D,1,Rep,HD-CA-33,17657748,70114,N00033997,Pete_Aguilar,397292,0
16497,"Ruben Gallego",Ruben,,Gallego,,,1,D,2,Sen,SD-AZ,6507394,123732,N00036097,Ruben_Gallego,293802,0
16498,"Seth Moulton",Seth,,Moulton,,,1,D,1,Rep,HD-MA-6,25004670,146299,N00035431,Seth_Moulton,464944,0
16500,"Ted Lieu",Ted,,Lieu,,,1,D,1,Rep,HD-CA-36,2451821,1516,N00035825,Ted_Lieu,240581,0
16502,"Debbie Dingell",Debbie,,Dingell,,,1,D,1,Rep,HD-MI-6,252193,152482,N00036149,Debbie_Dingell,357079,0
16519,"Joni Ernst",Joni,,Ernst,,,2,R,2,Sen,SD-IA,6151700,128583,N00035483,Joni_Ernst,328986,0
16521,"Mike Rounds",Mike,,Rounds,,,2,R,2,Sen,SD-SD,6580808,7455,N00035187,Mike_Rounds,198882,0
16523,"Dan Sullivan",Dan,,Sullivan,,,2,R,2,Sen,SD-AK,39833727,114964,N00035774,Daniel_S._Sullivan,328336,0
16524,"Thom Tillis",Thom,,Tillis,,,2,R,2,Sen,SD-NC,5942566,57717,N00035492,Thom_Tillis_(North_Carolina),250143,0
16824,"Stacey Plaskett",Stacey,E.,Plaskett,,,1,D,1,Rep,HD-VI,0,155929,N00035000,Stacey_Plaskett,439826,0
17510,"Amata Radewagen",Amata,Coleman,Radewagen,,,2,R,1,Rep,HD-AS,0,128380,N00007635,Aumua_Amata_Radewagen,439739,0
17704,"Trent Kelly",Trent,,Kelly,,,2,R,1,Rep,HD-MS-1,29268676,156389,N00037003,Trent_Kelly,536266,0
17717,"Darin LaHood",Darin,,LaHood,,,2,R,1,Rep,HD-IL-16,2782492,128760,N00037031,Darin_LaHood,333096,0
17958,"Warren Davidson",Warren,,Davidson,,,2,R,1,Rep,HD-OH-8,2882234,166760,N00038767,Warren_Davidson,565476,0
17980,"James Comer",James,,Comer,,,2,R,1,Rep,HD-KY-1,13000729,35169,N00038260,James_Comer_Jr.,205575,0
17981,"Dwight Evans",Dwight,,Evans,,,1,D,1,Rep,HD-PA-3,13006152,9128,N00038450,Dwight_Evans,198425,0
18286,"Jodey Arrington",Jodey,Cook,Arrington,,,2,R,1,Rep,HD-TX-19,26357872,155685,N00038285,Jodey_Arrington,555820,0
18287,"Don Bacon",Don,,Bacon,,,2,R,1,Rep,HD-NE-2,32158683,166299,N00037049,Don_Bacon,346086,0
18288,"Jim Banks",Jim,,Banks,,,2,R,1,Rep,HD-IN-3,2949733,116801,N00037185,Jim_Banks_(Indiana),291462,0
18289,"Nanette Barragan",Nanette,Diaz,Barragan,,,1,D,1,Rep,HD-CA-44,39707282,166270,N00037019,Nanette_Barrag%C3%A1n,536062,0
18290,"Jack Bergman",Jack,,Bergman,,,2,R,1,Rep,HD-MI-1,39849758,170172,N00039533,Jack_Bergman,577460,0
18291,"Andy Biggs",Andy,,Biggs,,,2,R,1,Rep,HD-AZ-5,6602301,28088,N00039293,Andy_Biggs,212155,0
18292,"Lisa Rochester",Lisa,Blunt,Rochester,,,1,D,2,Sen,SD-DE,38420440,173249,N00038414,Lisa_Blunt_Rochester,558891,0
18294,"Ted Budd",Ted,,Budd,,,2,R,2,Sen,SD-NC,40620470,171489,N00039551,Ted_Budd,576530,0
18295,"Salud Carbajal",Salud,O.,Carbajal,,,1,D,1,Rep,HD-CA-24,39707235,81569,N00037015,Salud_Carbajal,460424,0
18297,"Luis Correa",Luis,,Correa,,,1,D,1,Rep,HD-CA-46,6398747,9732,N00037260,Lou_Correa,193097,0
18300,"Neal Dunn",Neal,P.,Dunn,,,2,R,1,Rep,HD-FL-2,117671,166297,N00037442,Neal_Dunn,547694,0
18301,"Adriano Espaillat",Adriano,,Espaillat,,,1,D,1,Rep,HD-NY-13,6512516,14379,N00034549,Adriano_Espaillat,197725,0
18304,"Brian Fitzpatrick",Brian,K.,Fitzpatrick,,,2,R,1,Rep,HD-PA-1,39434649,167708,N00038779,Brian_Fitzpatrick,568624,0
18308,"Vicente Gonzalez",Vicente,,Gonzalez,,,1,D,1,Rep,HD-TX-34,17872003,166483,N00038809,Vicente_Gonzalez_Jr.,561764,0
18309,"Josh Gottheimer",Josh,,Gottheimer,,,1,D,1,Rep,HD-NJ-5,39707518,169202,N00036944,Josh_Gottheimer,346665,0
18310,"Clay Higgins",Clay,,Higgins,,,2,R,1,Rep,HD-LA-3,41316479,174484,N00039953,Clay_Higgins,588003,0
18312,"Pramila Jayapal",Pramila,,Jayapal,,,1,D,1,Rep,HD-WA-7,2644458,153141,N00038858,Pramila_Jayapal,499054,0
18313,"Mike Johnson",Mike,,Johnson,,,2,R,1,Rep,HD-LA-4,19895272,156097,N00039106,Mike_Johnson_(Louisiana),527158,0
18314,"Ro Khanna",Ro,,Khanna,,,1,D,1,Rep,HD-CA-17,373494,29473,N00026427,Ro_Khanna,281537,0
18316,"Raja Krishnamoorthi",Raja,,Krishnamoorthi,,,1,D,1,Rep,HD-IL-8,6265333,117519,N00033240,Raja_Krishnamoorthi,385662,0
18317,"David Kustoff",David,,Kustoff,,,2,R,1,Rep,HD-TN-8,9383528,48997,N00025445,David_Kustoff,570162,0
18320,"Roger Marshall",Roger,W.,Marshall,,,2,R,2,Sen,SD-KS,8816503,172080,N00037034,Roger_Marshall,536160,0
18321,"Brian Mast",Brian,J.,Mast,,,2,R,1,Rep,HD-FL-21,32158682,166245,N00037269,Brian_Mast,541019,0
18326,"Jimmy Panetta",Jimmy,,Panetta,,,1,D,1,Rep,HD-CA-19,35018515,169078,N00038601,Jimmy_Panetta,561057,0
18327,"Jamie Raskin",Jamie,,Raskin,,,1,D,1,Rep,HD-MD-8,1066956,65904,N00037036,Jamie_Raskin,248823,0
18329,"Jacky Rosen",Jacky,,Rosen,,,1,D,2,Sen,SD-NV,39827617,169471,N00038734,Jacky_Rosen,567336,0
18330,"John Rutherford",John,H.,Rutherford,,,2,R,1,Rep,HD-FL-5,37039917,172542,N00039777,John_Rutherford_(Florida),581000,0
18331,"Lloyd Smucker",Lloyd,,Smucker,,,2,R,1,Rep,HD-PA-11,5582657,102454,N00038781,Lloyd_Smucker,269658,0
18332,"Darren Soto",Darren,,Soto,,,1,D,1,Rep,HD-FL-9,198924,67618,N00037422,Darren_Soto,255376,0
18333,"Thomas Suozzi",Thomas,R.,Suozzi,,,1,D,1,Rep,HD-NY-3,12996931,92111,N00038742,Tom_Suozzi,462663,0
18335,"Claudia Tenney",Claudia,,Tenney,,,2,R,1,Rep,HD-NY-24,4644381,127668,N00036351,Claudia_Tenney,216162,0
18413,"John Kennedy",John,,Kennedy,,,2,R,2,Sen,SD-LA,13010864,35496,N00026823,John_Neely_Kennedy,240389,0
18485,"Catherine Cortez Masto",Catherine,,"Cortez Masto",,,1,D,2,Sen,SD-NV,13010255,69579,N00037161,Catherine_Cortez_Masto,252293,0
18486,"Margaret Hassan",Margaret,Wood,Hassan,,,1,D,2,Sen,SD-NH,9693318,42552,N00038397,Maggie_Hassan,227982,0
19370,"Ron Estes",Ron,,Estes,,,2,R,1,Rep,HD-KS-4,6691026,125031,N00040712,Ron_Estes_(U.S._House_representative),311777,0
19407,"Ralph Norman",Ralph,W.,Norman,,,2,R,1,Rep,HD-SC-5,6126950,47930,N00027783,Ralph_Norman,227505,0
19409,"Jimmy Gomez",Jimmy,,Gomez,,,1,D,1,Rep,HD-CA-34,13008707,138524,N00040597,Jimmy_Gomez,390070,0
19436,"John Curtis",John,,Curtis,,,2,R,2,Sen,SD-UT,6444263,123390,N00041221,John_Curtis_(Utah),626323,0
19499,"Tina Smith",Tina,,Smith,,,1,D,2,Sen,SD-MN,4173995,152968,N00042353,Tina_Smith,332335,0
19622,"Cindy Hyde-Smith",Cindy,,Hyde-Smith,,,2,R,2,Sen,SD-MS,6408036,20784,N00043298,Cindy_Hyde-Smith,196212,0
19664,"Michael Cloud",Michael,,Cloud,,,2,R,1,Rep,HD-TX-27,44045161,177350,N00041882,Michael_Cloud_(Texas),636744,0
19676,"Troy Balderson",Troy,,Balderson,,,2,R,1,Rep,HD-OH-12,3499988,102781,N00042194,Troy_Balderson,271784,0
19692,"Kevin Hern",Kevin,,Hern,,,2,R,1,Rep,HD-OK-1,44044988,180004,N00040829,Kevin_Hern,618789,0
19693,"Joseph Morelle",Joseph,D.,Morelle,,Joe,1,D,1,Rep,HD-NY-25,5413103,145182,N00043207,Joseph_Morelle,197784,0
19694,"Mary Gay Scanlon",Mary,,Scanlon,,,1,D,1,Rep,HD-PA-5,44954452,178890,N00042706,Mary_Gay_Scanlon,655204,0
20042,"James Baird",James,R.,Baird,,Jim,2,R,1,Rep,HD-IN-4,6682179,86013,N00041954,James_Baird,291484,0
20044,"Tim Burchett",Tim,,Burchett,,,2,R,1,Rep,HD-TN-2,6607163,24379,N00041594,Tim_Burchett,198970,0
20045,"Ed Case",Ed,,Case,,,1,D,1,Rep,HD-HI-1,10085353,3422,N00025882,Ed_Case,193944,0
20046,"Sean Casten",Sean,,Casten,,,1,D,1,Rep,HD-IL-6,43471680,176982,N00041338,Sean_Casten,629120,0
20047,"Ben Cline",Ben,L.,Cline,,,2,R,1,Rep,HD-VA-6,6613874,50959,N00042296,Ben_Cline,212955,0
20048,"Angela Craig",Angela,Dawn,Craig,,,1,D,1,Rep,HD-MN-2,32141809,166261,N00037039,Angie_Craig,536254,0
20049,"Dan Crenshaw",Dan,,Crenshaw,,,2,R,1,Rep,HD-TX-2,44449939,177270,N00042224,Daniel_Crenshaw,644108,0
20050,"Jason Crow",Jason,,Crow,,,1,D,1,Rep,HD-CO-6,44044490,180218,N00040876,Jason_Crow,621716,0
20052,"Gil Cisneros",Gil,,Cisneros,,,1,D,1,Rep,HD-CA-31,17779260,179370,N00041464,Gil_Cisneros,631203,0
20054,"Sharice Davids",Sharice,,Davids,,,1,D,1,Rep,HD-KS-3,15561443,181201,N00042626,Sharice_Davids,655850,0
20056,"Madeleine Dean",Madeleine,,Dean,,,1,D,1,Rep,HD-PA-4,4701392,136484,N00042894,Madeleine_Dean,569358,0
20057,"Veronica Escobar",Veronica,,Escobar,,,1,D,1,Rep,HD-TX-16,44045126,99345,N00041702,Veronica_Escobar,634679,0
20059,"Elizabeth Fletcher",Elizabeth,Pannill,Fletcher,,,1,D,1,Rep,HD-TX-7,44045104,177031,N00041194,Lizzie_Pannill_Fletcher,625330,0
20060,"Russ Fulcher",Russ,,Fulcher,,,2,R,1,Rep,HD-ID-1,6668632,33091,N00041335,Russ_Fulcher,239426,0
20061,"Jesus Garcia",Jesus,,Garcia,,Chuy,1,D,1,Rep,HD-IL-4,28299070,6261,N00042114,Jesus_Garcia,645347,0
20062,"Sylvia Garcia",Sylvia,,Garcia,,,1,D,1,Rep,HD-TX-29,16351467,49734,N00042282,Sylvia_Garcia,454041,0
20064,"Lance Gooden",Lance,,Gooden,,,2,R,1,Rep,HD-TX-5,6681277,116935,N00042237,Lance_Gooden,236203,0
20065,"Mark Green",Mark,,Green,,,2,R,1,Rep,HD-TN-7,11030026,139030,N00041873,Mark_Green_(Tennessee),399479,0
20066,"Michael Guest",Michael,,Guest,,,2,R,1,Rep,HD-MS-3,16352053,179667,N00042458,Michael_Guest,651006,0
20067,"Jared Golden",Jared,,Golden,,,1,D,1,Rep,HD-ME-2,23424266,151420,N00041668,Jared_Golden,372438,0
20069,"Jahana Hayes",Jahana,,Hayes,,,1,D,1,Rep,HD-CT-5,45681143,181744,N00043421,Jahana_Hayes,666101,0
20071,"Chrissy Houlahan",Chrissy,,Houlahan,,,1,D,1,Rep,HD-PA-6,44045003,178893,N00040949,Chrissy_Houlahan,621721,0
20074,"Josh Harder",Josh,,Harder,,,1,D,1,Rep,HD-CA-9,43937863,179326,N00040853,Josh_Harder,624344,0
20075,"Dusty Johnson",Dusty,,Johnson,,,2,R,1,Rep,HD-SD,43398875,48307,N00040559,Dusty_Johnson,240544,0
20076,"John Joyce",John,,Joyce,,,2,R,1,Rep,HD-PA-13,44955073,178911,N00043242,John_Joyce_(Pennsylvania),659206,0
20077,"Andy Kim",Andy,,Kim,,,1,D,2,Sen,SD-NJ,44044858,179640,N00041370,Andrew_Kim_(New_Jersey),628795,0
20078,"Suzanne Lee",Suzanne,Kelley,Lee,,Susie,1,D,1,Rep,HD-NV-3,9713907,169344,N00037247,Susie_Lee,541030,0
20081,"Mike Levin",Mike,,Levin,,,1,D,1,Rep,HD-CA-49,44044456,179416,N00040667,Mike_Levin,617967,0
20083,"Dan Meuser",Dan,,Meuser,,,2,R,1,Rep,HD-PA-9,4671601,102438,N00029416,Dan_Meuser,331999,0
20084,"Carol Miller",Carol,D.,Miller,,,2,R,1,Rep,HD-WV-1,6659422,52123,N00041542,Carol_Miller_(West_Virginia),249553,0
20086,"Lucy McBath",Lucy,,McBath,,,1,D,1,Rep,HD-GA-7,44893293,178538,N00042813,Lucy_McBath,658185,0
20088,"Joseph Neguse",Joseph,,Neguse,,,1,D,1,Rep,HD-CO-2,23406914,151075,N00041080,Joe_Neguse,485964,0
20089,"Alexandria Ocasio-Cortez",Alexandria,,Ocasio-Cortez,,,1,D,1,Rep,HD-NY-14,43884749,180416,N00041162,Alexandria_Ocasio-Cortez,624858,0
20090,"Ilhan Omar",Ilhan,,Omar,,,1,D,1,Rep,HD-MN-5,40606750,171628,N00043581,Ilhan_Omar,583510,0
20091,"Christopher Pappas",Christopher,C.,Pappas,,Chris,1,D,1,Rep,HD-NH-1,6394987,42635,N00042161,Chris_Pappas,213040,0
20094,"Ayanna Pressley",Ayanna,S.,Pressley,,,1,D,1,Rep,HD-MA-7,45365104,122700,N00042581,Ayanna_Pressley,234321,0
20096,"Guy Reschenthaler",Guy,,Reschenthaler,,,2,R,1,Rep,HD-PA-14,24650451,166004,N00041871,Guy_Reschenthaler,560660,0
20098,"John Rose",John,W.,Rose,,,2,R,1,Rep,HD-TN-6,44045074,180452,N00041599,John_Rose_(Tennessee),632997,0
20100,"Chip Roy",Chip,,Roy,,,2,R,1,Rep,HD-TX-21,44449969,177319,N00042268,Chip_Roy,223268,0
20103,"Rebecca Sherrill",Rebecca,Michelle,Sherrill,,Mikie,1,D,1,Rep,HD-NJ-11,43965079,179651,N00041154,Mikie_Sherrill,625260,0
20104,"Elissa Slotkin",Elissa,,Slotkin,,,1,D,2,Sen,SD-MI,44044762,181080,N00041357,Elissa_Slotkin,261745,0
20107,"Greg Stanton",Greg,,Stanton,,,1,D,1,Rep,HD-AZ-4,44044364,72030,N00041750,Greg_Stanton,638908,0
20108,"Pete Stauber",Pete,,Stauber,,,2,R,1,Rep,HD-MN-8,44044791,159954,N00041511,Pete_Stauber,630211,0
20109,"Bryan Steil",Bryan,,Steil,,,2,R,1,Rep,HD-WI-1,45356811,181289,N00043379,Bryan_Steil,664604,0
20110,"Greg Steube",Greg,,Steube,,,2,R,1,Rep,HD-FL-17,6692870,117248,N00042808,Greg_Steube,289471,0
20111,"Haley Stevens",Haley,,Stevens,,,1,D,1,Rep,HD-MI-11,44044764,181092,N00040915,Haley_Stevens,623571,0
20112,"Kim Schrier",Kim,,Schrier,,,1,D,1,Rep,HD-WA-8,44045231,181124,N00041606,Kim_Schrier,632874,0
20114,"William Timmons",William,R.,Timmons,IV,,2,R,1,Rep,HD-SC-4,20742278,168923,N00042715,William_Timmons,575426,0
20115,"Rashida Tlaib",Rashida,,Tlaib,,,1,D,1,Rep,HD-MI-12,13002117,105368,N00042649,Rashida_Tlaib,268236,0
20116,"Lori Trahan",Lori,,Trahan,,,1,D,1,Rep,HD-MA-3,15875826,182310,N00041808,Lori_Trahan,636951,0
20119,"Lauren Underwood",Lauren,A.,Underwood,,,1,D,1,Rep,HD-IL-14,44044644,177001,N00041569,Lauren_Underwood,601601,0
20120,"Jeff Van Drew",Jeff,,"Van Drew",,,2,R,1,Rep,HD-NJ-2,6389812,24685,N00042164,Jeff_Van_Drew,209970,0
20121,"Michael Waltz",Michael,,Waltz,,,2,R,1,Rep,HD-FL-6,45399438,182261,N00042403,Michael_Waltz,652214,0
20295,"Josh Hawley",Joshua,David,Hawley,,Josh,2,R,2,Sen,SD-MO,16205449,169716,N00041620,Josh_Hawley,572072,0
20297,"Rick Scott",Richard,L.,Scott,,Rick,2,R,2,Sen,SD-FL,422306,124204,N00043290,Rick_Scott,289276,0
21386,"Greg Murphy",Gregory,Francis,Murphy,,Greg,2,R,1,Rep,HD-NC-3,166135,5975268,N00044027,Gregory_Murphy,558576,0
21642,"Kweisi Mfume",Kweisi,,Mfume,,,1,D,1,Rep,HD-MD-7,15479665,26892,N00001799,Kweisi_Mfume,722075,0
21647,"Tom Tiffany",Tom,,Tiffany,,,2,R,1,Rep,HD-WI-7,48524679,51831,N00045307,Tom_Tiffany,310033,0
21702,"Mark Kelly",Mark,,Kelly,,,1,D,2,Sen,SD-AZ,48160599,190594,N00044223,Mark_Kelly,709398,0
21922,"Barry Moore",Felix,Barry,Moore,,Barry,2,R,1,Rep,HD-AL-2,12997504,121792,N00041295,Barry_Moore_(Alabama),290770,0
21923,"Sara Jacobs",Sara,J.,Jacobs,,,1,D,1,Rep,HD-CA-51,19388816,179414,N00042081,Sara_Jacobs,644085,0
21924,"Young Kim",Young,,Kim,,,2,R,1,Rep,HD-CA-40,22215539,151787,N00042386,Young_Kim_(California),494206,0
21925,"Jay Obernolte",Jay,P.,Obernolte,,,2,R,1,Rep,HD-CA-23,13479345,151831,N00045377,Jay_Obernolte,494135,0
21927,"Lauren Boebert",Lauren,,Boebert,,,2,R,1,Rep,HD-CO-3,19528829,191290,N00045974,Lauren_Boebert,724132,0
21928,"Kat Cammack",Kat,,Cammack,,,2,R,1,Rep,HD-FL-3,49284296,191306,N00045978,Kat_Cammack,447426,0
21929,"Byron Donalds",Byron,,Donalds,,,2,R,1,Rep,HD-FL-19,17657863,137655,N00034016,Byron_Donalds,391126,0
21930,"Scott Franklin",Scott,,Franklin,,,2,R,1,Rep,HD-FL-18,49846565,191355,N00046760,Scott_Franklin,735595,0
21931,"Carlos Gimenez",Carlos,,Gimenez,,,2,R,1,Rep,HD-FL-28,49846593,81366,N00046394,Carlos_Gimenez,731724,0
21932,"Maria Salazar",Maria,Elvira,Salazar,,,2,R,1,Rep,HD-FL-27,45399472,182300,N00042810,Maria_Elvira_Salazar,658161,0
21934,"Andrew Clyde",Andrew,,Clyde,,,2,R,1,Rep,HD-GA-9,49394308,189770,N00046654,Andrew_Clyde,733887,0
21935,"Marjorie Greene",Marjorie,Taylor,Greene,,,2,R,1,Rep,HD-GA-14,48161226,189785,N00044701,Marjorie_Taylor_Greene,707878,0
21936,"Nikema Williams",Nikema,,Williams,,,1,D,1,Rep,HD-GA-5,26177470,176751,N00047361,Nikema_Williams,648743,0
21938,"Randy Feenstra",Randy,L.,Feenstra,,,2,R,1,Rep,HD-IA-4,6079832,103301,N00044011,Randy_Feenstra,271911,0
21939,"Ashley Hinson",Ashley,E.,Hinson,,,2,R,1,Rep,HD-IA-2,38148887,168783,N00044521,Ashley_Hinson,572935,0
21940,"Mariannette Miller-Meeks",Mariannette,J.,Miller-Meeks,,,2,R,1,Rep,HD-IA-1,6022032,103294,N00029495,Mariannette_Miller-Meeks,267080,0
21941,"Mary Miller",Mary,,Miller,,,2,R,1,Rep,HD-IL-15,48161308,187988,N00045703,Mary_Miller_(Illinois),721413,0
21943,"Frank Mrvan",Frank,J.,Mrvan,Jr.,,1,D,1,Rep,HD-IN-1,6393363,113775,N00045905,Frank_Mrvan_(Indiana_congressional_candidate),722372,0
21944,"Victoria Spartz",Victoria,K.,Spartz,,,2,R,1,Rep,HD-IN-5,6986460,178203,N00046537,Victoria_Spartz,638877,0
21946,"Tracey Mann",Tracey,,Mann,,,2,R,1,Rep,HD-KS-1,15488021,125007,N00030743,Tracey_Mann,284640,0
21947,"Jake Auchincloss",Jake,,Auchincloss,,,1,D,1,Rep,HD-MA-4,48161414,173832,N00045506,Jake_Auchincloss,719720,0
21948,"Lisa McClain",Lisa,,McClain,,,2,R,1,Rep,HD-MI-9,49944007,191633,N00045730,Lisa_McClain,721727,0
21950,"Michelle Fischbach",Michelle,,Fischbach,,,2,R,1,Rep,HD-MN-7,13012379,3882,N00045251,Michelle_Fischbach,195769,0
21955,"Deborah Ross",Deborah,,Ross,,,1,D,1,Rep,HD-NC-2,5853356,41560,N00038565,Deborah_Ross,211983,0
21957,"Teresa Fernandez",Teresa,Leger,Fernandez,,,1,D,1,Rep,HD-NM-3,1921149,189882,N00044559,Teresa_Leger_Fernandez,453352,0
21959,"Andrew Garbarino",Andrew,R.,Garbarino,,,2,R,1,Rep,HD-NY-2,15666124,143103,N00046030,Andrew_Garbarino,433049,0
21961,"Nicole Malliotakis",Nicole,,Malliotakis,,,2,R,1,Rep,HD-NY-11,13009241,127929,N00044040,Nicole_Malliotakis,309650,0
21962,"Ritchie Torres",Ritchie,John,Torres,,,1,D,1,Rep,HD-NY-15,48161012,161718,N00044346,Ritchie_Torres,703996,0
21963,"Stephanie Bice",Stephanie,,Bice,,,2,R,1,Rep,HD-OK-5,23442515,152294,N00044579,Stephanie_Bice,495403,0
21964,"Cliff Bentz",Cliff,B.,Bentz,,,2,R,1,Rep,HD-OR-2,4964521,102400,N00045773,Cliff_Bentz,262468,0
21965,"Nancy Mace",Nancy,,Mace,,,2,R,1,Rep,HD-SC-1,23424620,146076,N00035670,Nancy_Mace,466143,0
21966,"Diana Harshbarger",Diana,,Harshbarger,,,2,R,1,Rep,HD-TN-1,49626376,190524,N00046688,Diana_Harshbarger,734559,0
21967,"Patrick Fallon",Patrick,,Fallon,,Pat,2,R,1,Rep,HD-TX-4,12553367,115056,N00047264,Pat_Fallon,414616,0
21968,"Ernest Gonzales",Ernest,Anthony,Gonzales,II,Tony,2,R,1,Rep,HD-TX-23,48161835,188225,N00044592,Tony_Gonzales,706319,0
21969,"Ronny Jackson",Ronny,,Jackson,,,2,R,1,Rep,HD-TX-13,48644982,188325,N00046055,Ronny_Jackson,342600,0
21970,"Troy Nehls",Troy,,Nehls,,,2,R,1,Rep,HD-TX-22,48645001,188334,N00046067,Troy_Nehls,719080,0
21971,"August Pfluger",August,Lee,Pfluger,II,,2,R,1,Rep,HD-TX-11,48161883,188165,N00045421,August_Pfluger,717802,0
21972,"Elizabeth Van Duyne",Elizabeth,Ann,"Van Duyne",,Beth,2,R,1,Rep,HD-TX-24,48161909,79150,N00045167,Beth_Van_Duyne,661605,0
21973,"Blake Moore",Blake,David,Moore,,,2,R,1,Rep,HD-UT-1,49449645,191164,N00046598,Blake_Moore,732706,0
21974,"Burgess Owens",Burgess,,Owens,,,2,R,1,Rep,HD-UT-4,24352095,191166,N00045812,Burgess_Owens,722306,0
21976,"Marilyn Strickland",Marilyn,,Strickland,,,1,D,1,Rep,HD-WA-10,49946469,80596,N00046320,Marilyn_Strickland,727678,0
21977,"Scott Fitzgerald",Scott,L.,Fitzgerald,,,2,R,1,Rep,HD-WI-5,13013877,3446,N00045434,Scott_Fitzgerald,199880,0
22003,"Tommy Tuberville",Thomas,H.,Tuberville,,Tommy,2,R,2,Sen,SD-AL,48161175,188306,N00044434,Tommy_Tuberville,703296,0
22004,"John Hickenlooper",John,W.,Hickenlooper,,,1,D,2,Sen,SD-CO,6001155,71547,N00044206,John_Hickenlooper,288619,0
22005,"Bill Hagerty",William,F.,Hagerty,IV,Bill,2,R,2,Sen,SD-TN,2170351,128466,N00045369,Bill_Hagerty,333606,0
22485,"Jon Ossoff",Thomas,Jonathan,Ossoff,,Jon,1,D,2,Sen,SD-GA,43492014,176134,N00040675,Jon_Ossoff,251917,0
22486,"Alex Padilla",Alex,,Padilla,,,1,D,2,Sen,SD-CA,6468901,59742,N00047888,Alex_Padilla,248511,0
22487,"Raphael Warnock",Raphael,G.,Warnock,,,1,D,2,Sen,SD-GA,18063880,189794,N00046489,Raphael_Warnock,730636,0
22915,"Julia Letlow",Julia,Janelle,Letlow,,,2,R,1,Rep,HD-LA-5,52851959,195745,N00047972,Julia_Letlow,768497,0
22929,"Troy Carter",Troy,,Carter,,,1,D,1,Rep,HD-LA-2,5051668,35462,N00025766,Troy_Carter,266759,0
22939,"Melanie Stansbury",Melanie,Ann,Stansbury,,,1,D,1,Rep,HD-NM-1,44581391,180789,N00047871,Melanie_Ann_Stansbury,461875,0
22947,"Jake Ellzey",John,K.,Ellzey,Sr.,Jake,2,R,1,Rep,HD-TX-6,22214513,68070,N00042243,Jake_Ellzey,533891,0
22966,"Shontel Brown",Shontel,,Brown,,,1,D,1,Rep,HD-OH-11,2964354,161622,N00047875,Shontel_Brown,772727,0
22967,"Mike Carey",Mike,,Carey,,,2,R,1,Rep,HD-OH-15,12101236,196349,N00048568,Mike_Carey_(Ohio),776441,0
23048,"Sheila Cherfilus-McCormick",Sheila,,Cherfilus-McCormick,,,1,D,1,Rep,HD-FL-20,0,182285,N00043504,Sheila_Cherfilus-McCormick,665191,0
23161,"Mike Flood",Mike,,Flood,,,2,R,1,Rep,HD-NE-1,6560805,41983,,Mike_Flood,227029,0
23162,"Brad Finstad",Brad,,Finstad,,,2,R,1,Rep,HD-MN-1,6597648,38612,N00050649,Brad_Finstad,212943,0
23173,"Pat Ryan",Pat,,Ryan,,,1,D,1,Rep,HD-NY-18,44044931,180314,N00041165,Pat_Ryan_(New_York),627919,0
23182,"Rudolph Yakym III",Rudolph,,Yakym,III,Rudy,2,R,1,Rep,HD-IN-2,0,210545,,Rudy_Yakym,0,0
23997,"Mark Alford",Mark,,Alford,,,2,R,1,Rep,HD-MO-4,0,205858,,Mark_Alford,0,0
23998,"Aaron Bean",Aaron,,Bean,,,2,R,1,Rep,HD-FL-4,0,53932,,Aaron_Bean,0,0
23999,"Nikki Budzinski",Nikki,,Budzinski,,,1,D,1,Rep,HD-IL-13,0,204328,,Nikki_Budzinski,0,0
24000,"Eric Burlison",Eric,,Burlison,,,2,R,1,Rep,HD-MO-7,0,104635,,Eric_Burlison,0,0
24001,"Josh Brecheen",Josh,,Brecheen,,,2,R,1,Rep,HD-OK-2,0,124973,,Josh_Brecheen,0,0
24002,"Becca Balint",Becca,,Balint,,,1,D,1,Rep,HD-VT,0,154056,,Becca_Balint,0,0
24003,"Mike Collins",Mike,,Collins,,,2,R,1,Rep,HD-GA-10,0,151225,,Mike_Collins_(Georgia),0,0
24004,"Jasmine Crockett",Jasmine,,Crockett,,,1,D,1,Rep,HD-TX-30,0,188486,,Jasmine_Crockett,0,0
24005,"Greg Casar",Greg,,Casar,,,1,D,1,Rep,HD-TX-35,0,161953,,Greg_Casar,0,0
24006,"Elijah Crane",Elijah,,Crane,,,2,R,1,Rep,HD-AZ-2,0,205885,,Eli_Crane,0,0
24007,"Juan Ciscomani",Juan,,Ciscomani,,,2,R,1,Rep,HD-AZ-6,0,106728,,Juan_Ciscomani,0,0
24010,"Donald Davis",Donald,G.,Davis,,Don,1,D,1,Rep,HD-NC-1,0,102950,,Donald_Davis,0,0
24011,"Christopher Deluzio",Christopher,R.,Deluzio,,Chris,1,D,1,Rep,HD-PA-17,0,202954,,Christopher_Deluzio,0,0
24012,"Monica De La Cruz",Monica,,"De La Cruz",,,2,R,1,Rep,HD-TX-15,0,188292,,Monica_De_La_Cruz,0,0
24015,"Mike Ezell",Mike,,Ezell,,,2,R,1,Rep,HD-MS-4,0,202526,,Mike_Ezell,0,0
24016,"Chuck Edwards",Charles,,Edwards,,Chuck,2,R,1,Rep,HD-NC-11,0,166600,,Chuck_Edwards,0,0
24017,"Maxwell Frost",Maxwell,Alejandro,Frost,,,1,D,1,Rep,HD-FL-10,0,209096,,Maxwell_Alejandro_Frost,0,0
24018,"Valerie Foushee",Valerie,P.,Foushee,,,1,D,1,Rep,HD-NC-4,0,93091,,Valerie_Foushee,0,0
24019,"Russell Fry",Russell,,Fry,,,2,R,1,Rep,HD-SC-7,0,157265,,Russell_Fry,0,0
24020,"Robert Garcia",Robert,,Garcia,,,1,D,1,Rep,HD-CA-42,0,29749,,Robert_Garcia_(California),0,0
24021,"Daniel Goldman",Daniel,S.,Goldman,,,1,D,1,Rep,HD-NY-10,0,208627,,Daniel_Goldman,0,0
24022,"Marie Gluesenkamp Perez",Marie,,"Gluesenkamp Perez",,,1,D,1,Rep,HD-WA-3,0,207307,,Marie_Gluesenkamp_Perez,0,0
24023,"Erin Houchin",Erin,,Houchin,,,2,R,1,Rep,HD-IN-9,0,149614,,Erin_Houchin,0,0
24024,"Val Hoyle",Val,T.,Hoyle,,,1,D,1,Rep,HD-OR-4,0,116336,,Val_Hoyle,0,0
24025,"Wesley Hunt",Wesley,,Hunt,,,2,R,1,Rep,HD-TX-38,0,188147,,Wesley_Hunt_(Texas_Congress),0,0
24026,"Harriet Hageman",Harriet,M.,Hageman,,,2,R,1,Rep,HD-WY,0,182961,,Harriet_Hageman,0,0
24027,"Glenn Ivey",Glenn,,Ivey,,,1,D,1,Rep,HD-MD-4,0,166279,,Glenn_Ivey,0,0
24028,"John James",John,,James,,,2,R,1,Rep,HD-MI-10,0,181062,,John_James_(Michigan),0,0
24030,"Jonathan Jackson",Jonathan,L.,Jackson,,,1,D,1,Rep,HD-IL-1,0,204284,,Jonathan_Jackson_(Illinois),0,0
24031,"Thomas Kean",Thomas,H.,Kean,Jr.,,2,R,1,Rep,HD-NJ-7,0,43250,,Thomas_Kean_Jr.,0,0
24032,"Jennifer Kiggans",Jennifer,,Kiggans,,,2,R,1,Rep,HD-VA-2,0,186387,,Jennifer_Kiggans,0,0
24033,"Sydney Kamlager-Dove",Sydney,,Kamlager-Dove,,,1,D,1,Rep,HD-CA-37,0,178079,,Sydney_Kamlager-Dove,0,0
24034,"Kevin Kiley",Kevin,,Kiley,,,2,R,1,Rep,HD-CA-3,0,169303,,Kevin_Kiley,0,0
24035,"Anna Luna",Anna,Paulina,Luna,,,2,R,1,Rep,HD-FL-13,0,191344,,Anna_Paulina_Luna,0,0
24036,"Laurel Lee",Laurel,M.,Lee,,,2,R,1,Rep,HD-FL-15,0,186114,,Laurel_Lee,0,0
24037,"Nick LaLota",Nicholas,J.,LaLota,,Nick,2,R,1,Rep,HD-NY-1,0,191957,,Nicholas_J._LaLota,0,0
24038,"Michael Lawler",Michael,,Lawler,,,2,R,1,Rep,HD-NY-17,0,192271,,Michael_Lawler_(New_York),0,0
24039,"Nicholas Langworthy",Nicholas,A.,Langworthy,,,2,R,1,Rep,HD-NY-23,0,208663,,Nicholas_A._Langworthy,0,0
24040,"Greg Landsman",Greg,,Landsman,,,1,D,1,Rep,HD-OH-1,0,186237,,Greg_Landsman,0,0
24041,"Summer Lee",Summer,L.,Lee,,,1,D,1,Rep,HD-PA-12,0,179240,,Summer_Lee,0,0
24042,"Morgan Luttrell",Morgan,,Luttrell,,,2,R,1,Rep,HD-TX-8,0,200930,,Morgan_Luttrell,0,0
24043,"Cory Mills",Cory,,Mills,,,2,R,1,Rep,HD-FL-7,0,209085,,Cory_Mills,0,0
24044,"Jared Moskowitz",Jared,,Moskowitz,,,1,D,1,Rep,HD-FL-23,0,138155,,Jared_Moskowitz,0,0
24045,"Richard McCormick",Richard,,McCormick,,Rich,2,R,1,Rep,HD-GA-6,0,189765,,Rich_McCormick,0,0
24046,"Morgan McGarvey",Morgan,,McGarvey,,,1,D,1,Rep,HD-KY-3,0,139826,,Morgan_McGarvey,0,0
24048,"Max Miller",Max,L.,Miller,,,2,R,1,Rep,HD-OH-7,0,206947,,Max_Miller,0,0
24049,"Seth Magaziner",Seth,,Magaziner,,,1,D,1,Rep,HD-RI-2,0,154457,,Seth_Magaziner,0,0
24050,"Nathaniel Moran",Nathaniel,,Moran,,,2,R,1,Rep,HD-TX-1,0,79156,,Nathaniel_Moran,0,0
24051,"Kevin Mullin",Kevin,,Mullin,,,1,D,1,Rep,HD-CA-15,0,105586,,Kevin_Mullin_(California),0,0
24052,"Robert Menendez",Robert,,Menendez,,Rob,1,D,1,Rep,HD-NJ-8,0,205678,,Rob_Menendez_(New_Jersey),0,0
24053,"Zachary Nunn",Zachary,,Nunn,,Zach,2,R,1,Rep,HD-IA-3,0,151170,,Zach_Nunn,0,0
24055,"Andrew Ogles",Andrew,,Ogles,,Andy,2,R,1,Rep,HD-TN-5,0,48673,,Andrew_Ogles,0,0
24056,"Brittany Pettersen",Brittany,,Pettersen,,,1,D,1,Rep,HD-CO-7,0,138744,,Brittany_Pettersen,0,0
24057,"Delia Ramirez",Delia,C.,Ramirez,,,1,D,1,Rep,HD-IL-3,0,177128,,Delia_Ramirez,0,0
24058,"Dale Strong",Dale,W.,Strong,,,2,R,1,Rep,HD-AL-5,0,81485,,Dale_Strong,0,0
24059,"Hillary Scholten",Hillary,J.,Scholten,,,1,D,1,Rep,HD-MI-3,0,191584,,Hillary_Scholten,0,0
24061,"Emilia Sykes",Emilia,Strong,Sykes,,,1,D,1,Rep,HD-OH-13,0,152164,,Emilia_Sykes,0,0
24062,"Keith Self",Keith,,Self,,,2,R,1,Rep,HD-TX-3,0,97491,,Keith_Self,0,0
24063,"Eric Sorensen",Eric,,Sorensen,,,1,D,1,Rep,HD-IL-17,0,204339,,Eric_Sorensen,0,0
24064,"Andrea Salinas",Andrea,,Salinas,,,1,D,1,Rep,HD-OR-6,0,178196,,Andrea_Salinas,0,0
24065,"Jill Tokuda",Jill,N.,Tokuda,,,1,D,1,Rep,HD-HI-2,0,68493,,Jill_Tokuda,0,0
24066,"Shri Thanedar",Shri,,Thanedar,,,1,D,1,Rep,HD-MI-13,0,182346,,Shri_Thanedar,0,0
24067,"Derrick Van Orden",Derrick,,"Van Orden",,,2,R,1,Rep,HD-WI-3,0,192343,,Derrick_Van_Orden,0,0
24068,"Gabe Vasquez",Gabriel,,Vasquez,,Gabe,1,D,1,Rep,HD-NM-2,0,192343,,Gabriel_Vasquez,0,0
24071,"James Moylan",James,C.,Moylan,,,2,R,1,Rep,HD-GU,0,209781,,James_Moylan,0,0
24548,"Katie Boyd Britt",Katie,,"Boyd Britt",,,2,R,2,Sen,SD-AL,0,201704,,Katie_Britt,596651,0
24549,"John Fetterman",John,K.,Fetterman,,,1,D,2,Sen,SD-PA,15982010,166286,,John_Fetterman,552695,0
24828,"J.D. Vance",J.D.,,Vance,,,2,R,2,Sen,SD-OH,0,201794,,J.D._Vance,781111,0
24863,"Pete Ricketts",John,Peter,Ricketts,,Pete,2,R,2,Sen,SD-NE,5723939,57777,,Pete_Ricketts,0,0
24864,"Eric Schmitt",Eric,,Schmitt,,,2,R,2,Sen,SD-MO,6676482,150182,,Eric_Schmitt,229398,0
24913,"Jennifer McClellan",Jennifer,,McClellan,,,1,D,1,Rep,HD-VA-4,5703418,58655,,Jennifer_McClellan,241253,0
24963,"Gabe Amo",Gabe,,Amo,,,1,D,1,Rep,HD-RI-1,0,212295,,Gabe_Amo,0,0
24984,"Celeste Maloy",Celeste,,Maloy,,,2,R,1,Rep,HD-UT-2,0,212289,,Celeste_Maloy,0,0
25201,"Timothy Kennedy",Timothy,M.,Kennedy,,Tim,1,D,1,Rep,HD-NY-26,4689854,91670,,Tim_Kennedy_(New_York),0,0
25204,"Vince Fong",Vince,,Fong,,,2,R,1,Rep,HD-CA-20,39707425,169357,,Vince_Fong,224498,0
25207,"Michael Rulli",Michael,A.,Rulli,,,2,R,1,Rep,HD-OH-6,44423028,179016,,Michael_Rulli,0,0
25216,"LaMonica McIver",LaMonica,,McIver,,,1,D,1,Rep,HD-NJ-10,0,186801,,LaMonica_McIver,0,0
25234,"Tony Wied",Tony,,Wied,,,2,R,1,Rep,HD-WI-8,0,218131,,Tony_Wied,0,0
25861,"Adam Gray",Adam,,Gray,,,1,D,1,Rep,HD-CA-13,0,138552,,Adam_Gray,0,0
25862,"April McClain-Delaney",April,,McClain-Delaney,,,1,D,1,Rep,HD-MD-6,0,214608,,April_McClain-Delaney,866320,0
25863,"Cleo Fields",Cleo,,Fields,,,1,D,1,Rep,HD-LA-6,0,26878,,Cleo_Fields,0,0
25864,"Dave Min",Dave,,Min,,,1,D,1,Rep,HD-CA-47,0,179392,,Dave_Min,0,0
25865,"Derek Tran",Derek,,Tran,,,1,D,1,Rep,HD-CA-45,0,213645,,Derek_Tran,0,0
25866,"Emily Randall",Emily,,Randall,,,1,D,1,Rep,HD-WA-6,0,183038,,Emily_Randall,0,0
25867,"Eugene Vindman","Eugene ",Simon,Vindman,,,1,D,1,Rep,HD-VA-7,0,216844,,Eugene_Vindman,0,0
25868,"George Latimer",George,,Latimer,,,1,D,1,Rep,HD-NY-16,0,44173,,George_Latimer_(New_York),0,0
25869,"George Whitesides",George,,Whitesides,,,1,D,1,Rep,HD-CA-27,0,213585,,George_Whitesides,0,0
25870,"Herbert Conaway Jr.",Herbert,C.,Conaway,Jr.,,1,D,1,Rep,HD-NJ-3,0,24716,,Herbert_Conaway_Jr.,0,0
25871,"Janelle Bynum",Janelle,S.,Bynum,,,1,D,1,Rep,HD-OR-5,0,168102,,Janelle_Bynum,0,0
25872,"John Mannion",John,W.,Mannion,,,1,D,1,Rep,HD-NY-22,0,185053,,John_Mannion,0,0
25873,"Johnny Olszewski",Johnny,,Olszewski,Jr.,John,1,D,1,Rep,HD-MD-2,0,67095,,John_Olszewski_Jr.,0,0
25874,"Josh Riley",Josh,,Riley,,,1,D,1,Rep,HD-NY-19,0,205997,,Josh_Riley,0,0
25875,"Julie Johnson",Julie,,Johnson,,,1,D,1,Rep,HD-TX-32,0,177532,,Julie_Johnson,0,0
25876,"Kelly Morrison",Kelly,,Morrison,,,1,D,1,Rep,HD-MN-3,0,183781,,Kelly_Morrison,0,0
25877,"Kristen McDonald Rivet","Kristen McDonald",,Rivet,,,1,D,1,Rep,HD-MI-8,0,199213,,Kristen_McDonald_Rivet,0,0
25878,"Lateefah Simon",Lateefah,,Simon,,,1,D,1,Rep,HD-CA-12,0,213551,,Lateefah_Simon,0,0
25879,"Laura Friedman",Laura,,Friedman,,,1,D,1,Rep,HD-CA-30,0,111792,,Laura_Friedman,0,0
25880,"Laura Gillen",Laura,,Gillen,,,1,D,1,Rep,HD-NY-4,0,208621,,Laura_Gillen,0,0
25881,"Luz Rivas",Luz,Maria,Rivas,,,1,D,1,Rep,HD-CA-29,0,178070,,Luz_Maria_Rivas,0,0
25882,"Maggie Goodlander",Maggie,,Goodlander,,,1,D,1,Rep,HD-NH-2,0,218522,,Maggie_Goodlander,0,0
25883,"Maxine Dexter",Maxine,,Dexter,,,1,D,1,Rep,HD-OR-3,0,190844,,Maxine_Dexter,0,0
25884,"Nellie Pou",Nellie,,Pou,,,1,D,1,Rep,HD-NJ-9,0,15181,,Nellie_Pou,0,0
25885,"Pablo Jose Hernandez","Pablo Jose",,Hernandez,,,1,D,1,Rep,HD-PR,0,0,,Pablo_Jose_Hernandez_Rivera,0,0
25886,"Sam Liccardo",Sam,T.,Liccardo,,,1,D,1,Rep,HD-CA-16,0,70450,,Sam_Liccardo,0,0
25887,"Sarah Elfreth",Sarah,,Elfreth,,,1,D,1,Rep,HD-MD-3,0,178463,,Sarah_Elfreth,0,0
25888,"Sarah McBride",Sarah,,McBride,,,1,D,1,Rep,HD-DE,0,195142,,Sarah_McBride,0,0
25889,"Shomari Figures",Shomari,,Figures,,,1,D,1,Rep,HD-AL-2,0,212889,,Shomari_Figures,0,0
25890,"Suhas Subramanyam",Suhas,,Subramanyam,,,1,D,1,Rep,HD-VA-10,0,186400,,Suhas_Subramanyam,0,0
25891,"Sylvester Turner",Sylvester,,Turner,,,1,D,1,Rep,HD-TX-18,0,8018,,Sylvester_Turner,0,0
25892,"Wesley Bell",Wesley,,Bell,,,1,D,1,Rep,HD-MO-1,0,217416,,Wesley_Bell,0,0
25893,"Yassamin Ansari",Yassamin,,Ansari,,,1,D,1,Rep,HD-AZ-3,0,201437,,Yassamin_Ansari,0,0
25894,"Abraham Hamadeh",Abraham,J.,Hamadeh,,,2,R,1,Rep,HD-AZ-8,0,205532,,Abraham_Hamadeh,0,0
25895,"Addison McDowell",Addison,P.,McDowell,,,2,R,1,Rep,HD-NC-6,0,213685,,Addison_McDowell,0,0
25896,"Brad Knott",Brad,,Knott,,,2,R,1,Rep,HD-NC-13,0,213703,,Brad_Knott,0,0
25897,"Brandon Gill",Brandon,,Gill,,,2,R,1,Rep,HD-TX-26,0,213266,,Brandon_Gill,0,0
25898,"Brian Jack",Brian,,Jack,,,2,R,1,Rep,HD-GA-3,0,215141,,Brian_Jack,0,0
25899,"Craig Goldman",Craig,A.,Goldman,,,2,R,1,Rep,HD-TX-12,0,138373,,Craig_Goldman,0,0
25900,"David Taylor",David,J.,Taylor,,,2,R,1,Rep,HD-OH-2,0,213920,,David_Taylor_(Ohio),0,0
25901,"Derek Schmidt",Derek,,Schmidt,,,2,R,1,Rep,HD-KS-2,0,34451,,Derek_Schmidt,0,0
25902,"Gabe Evans",Gabe,,Evans,,,2,R,1,Rep,HD-CO-8,0,206217,,Gabe_Evans,0,0
25903,"Jeff Crank",Jeff,,Crank,,,2,R,1,Rep,HD-CO-5,0,66946,,Jeff_Crank,0,0
25904,"Jeff Hurd",Jeff,,Hurd,,,2,R,1,Rep,HD-CO-3,0,217034,,Jeff_Hurd,0,0
25905,"Jefferson Shreve",Jefferson,,Shreve,,,2,R,1,Rep,HD-IN-6,0,148154,,Jefferson_Shreve,0,0
25906,"John McGuire",John,J.,McGuire,III,,2,R,1,Rep,HD-VA-5,0,176388,,John_McGuire,0,0
25907,"Julie Fedorchak",Julie,,Fedorchak,,,2,R,1,Rep,HD-ND,0,144276,,Julie_Fedorchak,0,0
25908,"Kimberlyn King-Hinds",Kimberlyn,,King-Hinds,,,2,R,1,Rep,HD-MP,0,117329,,Kimberlyn_King-Hinds,0,0
25909,"Mark Harris",Mark,,Harris,,,2,R,1,Rep,HD-NC-8,0,146230,,Mark_Harris_(North_Carolina),0,0
25910,"Mark Messmer",Mark,B.,Messmer,,,2,R,1,Rep,HD-IN-8,0,102958,,Mark_Messmer,0,0
25911,"Michael Baumgartner",Michael,,Baumgartner,,,2,R,1,Rep,HD-WA-5,0,126301,,Michael_Baumgartner_(Washington),0,0
25912,"Mike Haridopolos",Mike,,Haridopolos,,,2,R,1,Rep,HD-FL-8,0,53952,,Mike_Haridopolos,0,0
25913,"Mike Kennedy",Mike,,Kennedy,,,2,R,1,Rep,HD-UT-3,0,137469,,Mike_Kennedy_(Utah),0,0
25914,"Nicholas Begich",Nicholas,J.,Begich,,III,2,R,1,Rep,HD-AK,0,207684,,Nicholas_Begich,0,0
25915,"Pat Harrigan",Pat,,Harrigan,,,2,R,1,Rep,HD-NC-10,0,202557,,Pat_Harrigan,0,0
25916,"Riley Moore",Riley,M.,Moore,,,2,R,1,Rep,HD-WV-2,0,167483,,Riley_Moore,0,0
25917,"Robert Bresnahan",Robert,P.,Bresnahan,Jr.,,2,R,1,Rep,HD-PA-8,0,214735,,Rob_Bresnahan_Jr.,0,0
25918,"Robert Onder",Robert,F.,Onder,Jr.,,2,R,1,Rep,HD-MO-3,0,200275,,"Robert_Onder,_Jr.",0,0
25919,"Ryan Mackenzie",Ryan,,Mackenzie,,,2,R,1,Rep,HD-PA-7,0,136465,,Ryan_Mackenzie,0,0
25920,"Sheri Biggs",Sheri,,Biggs,,,2,R,1,Rep,HD-SC-3,0,216183,,Sheri_Biggs,0,0
25921,"Tim Moore",Tim,K.,Moore,,,2,R,1,Rep,HD-NC-14,0,41316,,Timothy_K._Moore,0,0
25922,"Tom Barrett",Tom,,Barrett,,,2,R,1,Rep,HD-MI-7,0,153540,,Tom_Barrett_(Michigan),0,0
25923,"Troy Downing",Troy,,Downing,,,2,R,1,Rep,HD-MT-2,0,178611,,Troy_Downing,0,0
25924,"Angela Alsobrooks",Angela,D.,Alsobrooks,,,1,D,2,Sen,SD-MD,0,212637,,Angela_Alsobrooks,0,0
25925,"Bernie Moreno",Bernie,,Moreno,,,2,R,2,Sen,SD-OH,0,201791,,Bernie_Moreno,0,0
25926,"David McCormick",David,,McCormick,,,2,R,2,Sen,SD-PA,0,202978,,David_McCormick_(Pennsylvania),0,0
25927,"Tim Sheehy",Tim,,Sheehy,,,2,R,2,Sen,SD-MT,0,215303,,Tim_Sheehy,0,0
26356,"James Justice",James,C.,Justice,,,2,R,2,Sen,SD-WV,3798210,166287,,Jim_Justice,0,0
26387,"Jon Husted",Jon,,Husted,,,2,R,2,Sen,SD-OH,2753619,45796,,Jon_Husted,0,0
26388,"Ashley Moody",Ashley,,Moody,,,2,R,2,Sen,SD-FL,1835686,183198,,Ashley_B._Moody,0,0
26460,"Randy Fine",Randy,,Fine,,,2,R,1,Rep,HD-FL-6,41676813,172909,,Randy_Fine,0,0
26461,"Jimmy Patronis",Jimmy,,Patronis,,,2,R,1,Rep,HD-FL-1,66782,67909,,Jimmy_Patronis,0,0
26496,"James Walkinshaw",James,R.,Walkinshaw,,,1,D,1,Rep,HD-VA-11,0,196546,,James_Walkinshaw,0,0
