bill_id,document_id,document_type,document_size,document_mime,document_desc,url,state_link
2042497,3265943,text,139154,application/pdf,Introduced,https://legiscan.com/CO/text/HB1001/id/3265943,https://leg.colorado.gov/sites/default/files/documents/2025B/bills/2025b_1001_01.pdf
2042497,3266169,text,144975,application/pdf,Amended,https://legiscan.com/CO/text/HB1001/id/3266169,https://leg.colorado.gov/sites/default/files/documents/2025B/bills/2025b_1001_rev.pdf
2042497,3266236,text,144816,application/pdf,Amended,https://legiscan.com/CO/text/HB1001/id/3266236,https://leg.colorado.gov/sites/default/files/documents/2025B/bills/2025b_1001_rer.pdf
2042497,3266083,text,141188,application/pdf,Engrossed,https://legiscan.com/CO/text/HB1001/id/3266083,https://leg.colorado.gov/sites/default/files/documents/2025B/bills/2025b_1001_eng.pdf
2042497,3266137,text,144536,application/pdf,Engrossed,https://legiscan.com/CO/text/HB1001/id/3266137,https://leg.colorado.gov/sites/default/files/documents/2025B/bills/2025b_1001_ren.pdf
2042497,3266280,text,124303,application/pdf,Enrolled,https://legiscan.com/CO/text/HB1001/id/3266280,https://leg.colorado.gov/sites/default/files/documents/2025B/bills/2025b_1001_enr.pdf
2042530,3265975,text,148279,application/pdf,Introduced,https://legiscan.com/CO/text/HB1002/id/3265975,https://leg.colorado.gov/sites/default/files/documents/2025B/bills/2025b_1002_01.pdf
2042530,3266147,text,151518,application/pdf,Amended,https://legiscan.com/CO/text/HB1002/id/3266147,https://leg.colorado.gov/sites/default/files/documents/2025B/bills/2025b_1002_rev.pdf
2042530,3266163,text,151832,application/pdf,Amended,https://legiscan.com/CO/text/HB1002/id/3266163,https://leg.colorado.gov/sites/default/files/documents/2025B/bills/2025b_1002_rer.pdf
2042530,3266087,text,150074,application/pdf,Engrossed,https://legiscan.com/CO/text/HB1002/id/3266087,https://leg.colorado.gov/sites/default/files/documents/2025B/bills/2025b_1002_eng.pdf
2042530,3266139,text,151137,application/pdf,Engrossed,https://legiscan.com/CO/text/HB1002/id/3266139,https://leg.colorado.gov/sites/default/files/documents/2025B/bills/2025b_1002_ren.pdf
2042530,3266290,text,131157,application/pdf,Enrolled,https://legiscan.com/CO/text/HB1002/id/3266290,https://leg.colorado.gov/sites/default/files/documents/2025B/bills/2025b_1002_enr.pdf
2042516,3265962,text,140706,application/pdf,Introduced,https://legiscan.com/CO/text/HB1003/id/3265962,https://leg.colorado.gov/sites/default/files/documents/2025B/bills/2025b_1003_01.pdf
2042516,3266168,text,150026,application/pdf,Amended,https://legiscan.com/CO/text/HB1003/id/3266168,https://leg.colorado.gov/sites/default/files/documents/2025B/bills/2025b_1003_rev.pdf
2042516,3266207,text,150876,application/pdf,Amended,https://legiscan.com/CO/text/HB1003/id/3266207,https://leg.colorado.gov/sites/default/files/documents/2025B/bills/2025b_1003_rer.pdf
2042516,3266128,text,148577,application/pdf,Engrossed,https://legiscan.com/CO/text/HB1003/id/3266128,https://leg.colorado.gov/sites/default/files/documents/2025B/bills/2025b_1003_eng.pdf
2042516,3266138,text,149664,application/pdf,Engrossed,https://legiscan.com/CO/text/HB1003/id/3266138,https://leg.colorado.gov/sites/default/files/documents/2025B/bills/2025b_1003_ren.pdf
2042516,3266335,text,128309,application/pdf,Enrolled,https://legiscan.com/CO/text/HB1003/id/3266335,https://leg.colorado.gov/sites/default/files/documents/2025B/bills/2025b_1003_enr.pdf
2042487,3265934,text,200891,application/pdf,Introduced,https://legiscan.com/CO/text/HB1004/id/3265934,https://leg.colorado.gov/sites/default/files/documents/2025B/bills/2025b_1004_01.pdf
2042487,3266238,text,215590,application/pdf,Amended,https://legiscan.com/CO/text/HB1004/id/3266238,https://leg.colorado.gov/sites/default/files/documents/2025B/bills/2025b_1004_rev.pdf
2042487,3266386,text,216985,application/pdf,Amended,https://legiscan.com/CO/text/HB1004/id/3266386,https://leg.colorado.gov/sites/default/files/documents/2025B/bills/2025b_1004_rer.pdf
2042487,3266125,text,210437,application/pdf,Engrossed,https://legiscan.com/CO/text/HB1004/id/3266125,https://leg.colorado.gov/sites/default/files/documents/2025B/bills/2025b_1004_eng.pdf
2042487,3266136,text,210455,application/pdf,Engrossed,https://legiscan.com/CO/text/HB1004/id/3266136,https://leg.colorado.gov/sites/default/files/documents/2025B/bills/2025b_1004_ren.pdf
2042487,3266509,text,179517,application/pdf,Enrolled,https://legiscan.com/CO/text/HB1004/id/3266509,https://leg.colorado.gov/sites/default/files/documents/2025B/bills/2025b_1004_enr.pdf
2042476,3265923,text,154470,application/pdf,Introduced,https://legiscan.com/CO/text/HB1005/id/3265923,https://leg.colorado.gov/sites/default/files/documents/2025B/bills/2025b_1005_01.pdf
2042476,3266166,text,161739,application/pdf,Amended,https://legiscan.com/CO/text/HB1005/id/3266166,https://leg.colorado.gov/sites/default/files/documents/2025B/bills/2025b_1005_rev.pdf
2042476,3266206,text,163465,application/pdf,Amended,https://legiscan.com/CO/text/HB1005/id/3266206,https://leg.colorado.gov/sites/default/files/documents/2025B/bills/2025b_1005_rer.pdf
2042476,3266126,text,161066,application/pdf,Engrossed,https://legiscan.com/CO/text/HB1005/id/3266126,https://leg.colorado.gov/sites/default/files/documents/2025B/bills/2025b_1005_eng.pdf
2042476,3266141,text,161661,application/pdf,Engrossed,https://legiscan.com/CO/text/HB1005/id/3266141,https://leg.colorado.gov/sites/default/files/documents/2025B/bills/2025b_1005_ren.pdf
2042476,3266283,text,138876,application/pdf,Enrolled,https://legiscan.com/CO/text/HB1005/id/3266283,https://leg.colorado.gov/sites/default/files/documents/2025B/bills/2025b_1005_enr.pdf
2042495,3265941,text,177566,application/pdf,Introduced,https://legiscan.com/CO/text/HB1006/id/3265941,https://leg.colorado.gov/sites/default/files/documents/2025B/bills/2025b_1006_01.pdf
2042495,3266237,text,308242,application/pdf,Amended,https://legiscan.com/CO/text/HB1006/id/3266237,https://leg.colorado.gov/sites/default/files/documents/2025B/bills/2025b_1006_rev.pdf
2042495,3266382,text,309626,application/pdf,Amended,https://legiscan.com/CO/text/HB1006/id/3266382,https://leg.colorado.gov/sites/default/files/documents/2025B/bills/2025b_1006_rer.pdf
2042495,3266127,text,204957,application/pdf,Engrossed,https://legiscan.com/CO/text/HB1006/id/3266127,https://leg.colorado.gov/sites/default/files/documents/2025B/bills/2025b_1006_eng.pdf
2042495,3266140,text,205052,application/pdf,Engrossed,https://legiscan.com/CO/text/HB1006/id/3266140,https://leg.colorado.gov/sites/default/files/documents/2025B/bills/2025b_1006_ren.pdf
2042495,3266483,text,250270,application/pdf,Enrolled,https://legiscan.com/CO/text/HB1006/id/3266483,https://leg.colorado.gov/sites/default/files/documents/2025B/bills/2025b_1006_enr.pdf
2042489,3265936,text,143764,application/pdf,Introduced,https://legiscan.com/CO/text/HB1007/id/3265936,https://leg.colorado.gov/sites/default/files/documents/2025B/bills/2025b_1007_01.pdf
2042502,3265948,text,172497,application/pdf,Introduced,https://legiscan.com/CO/text/HB1008/id/3265948,https://leg.colorado.gov/sites/default/files/documents/2025B/bills/2025b_1008_01.pdf
2042502,3266171,text,183392,application/pdf,Engrossed,https://legiscan.com/CO/text/HB1008/id/3266171,https://leg.colorado.gov/sites/default/files/documents/2025B/bills/2025b_1008_eng.pdf
2042540,3265985,text,158581,application/pdf,Introduced,https://legiscan.com/CO/text/HB1009/id/3265985,https://leg.colorado.gov/sites/default/files/documents/2025B/bills/2025b_1009_01.pdf
2042508,3265954,text,139538,application/pdf,Introduced,https://legiscan.com/CO/text/HB1010/id/3265954,https://leg.colorado.gov/sites/default/files/documents/2025B/bills/2025b_1010_01.pdf
2042522,3265967,text,139515,application/pdf,Introduced,https://legiscan.com/CO/text/HB1011/id/3265967,https://leg.colorado.gov/sites/default/files/documents/2025B/bills/2025b_1011_01.pdf
2042535,3265980,text,161130,application/pdf,Introduced,https://legiscan.com/CO/text/HB1012/id/3265980,https://leg.colorado.gov/sites/default/files/documents/2025B/bills/2025b_1012_01.pdf
2042542,3265988,text,145283,application/pdf,Introduced,https://legiscan.com/CO/text/HB1013/id/3265988,https://leg.colorado.gov/sites/default/files/documents/2025B/bills/2025b_1013_01.pdf
2042520,3265965,text,147068,application/pdf,Introduced,https://legiscan.com/CO/text/HB1014/id/3265965,https://leg.colorado.gov/sites/default/files/documents/2025B/bills/2025b_1014_01.pdf
2042501,3265947,text,176563,application/pdf,Introduced,https://legiscan.com/CO/text/HB1015/id/3265947,https://leg.colorado.gov/sites/default/files/documents/2025B/bills/2025b_1015_01.pdf
2042512,3265958,text,158616,application/pdf,Introduced,https://legiscan.com/CO/text/HB1016/id/3265958,https://leg.colorado.gov/sites/default/files/documents/2025B/bills/2025b_1016_01.pdf
2042484,3265931,text,137449,application/pdf,Introduced,https://legiscan.com/CO/text/HB1017/id/3265931,https://leg.colorado.gov/sites/default/files/documents/2025B/bills/2025b_1017_01.pdf
2042469,3265915,text,230422,application/pdf,Introduced,https://legiscan.com/CO/text/HB1018/id/3265915,https://leg.colorado.gov/sites/default/files/documents/2025B/bills/2025b_1018_01.pdf
2042480,3265927,text,150306,application/pdf,Introduced,https://legiscan.com/CO/text/HB1019/id/3265927,https://leg.colorado.gov/sites/default/files/documents/2025B/bills/2025b_1019_01.pdf
2042506,3265951,text,143845,application/pdf,Introduced,https://legiscan.com/CO/text/HB1020/id/3265951,https://leg.colorado.gov/sites/default/files/documents/2025B/bills/2025b_1020_01.pdf
2042492,3265939,text,147156,application/pdf,Introduced,https://legiscan.com/CO/text/HB1021/id/3265939,https://leg.colorado.gov/sites/default/files/documents/2025B/bills/2025b_1021_01.pdf
2042695,3266321,text,133774,application/pdf,Introduced,https://legiscan.com/CO/text/HR1001/id/3266321,https://leg.colorado.gov/sites/default/files/documents/2025B/bills/2025b_hr1001_01.pdf
2042695,3266390,text,136495,application/pdf,Engrossed,https://legiscan.com/CO/text/HR1001/id/3266390,https://leg.colorado.gov/sites/default/files/documents/2025B/bills/2025b_hr1001_eng.pdf
2042477,3265924,text,150031,application/pdf,Introduced,https://legiscan.com/CO/text/HCR1001/id/3265924,https://leg.colorado.gov/sites/default/files/documents/2025B/bills/2025b_hcr1001_01.pdf
2042525,3265970,text,142307,application/pdf,Introduced,https://legiscan.com/CO/text/HCR1002/id/3265970,https://leg.colorado.gov/sites/default/files/documents/2025B/bills/2025b_hcr1002_01.pdf
2042468,3265914,text,165735,application/pdf,Introduced,https://legiscan.com/CO/text/SB001/id/3265914,https://leg.colorado.gov/sites/default/files/documents/2025B/bills/2025b_001_01.pdf
2042468,3266144,text,168092,application/pdf,Amended,https://legiscan.com/CO/text/SB001/id/3266144,https://leg.colorado.gov/sites/default/files/documents/2025B/bills/2025b_001_rev.pdf
2042468,3266159,text,168751,application/pdf,Amended,https://legiscan.com/CO/text/SB001/id/3266159,https://leg.colorado.gov/sites/default/files/documents/2025B/bills/2025b_001_rer.pdf
2042468,3266004,text,167734,application/pdf,Engrossed,https://legiscan.com/CO/text/SB001/id/3266004,https://leg.colorado.gov/sites/default/files/documents/2025B/bills/2025b_001_en2.pdf
2042468,3266059,text,167601,application/pdf,Engrossed,https://legiscan.com/CO/text/SB001/id/3266059,https://leg.colorado.gov/sites/default/files/documents/2025B/bills/2025b_001_ren.pdf
2042468,3266287,text,144412,application/pdf,Enrolled,https://legiscan.com/CO/text/SB001/id/3266287,https://leg.colorado.gov/sites/default/files/documents/2025B/bills/2025b_001_enr.pdf
2042473,3265919,text,135957,application/pdf,Introduced,https://legiscan.com/CO/text/SB002/id/3265919,https://leg.colorado.gov/sites/default/files/documents/2025B/bills/2025b_002_01.pdf
2042473,3266145,text,141697,application/pdf,Amended,https://legiscan.com/CO/text/SB002/id/3266145,https://leg.colorado.gov/sites/default/files/documents/2025B/bills/2025b_002_rev.pdf
2042473,3266161,text,143706,application/pdf,Amended,https://legiscan.com/CO/text/SB002/id/3266161,https://leg.colorado.gov/sites/default/files/documents/2025B/bills/2025b_002_rer.pdf
2042473,3266005,text,138479,application/pdf,Engrossed,https://legiscan.com/CO/text/SB002/id/3266005,https://leg.colorado.gov/sites/default/files/documents/2025B/bills/2025b_002_en2.pdf
2042473,3266057,text,141215,application/pdf,Engrossed,https://legiscan.com/CO/text/SB002/id/3266057,https://leg.colorado.gov/sites/default/files/documents/2025B/bills/2025b_002_ren.pdf
2042473,3266240,text,120689,application/pdf,Enrolled,https://legiscan.com/CO/text/SB002/id/3266240,https://leg.colorado.gov/sites/default/files/documents/2025B/bills/2025b_002_enr.pdf
2042515,3265961,text,158638,application/pdf,Introduced,https://legiscan.com/CO/text/SB003/id/3265961,https://leg.colorado.gov/sites/default/files/documents/2025B/bills/2025b_003_01.pdf
2042515,3266142,text,163974,application/pdf,Amended,https://legiscan.com/CO/text/SB003/id/3266142,https://leg.colorado.gov/sites/default/files/documents/2025B/bills/2025b_003_rev.pdf
2042515,3266160,text,165839,application/pdf,Amended,https://legiscan.com/CO/text/SB003/id/3266160,https://leg.colorado.gov/sites/default/files/documents/2025B/bills/2025b_003_rer.pdf
2042515,3266006,text,163448,application/pdf,Engrossed,https://legiscan.com/CO/text/SB003/id/3266006,https://leg.colorado.gov/sites/default/files/documents/2025B/bills/2025b_003_en4.pdf
2042515,3266061,text,163500,application/pdf,Engrossed,https://legiscan.com/CO/text/SB003/id/3266061,https://leg.colorado.gov/sites/default/files/documents/2025B/bills/2025b_003_ren.pdf
2042515,3266241,text,156541,application/pdf,Enrolled,https://legiscan.com/CO/text/SB003/id/3266241,https://leg.colorado.gov/sites/default/files/documents/2025B/bills/2025b_003_enr.pdf
2042537,3265982,text,171798,application/pdf,Introduced,https://legiscan.com/CO/text/SB004/id/3265982,https://leg.colorado.gov/sites/default/files/documents/2025B/bills/2025b_004_01.pdf
2042537,3266318,text,159842,application/pdf,Amended,https://legiscan.com/CO/text/SB004/id/3266318,https://leg.colorado.gov/sites/default/files/documents/2025B/bills/2025b_004_rev.pdf
2042537,3266383,text,159702,application/pdf,Amended,https://legiscan.com/CO/text/SB004/id/3266383,https://leg.colorado.gov/sites/default/files/documents/2025B/bills/2025b_004_rer.pdf
2042537,3266170,text,208238,application/pdf,Engrossed,https://legiscan.com/CO/text/SB004/id/3266170,https://leg.colorado.gov/sites/default/files/documents/2025B/bills/2025b_004_eng.pdf
2042537,3266293,text,160537,application/pdf,Engrossed,https://legiscan.com/CO/text/SB004/id/3266293,https://leg.colorado.gov/sites/default/files/documents/2025B/bills/2025b_004_rn3.pdf
2042537,3266405,text,132016,application/pdf,Enrolled,https://legiscan.com/CO/text/SB004/id/3266405,https://leg.colorado.gov/sites/default/files/documents/2025B/bills/2025b_004_enr.pdf
2042527,3265972,text,165820,application/pdf,Introduced,https://legiscan.com/CO/text/SB005/id/3265972,https://leg.colorado.gov/sites/default/files/documents/2025B/bills/2025b_005_01.pdf
2042527,3266143,text,169001,application/pdf,Amended,https://legiscan.com/CO/text/SB005/id/3266143,https://leg.colorado.gov/sites/default/files/documents/2025B/bills/2025b_005_rev.pdf
2042527,3266167,text,160192,application/pdf,Amended,https://legiscan.com/CO/text/SB005/id/3266167,https://leg.colorado.gov/sites/default/files/documents/2025B/bills/2025b_005_rer.pdf
2042527,3266011,text,167656,application/pdf,Engrossed,https://legiscan.com/CO/text/SB005/id/3266011,https://leg.colorado.gov/sites/default/files/documents/2025B/bills/2025b_005_eng.pdf
2042527,3266058,text,167471,application/pdf,Engrossed,https://legiscan.com/CO/text/SB005/id/3266058,https://leg.colorado.gov/sites/default/files/documents/2025B/bills/2025b_005_ren.pdf
2042527,3266284,text,141088,application/pdf,Enrolled,https://legiscan.com/CO/text/SB005/id/3266284,https://leg.colorado.gov/sites/default/files/documents/2025B/bills/2025b_005_enr.pdf
2042533,3265978,text,148368,application/pdf,Introduced,https://legiscan.com/CO/text/SB006/id/3265978,https://leg.colorado.gov/sites/default/files/documents/2025B/bills/2025b_006_01.pdf
2042504,3265950,text,170636,application/pdf,Introduced,https://legiscan.com/CO/text/SB007/id/3265950,https://leg.colorado.gov/sites/default/files/documents/2025B/bills/2025b_007_01.pdf
2042471,3265917,text,146192,application/pdf,Introduced,https://legiscan.com/CO/text/SB008/id/3265917,https://leg.colorado.gov/sites/default/files/documents/2025B/bills/2025b_008_01.pdf
2042483,3265929,text,230195,application/pdf,Introduced,https://legiscan.com/CO/text/SB009/id/3265929,https://leg.colorado.gov/sites/default/files/documents/2025B/bills/2025b_009_01.pdf
2042509,3265955,text,145858,application/pdf,Introduced,https://legiscan.com/CO/text/SCR001/id/3265955,https://leg.colorado.gov/sites/default/files/documents/2025B/bills/2025b_scr001_01.pdf
2042738,3266394,text,128209,application/pdf,Introduced,https://legiscan.com/CO/text/SJR001/id/3266394,https://leg.colorado.gov/sites/default/files/documents/2025B/bills/2025b_sjr001_01.pdf
2042738,3266395,text,128958,application/pdf,Engrossed,https://legiscan.com/CO/text/SJR001/id/3266395,https://leg.colorado.gov/sites/default/files/documents/2025B/bills/2025b_sjr001_eng.pdf
2042497,263458,amendment,32022,application/pdf,"Second Reading Amendment L.003",https://legiscan.com/CO/amendment/HB1001/id/263458,https://s3-us-west-2.amazonaws.com/leg.colorado.gov/2025B/amendments/A55D2F66A159063487258CEE005A3958/HB1001_L.003.pdf
2042497,263489,amendment,35089,application/pdf,"Second Reading Amendment L.001",https://legiscan.com/CO/amendment/HB1001/id/263489,https://s3-us-west-2.amazonaws.com/leg.colorado.gov/2025B/amendments/50643D37C3481DE087258CEF007D0DD8/HB1001_L.001.pdf
2042497,263490,amendment,35351,application/pdf,"Senate Appropriations Amendment L.005",https://legiscan.com/CO/amendment/HB1001/id/263490,https://s3-us-west-2.amazonaws.com/leg.colorado.gov/2025B/amendments/916F0A8A8C18D8A887258CEF0072CB42/HB1001_L.005.pdf
2042497,263519,amendment,35933,application/pdf,"Senate Committee of the Whole Amendment S.001",https://legiscan.com/CO/amendment/HB1001/id/263519,https://s3-us-west-2.amazonaws.com/leg.colorado.gov/2025B/amendments/98BBC849B615339E87258CF10017024F/HB1001_S.001.pdf
2042530,263460,amendment,21536,application/pdf,"Second Reading Amendment L.001",https://legiscan.com/CO/amendment/HB1002/id/263460,https://s3-us-west-2.amazonaws.com/leg.colorado.gov/2025B/amendments/F11EAA29EFEE171987258CEE0059069C/HB1002_L.001.pdf
2042530,263496,amendment,34530,application/pdf,"Second Reading Amendment L.002",https://legiscan.com/CO/amendment/HB1002/id/263496,https://s3-us-west-2.amazonaws.com/leg.colorado.gov/2025B/amendments/A0485A203A01E3B887258CF0000BFEBA/HB1002_L.002.pdf
2042516,263441,amendment,27017,application/pdf,"House Appropriations Amendment L.001",https://legiscan.com/CO/amendment/HB1003/id/263441,https://s3-us-west-2.amazonaws.com/leg.colorado.gov/2025B/amendments/17E2D53F0A20F59787258CED0059E42C/HB1003_L.001.pdf
2042516,263484,amendment,22101,application/pdf,"Second Reading Amendment L.004",https://legiscan.com/CO/amendment/HB1003/id/263484,https://s3-us-west-2.amazonaws.com/leg.colorado.gov/2025B/amendments/C0624835BC07134D87258CEF005ABDC3/HB1003_L.004.pdf
2042487,263429,amendment,23367,application/pdf,"House Appropriations Amendment L.004",https://legiscan.com/CO/amendment/HB1004/id/263429,https://s3-us-west-2.amazonaws.com/leg.colorado.gov/2025B/amendments/E7A79CB5E93DFD8E87258CED005C8E25/HB1004_L.004.pdf
2042487,263430,amendment,36686,application/pdf,"House Appropriations Amendment L.005",https://legiscan.com/CO/amendment/HB1004/id/263430,https://s3-us-west-2.amazonaws.com/leg.colorado.gov/2025B/amendments/171CF8218366D3E887258CED005DDE1B/HB1004_L.005.pdf
2042487,263431,amendment,32096,application/pdf,"House Appropriations Amendment L.006",https://legiscan.com/CO/amendment/HB1004/id/263431,https://s3-us-west-2.amazonaws.com/leg.colorado.gov/2025B/amendments/33D7BC8F9B90F73687258CED005DD5EF/HB1004_L.006.pdf
2042487,263432,amendment,34659,application/pdf,"House Appropriations Amendment J.001",https://legiscan.com/CO/amendment/HB1004/id/263432,https://s3-us-west-2.amazonaws.com/leg.colorado.gov/2025B/amendments/47B323E7603DD35F87258CED0066CEDC/HB1004_J.001.pdf
2042487,263466,amendment,29880,application/pdf,"Second Reading Amendment L.009",https://legiscan.com/CO/amendment/HB1004/id/263466,https://s3-us-west-2.amazonaws.com/leg.colorado.gov/2025B/amendments/02D42F9F0DC6269A87258CEE0069C281/HB1004_L.009.pdf
2042487,263467,amendment,32204,application/pdf,"Second Reading Amendment L.007",https://legiscan.com/CO/amendment/HB1004/id/263467,https://s3-us-west-2.amazonaws.com/leg.colorado.gov/2025B/amendments/605760B4304014F987258CEE0050425B/HB1004_L.007.pdf
2042487,263468,amendment,24853,application/pdf,"Second Reading Amendment L.008",https://legiscan.com/CO/amendment/HB1004/id/263468,https://s3-us-west-2.amazonaws.com/leg.colorado.gov/2025B/amendments/7F6DF5CDAC4D25FF87258CEE00496A3F/HB1004_L.008.pdf
2042487,263469,amendment,31968,application/pdf,"Second Reading Amendment L.010",https://legiscan.com/CO/amendment/HB1004/id/263469,https://s3-us-west-2.amazonaws.com/leg.colorado.gov/2025B/amendments/B10FF441DBC53DA787258CEE0069C6C9/HB1004_L.010.pdf
2042487,263498,amendment,32386,application/pdf,"Senate Appropriations Amendment L.013",https://legiscan.com/CO/amendment/HB1004/id/263498,https://s3-us-west-2.amazonaws.com/leg.colorado.gov/2025B/amendments/0DA1BBB629F4EC3D87258CF0005C0B91/HB1004_L.013.pdf
2042487,263499,amendment,30268,application/pdf,"Senate Appropriations Amendment L.012",https://legiscan.com/CO/amendment/HB1004/id/263499,https://s3-us-west-2.amazonaws.com/leg.colorado.gov/2025B/amendments/A3F64C9A892F3B5F87258CEF007EE0E3/HB1004_L.012.pdf
2042487,263500,amendment,44526,application/pdf,"Senate Appropriations Amendment L.011",https://legiscan.com/CO/amendment/HB1004/id/263500,https://s3-us-west-2.amazonaws.com/leg.colorado.gov/2025B/amendments/923167B7376CDBEB87258CEF00753508/HB1004_L.011.pdf
2042487,263501,amendment,32152,application/pdf,"Senate Appropriations Amendment J.003",https://legiscan.com/CO/amendment/HB1004/id/263501,https://s3-us-west-2.amazonaws.com/leg.colorado.gov/2025B/amendments/4E496EC0BA107B6987258CF0000592C4/HB1004_J.003.pdf
2042476,263450,amendment,37690,application/pdf,"House Appropriations Amendment J.001",https://legiscan.com/CO/amendment/HB1005/id/263450,https://s3-us-west-2.amazonaws.com/leg.colorado.gov/2025B/amendments/DAD812056FBD409F87258CED0062A79D/HB1005_J.001.pdf
2042476,263471,amendment,37871,application/pdf,"Second Reading Amendment L.009",https://legiscan.com/CO/amendment/HB1005/id/263471,https://s3-us-west-2.amazonaws.com/leg.colorado.gov/2025B/amendments/D9D1C2BBF1CEC8E987258CEE00816B4D/HB1005_L.009.pdf
2042476,263472,amendment,23469,application/pdf,"Second Reading Amendment L.003",https://legiscan.com/CO/amendment/HB1005/id/263472,https://s3-us-west-2.amazonaws.com/leg.colorado.gov/2025B/amendments/8F73E1A7C7D99E4187258CEE006BB63C/HB1005_L.003.pdf
2042476,263473,amendment,21780,application/pdf,"Second Reading Amendment L.008",https://legiscan.com/CO/amendment/HB1005/id/263473,https://s3-us-west-2.amazonaws.com/leg.colorado.gov/2025B/amendments/6FCB0511E8F305DA87258CEE00693F6E/HB1005_L.008.pdf
2042476,263474,amendment,35827,application/pdf,"Second Reading Amendment L.007",https://legiscan.com/CO/amendment/HB1005/id/263474,https://s3-us-west-2.amazonaws.com/leg.colorado.gov/2025B/amendments/2EEE23479ED6E4C887258CEE00693212/HB1005_L.007.pdf
2042476,263475,amendment,23431,application/pdf,"Second Reading Amendment L.002",https://legiscan.com/CO/amendment/HB1005/id/263475,https://s3-us-west-2.amazonaws.com/leg.colorado.gov/2025B/amendments/381AE0F7306D830E87258CEE006BEBAA/HB1005_L.002.pdf
2042476,263479,amendment,35591,application/pdf,"House Committee of the Whole Amendment H.004",https://legiscan.com/CO/amendment/HB1005/id/263479,https://s3-us-west-2.amazonaws.com/leg.colorado.gov/2025B/amendments/3207B6346BA6C1BF87258CEF000D8345/HB1005_H.004.pdf
2042476,263480,amendment,22250,application/pdf,"House Committee of the Whole Amendment H.003",https://legiscan.com/CO/amendment/HB1005/id/263480,https://s3-us-west-2.amazonaws.com/leg.colorado.gov/2025B/amendments/DEECEF3BAEDBE34887258CEF000D17E6/HB1005_H.003.pdf
2042476,263481,amendment,24246,application/pdf,"House Committee of the Whole Amendment H.002",https://legiscan.com/CO/amendment/HB1005/id/263481,https://s3-us-west-2.amazonaws.com/leg.colorado.gov/2025B/amendments/6886E24140E7EBA687258CEF000BF70E/HB1005_H.002.pdf
2042476,263482,amendment,24290,application/pdf,"House Committee of the Whole Amendment H.005",https://legiscan.com/CO/amendment/HB1005/id/263482,https://s3-us-west-2.amazonaws.com/leg.colorado.gov/2025B/amendments/971AEF5F349BD2D687258CEF00111EA7/HB1005_H.005.pdf
2042476,263483,amendment,37973,application/pdf,"House Committee of the Whole Amendment H.001",https://legiscan.com/CO/amendment/HB1005/id/263483,https://s3-us-west-2.amazonaws.com/leg.colorado.gov/2025B/amendments/F68D4AEA4F244BEB87258CEF000B7724/HB1005_H.001.pdf
2042476,263507,amendment,36772,application/pdf,"Second Reading Amendment L.016",https://legiscan.com/CO/amendment/HB1005/id/263507,https://s3-us-west-2.amazonaws.com/leg.colorado.gov/2025B/amendments/8A3A7813A309A4C287258CEF00763437/HB1005_L.016.pdf
2042476,263508,amendment,20683,application/pdf,"Second Reading Amendment L.012",https://legiscan.com/CO/amendment/HB1005/id/263508,https://s3-us-west-2.amazonaws.com/leg.colorado.gov/2025B/amendments/EAE08A0641951C2087258CEF0076092E/HB1005_L.012.pdf
2042476,263514,amendment,24067,application/pdf,"Second Reading Amendment L.010",https://legiscan.com/CO/amendment/HB1005/id/263514,https://s3-us-west-2.amazonaws.com/leg.colorado.gov/2025B/amendments/0E210168479CC25887258CEF0075EE55/HB1005_L.010.pdf
2042476,263515,amendment,36170,application/pdf,"Second Reading Amendment L.017",https://legiscan.com/CO/amendment/HB1005/id/263515,https://s3-us-west-2.amazonaws.com/leg.colorado.gov/2025B/amendments/4D7F9FDE4673BD4487258CEF00763D49/HB1005_L.017.pdf
2042476,263516,amendment,38173,application/pdf,"Second Reading Amendment L.015",https://legiscan.com/CO/amendment/HB1005/id/263516,https://s3-us-west-2.amazonaws.com/leg.colorado.gov/2025B/amendments/1AF76B0493757BED87258CEF00762928/HB1005_L.015.pdf
2042476,263517,amendment,35193,application/pdf,"Second Reading Amendment L.011",https://legiscan.com/CO/amendment/HB1005/id/263517,https://s3-us-west-2.amazonaws.com/leg.colorado.gov/2025B/amendments/D02D7E92199DC20987258CEF0075FE18/HB1005_L.011.pdf
2042495,263433,amendment,25573,application/pdf,"House Health & Human Services Amendment L.006",https://legiscan.com/CO/amendment/HB1006/id/263433,https://s3-us-west-2.amazonaws.com/leg.colorado.gov/2025B/amendments/E15FF4DC57466B7D87258CED006E2FDD/HB1006_L.006.pdf
2042495,263434,amendment,47926,application/pdf,"House Health & Human Services Amendment L.001",https://legiscan.com/CO/amendment/HB1006/id/263434,https://s3-us-west-2.amazonaws.com/leg.colorado.gov/2025B/amendments/7BDCC3C96C7B050687258CED0057AA01/HB1006_L.001.pdf
2042495,263435,amendment,30911,application/pdf,"House Health & Human Services Amendment L.002",https://legiscan.com/CO/amendment/HB1006/id/263435,https://s3-us-west-2.amazonaws.com/leg.colorado.gov/2025B/amendments/FAC314C89F06BD9287258CED005816D2/HB1006_L.002.pdf
2042495,263436,amendment,31824,application/pdf,"House Health & Human Services Amendment L.005",https://legiscan.com/CO/amendment/HB1006/id/263436,https://s3-us-west-2.amazonaws.com/leg.colorado.gov/2025B/amendments/F118F884D667531487258CED0066618C/HB1006_L.005.pdf
2042495,263476,amendment,37612,application/pdf,"Second Reading Amendment L.010",https://legiscan.com/CO/amendment/HB1006/id/263476,https://s3-us-west-2.amazonaws.com/leg.colorado.gov/2025B/amendments/E4E2D2FA9BF751F487258CEE005423FF/HB1006_L.010.pdf
2042495,263477,amendment,29345,application/pdf,"Second Reading Amendment L.011",https://legiscan.com/CO/amendment/HB1006/id/263477,https://s3-us-west-2.amazonaws.com/leg.colorado.gov/2025B/amendments/5C795F805D7C3CC487258CEE005EC980/HB1006_L.011.pdf
2042495,263497,amendment,145229,application/pdf,"Senate Finance Amendment L.015",https://legiscan.com/CO/amendment/HB1006/id/263497,https://s3-us-west-2.amazonaws.com/leg.colorado.gov/2025B/amendments/64B37AE1B5CBC64987258CF0001D67BC/HB1006_L.015.pdf
2042495,263509,amendment,26777,application/pdf,"Senate Appropriations Amendment L.019",https://legiscan.com/CO/amendment/HB1006/id/263509,https://s3-us-west-2.amazonaws.com/leg.colorado.gov/2025B/amendments/7F0675B7BDA5C48D87258CF0006DE590/HB1006_L.019.pdf
2042495,263510,amendment,35655,application/pdf,"Senate Appropriations Amendment J.003",https://legiscan.com/CO/amendment/HB1006/id/263510,https://s3-us-west-2.amazonaws.com/leg.colorado.gov/2025B/amendments/D948C44E28BD567387258CF000751E80/HB1006_J.003.pdf
2042495,263522,amendment,24094,application/pdf,"Second Reading Amendment L.022",https://legiscan.com/CO/amendment/HB1006/id/263522,https://s3-us-west-2.amazonaws.com/leg.colorado.gov/2025B/amendments/C4876776990F8B7987258CF100103062/HB1006_L.022.pdf
2042495,263523,amendment,37600,application/pdf,"Second Reading Amendment L.018",https://legiscan.com/CO/amendment/HB1006/id/263523,https://s3-us-west-2.amazonaws.com/leg.colorado.gov/2025B/amendments/488E99C8972F1EA287258CEF00781DEA/HB1006_L.018.pdf
2042502,263438,amendment,24305,application/pdf,"House Business Affairs & Labor Amendment L.003",https://legiscan.com/CO/amendment/HB1008/id/263438,https://s3-us-west-2.amazonaws.com/leg.colorado.gov/2025B/amendments/2C348A44D849F8E787258CED005C6107/HB1008_L.003.pdf
2042502,263439,amendment,28319,application/pdf,"House Business Affairs & Labor Amendment L.001",https://legiscan.com/CO/amendment/HB1008/id/263439,https://s3-us-west-2.amazonaws.com/leg.colorado.gov/2025B/amendments/AFBA121547EB7C0487258CED005CF6B7/HB1008_L.001.pdf
2042502,263465,amendment,68500,application/pdf,"House Appropriations Amendment L.014",https://legiscan.com/CO/amendment/HB1008/id/263465,https://s3-us-west-2.amazonaws.com/leg.colorado.gov/2025B/amendments/168033460F6F541C87258CEE0057B2AC/HB1008_L.014.pdf
2042502,263470,amendment,61138,application/pdf,"House Appropriations Amendment L.017",https://legiscan.com/CO/amendment/HB1008/id/263470,https://s3-us-west-2.amazonaws.com/leg.colorado.gov/2025B/amendments/0E3CF2ACF3E9C8D787258CEE00690665/HB1008_L.017.pdf
2042508,263454,amendment,25823,application/pdf,"House Health & Human Services Amendment L.004",https://legiscan.com/CO/amendment/HB1010/id/263454,https://s3-us-west-2.amazonaws.com/leg.colorado.gov/2025B/amendments/8B51CFB6E5101A2587258CED007FFE5E/HB1010_L.004.pdf
2042508,263455,amendment,25203,application/pdf,"House Health & Human Services Amendment L.008",https://legiscan.com/CO/amendment/HB1010/id/263455,https://s3-us-west-2.amazonaws.com/leg.colorado.gov/2025B/amendments/A2FDF59D3DC07FEE87258CEE000BF8D1/HB1010_L.008.pdf
2042469,263449,amendment,35225,application/pdf,"House State, Civic, Military, & Veterans Affairs Amendment L.001",https://legiscan.com/CO/amendment/HB1018/id/263449,https://s3-us-west-2.amazonaws.com/leg.colorado.gov/2025B/amendments/6C16E2B9173738DF87258CED0059B296/HB1018_L.001.pdf
2042492,263437,amendment,23979,application/pdf,"Amendment L.001",https://legiscan.com/CO/amendment/HB1021/id/263437,https://s3-us-west-2.amazonaws.com/leg.colorado.gov/2025B/amendments/AB3A57496E9B1BD187258CED005E67CB/HB1021_L.001.pdf
2042695,263559,amendment,25713,application/pdf,"Second Reading Amendment L.002",https://legiscan.com/CO/amendment/HR1001/id/263559,https://s3-us-west-2.amazonaws.com/leg.colorado.gov/2025B/amendments/83ECF4E4D77D7F7B87258CF2006AE751/HR1001_L.002.pdf
2042468,263459,amendment,21724,application/pdf,"Third Reading Amendment L.004",https://legiscan.com/CO/amendment/SB001/id/263459,https://s3-us-west-2.amazonaws.com/leg.colorado.gov/2025B/amendments/A8956748A2D6F7E987258CEE0050288D/SB001_L.004.pdf
2042473,263426,amendment,23428,application/pdf,"Senate Health & Human Services Amendment L.001",https://legiscan.com/CO/amendment/SB002/id/263426,https://s3-us-west-2.amazonaws.com/leg.colorado.gov/2025B/amendments/FAB902A9ECE2678787258CED005C317E/SB002_L.001.pdf
2042473,263451,amendment,23038,application/pdf,"Second Reading Amendment L.003",https://legiscan.com/CO/amendment/SB002/id/263451,https://s3-us-west-2.amazonaws.com/leg.colorado.gov/2025B/amendments/E43E866D61092E3387258CEE0000FFA5/SB002_L.003.pdf
2042473,263452,amendment,23299,application/pdf,"Senate Committee of the Whole Amendment S.001",https://legiscan.com/CO/amendment/SB002/id/263452,https://s3-us-west-2.amazonaws.com/leg.colorado.gov/2025B/amendments/C46F29F430D24B0987258CEE000222F8/SB002_S.001.pdf
2042473,263491,amendment,24067,application/pdf,"Second Reading Amendment L.008",https://legiscan.com/CO/amendment/SB002/id/263491,https://s3-us-west-2.amazonaws.com/leg.colorado.gov/2025B/amendments/DE1EB4590398E69C87258CEF0074790D/SB002_L.008.pdf
2042473,263495,amendment,24453,application/pdf,"House Committee of the Whole Amendment H.001",https://legiscan.com/CO/amendment/SB002/id/263495,https://s3-us-west-2.amazonaws.com/leg.colorado.gov/2025B/amendments/CBE24DEE3D9D449587258CEF007BEB7D/SB002_H.001.pdf
2042515,263427,amendment,22978,application/pdf,"Senate Health & Human Services Amendment L.003",https://legiscan.com/CO/amendment/SB003/id/263427,https://s3-us-west-2.amazonaws.com/leg.colorado.gov/2025B/amendments/BAFF71EAEC3D093287258CED005A595D/SB003_L.003.pdf
2042515,263428,amendment,36763,application/pdf,"Senate Health & Human Services Amendment L.001",https://legiscan.com/CO/amendment/SB003/id/263428,https://s3-us-west-2.amazonaws.com/leg.colorado.gov/2025B/amendments/DE7B769EE008E85387258CED005A462D/SB003_L.001.pdf
2042515,263485,amendment,23269,application/pdf,"Second Reading Amendment L.004",https://legiscan.com/CO/amendment/SB003/id/263485,https://s3-us-west-2.amazonaws.com/leg.colorado.gov/2025B/amendments/4AD307A191E39AC987258CEF00700193/SB003_L.004.pdf
2042515,263486,amendment,25524,application/pdf,"Second Reading Amendment L.005",https://legiscan.com/CO/amendment/SB003/id/263486,https://s3-us-west-2.amazonaws.com/leg.colorado.gov/2025B/amendments/728BFEC25357CF3887258CEF007017F9/SB003_L.005.pdf
2042515,263487,amendment,33967,application/pdf,"Second Reading Amendment L.006",https://legiscan.com/CO/amendment/SB003/id/263487,https://s3-us-west-2.amazonaws.com/leg.colorado.gov/2025B/amendments/E988A3920D3DF18887258CEF00746368/SB003_L.006.pdf
2042537,263445,amendment,34290,application/pdf,"Senate Business, Labor, & Technology Amendment L.001",https://legiscan.com/CO/amendment/SB004/id/263445,https://s3-us-west-2.amazonaws.com/leg.colorado.gov/2025B/amendments/2B42324AB4DAC33587258CED00571CC2/SB004_L.001.pdf
2042537,263446,amendment,37637,application/pdf,"Senate Business, Labor, & Technology Amendment L.002",https://legiscan.com/CO/amendment/SB004/id/263446,https://s3-us-west-2.amazonaws.com/leg.colorado.gov/2025B/amendments/A91BB0E0D2273CA287258CED004E2D55/SB004_L.002.pdf
2042537,263447,amendment,27520,application/pdf,"Senate Business, Labor, & Technology Amendment L.003",https://legiscan.com/CO/amendment/SB004/id/263447,https://s3-us-west-2.amazonaws.com/leg.colorado.gov/2025B/amendments/C112B8EC50A88EC187258CED00638B69/SB004_L.003.pdf
2042537,263448,amendment,26280,application/pdf,"Senate Business, Labor, & Technology Amendment L.005",https://legiscan.com/CO/amendment/SB004/id/263448,https://s3-us-west-2.amazonaws.com/leg.colorado.gov/2025B/amendments/6435C30E109D122587258CED006CB52A/SB004_L.005.pdf
2042537,263503,amendment,24379,application/pdf,"Senate Appropriations Amendment L.011",https://legiscan.com/CO/amendment/SB004/id/263503,https://s3-us-west-2.amazonaws.com/leg.colorado.gov/2025B/amendments/B8D82089CD1237B387258CEE0063DCF4/SB004_L.011.pdf
2042537,263504,amendment,24862,application/pdf,"Senate Appropriations Amendment L.018",https://legiscan.com/CO/amendment/SB004/id/263504,https://s3-us-west-2.amazonaws.com/leg.colorado.gov/2025B/amendments/FA79B13FEA91DC9A87258CEE0080482D/SB004_L.018.pdf
2042537,263505,amendment,23317,application/pdf,"Senate Appropriations Amendment L.020",https://legiscan.com/CO/amendment/SB004/id/263505,https://s3-us-west-2.amazonaws.com/leg.colorado.gov/2025B/amendments/6F0E347D4915F3B387258CEF005B5EAB/SB004_L.020.pdf
2042537,263506,amendment,64279,application/pdf,"Senate Appropriations Amendment J.006",https://legiscan.com/CO/amendment/SB004/id/263506,https://s3-us-west-2.amazonaws.com/leg.colorado.gov/2025B/amendments/2393241C074630F887258CF0006FA8B3/SB004_J.006.pdf
2042537,263511,amendment,26565,application/pdf,"Second Reading Amendment L.023",https://legiscan.com/CO/amendment/SB004/id/263511,https://s3-us-west-2.amazonaws.com/leg.colorado.gov/2025B/amendments/9D6F449458B02B0D87258CF000017E76/SB004_L.023.pdf
2042537,263512,amendment,28121,application/pdf,"Second Reading Amendment L.025",https://legiscan.com/CO/amendment/SB004/id/263512,https://s3-us-west-2.amazonaws.com/leg.colorado.gov/2025B/amendments/56A3A166890C88E787258CF0000BB384/SB004_L.025.pdf
2042537,263513,amendment,21833,application/pdf,"Second Reading Amendment L.028",https://legiscan.com/CO/amendment/SB004/id/263513,https://s3-us-west-2.amazonaws.com/leg.colorado.gov/2025B/amendments/0BC6C57C19FCAE1F87258CF000815C20/SB004_L.028.pdf
2042537,263518,amendment,47309,application/pdf,"Second Reading Amendment L.027",https://legiscan.com/CO/amendment/SB004/id/263518,https://s3-us-west-2.amazonaws.com/leg.colorado.gov/2025B/amendments/F2D16DD5BF7983E987258CF000806FBC/SB004_L.027.pdf
2042537,263520,amendment,46231,application/pdf,"Senate Committee of the Whole Amendment S.001",https://legiscan.com/CO/amendment/SB004/id/263520,https://s3-us-west-2.amazonaws.com/leg.colorado.gov/2025B/amendments/6A6F80D3709A34C887258CF100139333/SB004_S.001.pdf
2042537,263521,amendment,26614,application/pdf,"Senate Committee of the Whole Amendment S.002",https://legiscan.com/CO/amendment/SB004/id/263521,https://s3-us-west-2.amazonaws.com/leg.colorado.gov/2025B/amendments/6515EFAA66A5996287258CF10014D304/SB004_S.002.pdf
2042537,263524,amendment,57069,application/pdf,"Third Reading Amendment L.037",https://legiscan.com/CO/amendment/SB004/id/263524,https://s3-us-west-2.amazonaws.com/leg.colorado.gov/2025B/amendments/C120B4B0A16C392487258CF1006ABD23/SB004_L.037.pdf
2042537,263525,amendment,30353,application/pdf,"House Appropriations Amendment L.040",https://legiscan.com/CO/amendment/SB004/id/263525,https://s3-us-west-2.amazonaws.com/leg.colorado.gov/2025B/amendments/50D9F4BA102A094A87258CF200067FD1/SB004_L.040.pdf
2042527,263442,amendment,26341,application/pdf,"Senate State, Veterans, & Military Affairs Amendment L.003",https://legiscan.com/CO/amendment/SB005/id/263442,https://s3-us-west-2.amazonaws.com/leg.colorado.gov/2025B/amendments/8EBA6C47A9C806B087258CED0060CD0E/SB005_L.003.pdf
2042527,263488,amendment,23999,application/pdf,"Second Reading Amendment L.004",https://legiscan.com/CO/amendment/SB005/id/263488,https://s3-us-west-2.amazonaws.com/leg.colorado.gov/2025B/amendments/314E976BFD42C95087258CEE0080C836/SB005_L.004.pdf
2042527,263492,amendment,25043,application/pdf,"Second Reading Amendment L.005",https://legiscan.com/CO/amendment/SB005/id/263492,https://s3-us-west-2.amazonaws.com/leg.colorado.gov/2025B/amendments/8223B9B0A9F4ABE687258CEF005F4754/SB005_L.005.pdf
2042527,263493,amendment,33093,application/pdf,"Second Reading Amendment L.009",https://legiscan.com/CO/amendment/SB005/id/263493,https://s3-us-west-2.amazonaws.com/leg.colorado.gov/2025B/amendments/1DED968CF44DC52387258CEF0083B1E9/SB005_L.009.pdf
2042527,263494,amendment,34193,application/pdf,"House Committee of the Whole Amendment H.001",https://legiscan.com/CO/amendment/SB005/id/263494,https://s3-us-west-2.amazonaws.com/leg.colorado.gov/2025B/amendments/C748EB9BD4C0B09B87258CF00001A872/SB005_H.001.pdf
2042527,263502,amendment,22285,application/pdf,"Third Reading Amendment L.010",https://legiscan.com/CO/amendment/SB005/id/263502,https://s3-us-west-2.amazonaws.com/leg.colorado.gov/2025B/amendments/77B3EFBA9453D24587258CF00053BD85/SB005_L.010.pdf
2042533,263443,amendment,24552,application/pdf,"Senate State, Veterans, & Military Affairs Amendment L.001",https://legiscan.com/CO/amendment/SB006/id/263443,https://s3-us-west-2.amazonaws.com/leg.colorado.gov/2025B/amendments/8E2E8F9626192F0987258CED005C2084/SB006_L.001.pdf
2042533,263444,amendment,24818,application/pdf,"Senate State, Veterans, & Military Affairs Amendment L.002",https://legiscan.com/CO/amendment/SB006/id/263444,https://s3-us-west-2.amazonaws.com/leg.colorado.gov/2025B/amendments/D33F069F1619A5A887258CED0060DBC8/SB006_L.002.pdf
2042504,263440,amendment,34044,application/pdf,"Senate State, Veterans, & Military Affairs Amendment L.002",https://legiscan.com/CO/amendment/SB007/id/263440,https://s3-us-west-2.amazonaws.com/leg.colorado.gov/2025B/amendments/9023AEEA4A5A1B1F87258CED005BDE02/SB007_L.002.pdf
2042483,263453,amendment,35225,application/pdf,"Senate State, Veterans, & Military Affairs Amendment L.001",https://legiscan.com/CO/amendment/SB009/id/263453,https://s3-us-west-2.amazonaws.com/leg.colorado.gov/2025B/amendments/26A07319BF420E0F87258CED0059C810/SB009_L.001.pdf
2042497,617144,supplement,432389,application/pdf,"Fiscal Note/Analysis",https://legiscan.com/CO/supplement/HB1001/id/617144,https://leg.colorado.gov/sites/default/files/documents/2025B/bills/fn/2025b_hb1001_hse.pdf
2042497,617145,supplement,246402,application/pdf,"Fiscal Note",https://legiscan.com/CO/supplement/HB1001/id/617145,https://leg.colorado.gov/sites/default/files/documents/2025B/bills/fn/2025b_hb25b-1001_00.pdf
2042497,617235,supplement,432332,application/pdf,"Fiscal Note/Analysis",https://legiscan.com/CO/supplement/HB1001/id/617235,https://leg.colorado.gov/sites/default/files/documents/2025B/bills/fn/2025b_hb1001_sn2.pdf
2042497,617772,supplement,246533,application/pdf,"Fiscal Note",https://legiscan.com/CO/supplement/HB1001/id/617772,https://leg.colorado.gov/sites/default/files/documents/2025B/bills/fn/2025b_hb25b-1001_f1.pdf
2042530,617161,supplement,448763,application/pdf,"Fiscal Note/Analysis",https://legiscan.com/CO/supplement/HB1002/id/617161,https://leg.colorado.gov/sites/default/files/documents/2025B/bills/fn/2025b_hb1002_hs3.pdf
2042530,617162,supplement,432849,application/pdf,"Fiscal Note/Analysis",https://legiscan.com/CO/supplement/HB1002/id/617162,https://leg.colorado.gov/sites/default/files/documents/2025B/bills/fn/2025b_hb1002_hse.pdf
2042530,617163,supplement,300976,application/pdf,"Fiscal Note",https://legiscan.com/CO/supplement/HB1002/id/617163,https://leg.colorado.gov/sites/default/files/documents/2025B/bills/fn/2025b_hb25b-1002_00.pdf
2042530,617238,supplement,432755,application/pdf,"Fiscal Note/Analysis",https://legiscan.com/CO/supplement/HB1002/id/617238,https://leg.colorado.gov/sites/default/files/documents/2025B/bills/fn/2025b_hb1002_sn2.pdf
2042530,617828,supplement,301151,application/pdf,"Fiscal Note",https://legiscan.com/CO/supplement/HB1002/id/617828,https://leg.colorado.gov/sites/default/files/documents/2025B/bills/fn/2025b_hb25b-1002_f1.pdf
2042516,617155,supplement,435032,application/pdf,"Fiscal Note/Analysis",https://legiscan.com/CO/supplement/HB1003/id/617155,https://leg.colorado.gov/sites/default/files/documents/2025B/bills/fn/2025b_hb1003_hse.pdf
2042516,617156,supplement,278358,application/pdf,"Fiscal Note",https://legiscan.com/CO/supplement/HB1003/id/617156,https://leg.colorado.gov/sites/default/files/documents/2025B/bills/fn/2025b_hb25b-1003_00.pdf
2042516,617236,supplement,435196,application/pdf,"Fiscal Note/Analysis",https://legiscan.com/CO/supplement/HB1003/id/617236,https://leg.colorado.gov/sites/default/files/documents/2025B/bills/fn/2025b_hb1003_sn2.pdf
2042487,617139,supplement,438732,application/pdf,"Fiscal Note/Analysis",https://legiscan.com/CO/supplement/HB1004/id/617139,https://leg.colorado.gov/sites/default/files/documents/2025B/bills/fn/2025b_hb1004_hse.pdf
2042487,617140,supplement,316683,application/pdf,"Fiscal Note",https://legiscan.com/CO/supplement/HB1004/id/617140,https://leg.colorado.gov/sites/default/files/documents/2025B/bills/fn/2025b_hb25b-1004_00.pdf
2042487,617227,supplement,318287,application/pdf,"Fiscal Note",https://legiscan.com/CO/supplement/HB1004/id/617227,https://leg.colorado.gov/sites/default/files/documents/2025B/bills/fn/2025b_hb25b-1004_r1.pdf
2042487,617237,supplement,318000,application/pdf,"Fiscal Note",https://legiscan.com/CO/supplement/HB1004/id/617237,https://leg.colorado.gov/sites/default/files/documents/2025B/bills/fn/2025b_hb25b-1004_r2.pdf
2042487,617239,supplement,573680,application/pdf,"Fiscal Note/Analysis",https://legiscan.com/CO/supplement/HB1004/id/617239,https://leg.colorado.gov/sites/default/files/documents/2025B/bills/fn/2025b_hb1004_sen.pdf
2042487,617252,supplement,332000,application/pdf,"Fiscal Note",https://legiscan.com/CO/supplement/HB1004/id/617252,https://leg.colorado.gov/sites/default/files/documents/2025B/bills/fn/2025b_hb25b-1004_r3.pdf
2042487,617873,supplement,331809,application/pdf,"Fiscal Note",https://legiscan.com/CO/supplement/HB1004/id/617873,https://leg.colorado.gov/sites/default/files/documents/2025B/bills/fn/2025b_hb25b-1004_f1.pdf
2042476,617132,supplement,440030,application/pdf,"Fiscal Note/Analysis",https://legiscan.com/CO/supplement/HB1005/id/617132,https://leg.colorado.gov/sites/default/files/documents/2025B/bills/fn/2025b_hb1005_hse.pdf
2042476,617133,supplement,321928,application/pdf,"Fiscal Note",https://legiscan.com/CO/supplement/HB1005/id/617133,https://leg.colorado.gov/sites/default/files/documents/2025B/bills/fn/2025b_hb25b-1005_00.pdf
2042476,617240,supplement,437192,application/pdf,"Fiscal Note/Analysis",https://legiscan.com/CO/supplement/HB1005/id/617240,https://leg.colorado.gov/sites/default/files/documents/2025B/bills/fn/2025b_hb1005_sen.pdf
2042495,617143,supplement,437755,application/pdf,"Fiscal Note",https://legiscan.com/CO/supplement/HB1006/id/617143,https://leg.colorado.gov/sites/default/files/documents/2025B/bills/fn/2025b_hb25b-1006_00.pdf
2042495,617193,supplement,422396,application/pdf,"Fiscal Note/Analysis",https://legiscan.com/CO/supplement/HB1006/id/617193,https://leg.colorado.gov/sites/default/files/documents/2025B/bills/fn/2025b_hb1006_hse.pdf
2042495,617254,supplement,445366,application/pdf,"Fiscal Note/Analysis",https://legiscan.com/CO/supplement/HB1006/id/617254,https://leg.colorado.gov/sites/default/files/documents/2025B/bills/fn/2025b_hb1006_sen.pdf
2042495,617255,supplement,450105,application/pdf,"Fiscal Note",https://legiscan.com/CO/supplement/HB1006/id/617255,https://leg.colorado.gov/sites/default/files/documents/2025B/bills/fn/2025b_hb25b-1006_r1.pdf
2042489,617141,supplement,236908,application/pdf,"Fiscal Note",https://legiscan.com/CO/supplement/HB1007/id/617141,https://leg.colorado.gov/sites/default/files/documents/2025B/bills/fn/2025b_hb25b-1007_00.pdf
2042502,617147,supplement,270434,application/pdf,"Fiscal Note",https://legiscan.com/CO/supplement/HB1008/id/617147,https://leg.colorado.gov/sites/default/files/documents/2025B/bills/fn/2025b_hb25b-1008_00.pdf
2042502,617214,supplement,441389,application/pdf,"Fiscal Note/Analysis",https://legiscan.com/CO/supplement/HB1008/id/617214,https://leg.colorado.gov/sites/default/files/documents/2025B/bills/fn/2025b_hb1008_hse.pdf
2042502,617230,supplement,242137,application/pdf,"Fiscal Note",https://legiscan.com/CO/supplement/HB1008/id/617230,https://leg.colorado.gov/sites/default/files/documents/2025B/bills/fn/2025b_hb25b-1008_r1.pdf
2042502,617858,supplement,242382,application/pdf,"Fiscal Note",https://legiscan.com/CO/supplement/HB1008/id/617858,https://leg.colorado.gov/sites/default/files/documents/2025B/bills/fn/2025b_hb25b-1008_f1.pdf
2042540,617167,supplement,252196,application/pdf,"Fiscal Note",https://legiscan.com/CO/supplement/HB1009/id/617167,https://leg.colorado.gov/sites/default/files/documents/2025B/bills/fn/2025b_hb25b-1009_00.pdf
2042540,617801,supplement,251128,application/pdf,"Fiscal Note",https://legiscan.com/CO/supplement/HB1009/id/617801,https://leg.colorado.gov/sites/default/files/documents/2025B/bills/fn/2025b_hb25b-1009_f1.pdf
2042508,617150,supplement,235264,application/pdf,"Fiscal Note",https://legiscan.com/CO/supplement/HB1010/id/617150,https://leg.colorado.gov/sites/default/files/documents/2025B/bills/fn/2025b_hb25b-1010_00.pdf
2042508,617861,supplement,234347,application/pdf,"Fiscal Note",https://legiscan.com/CO/supplement/HB1010/id/617861,https://leg.colorado.gov/sites/default/files/documents/2025B/bills/fn/2025b_hb25b-1010_f1.pdf
2042522,617158,supplement,234435,application/pdf,"Fiscal Note",https://legiscan.com/CO/supplement/HB1011/id/617158,https://leg.colorado.gov/sites/default/files/documents/2025B/bills/fn/2025b_hb25b-1011_00.pdf
2042522,617868,supplement,233878,application/pdf,"Fiscal Note",https://legiscan.com/CO/supplement/HB1011/id/617868,https://leg.colorado.gov/sites/default/files/documents/2025B/bills/fn/2025b_hb25b-1011_f1.pdf
2042535,617165,supplement,268560,application/pdf,"Fiscal Note",https://legiscan.com/CO/supplement/HB1012/id/617165,https://leg.colorado.gov/sites/default/files/documents/2025B/bills/fn/2025b_hb25b-1012_00.pdf
2042535,617832,supplement,267782,application/pdf,"Fiscal Note",https://legiscan.com/CO/supplement/HB1012/id/617832,https://leg.colorado.gov/sites/default/files/documents/2025B/bills/fn/2025b_hb25b-1012_f1.pdf
2042542,617168,supplement,242205,application/pdf,"Fiscal Note",https://legiscan.com/CO/supplement/HB1013/id/617168,https://leg.colorado.gov/sites/default/files/documents/2025B/bills/fn/2025b_hb25b-1013_00.pdf
2042520,617157,supplement,249974,application/pdf,"Fiscal Note",https://legiscan.com/CO/supplement/HB1014/id/617157,https://leg.colorado.gov/sites/default/files/documents/2025B/bills/fn/2025b_hb25b-1014_00.pdf
2042501,617146,supplement,299062,application/pdf,"Fiscal Note",https://legiscan.com/CO/supplement/HB1015/id/617146,https://leg.colorado.gov/sites/default/files/documents/2025B/bills/fn/2025b_hb25b-1015_00.pdf
2042501,617806,supplement,298149,application/pdf,"Fiscal Note",https://legiscan.com/CO/supplement/HB1015/id/617806,https://leg.colorado.gov/sites/default/files/documents/2025B/bills/fn/2025b_hb25b-1015_f1.pdf
2042512,617152,supplement,424090,application/pdf,"Fiscal Note/Analysis",https://legiscan.com/CO/supplement/HB1016/id/617152,https://leg.colorado.gov/sites/default/files/documents/2025B/bills/fn/2025b_hb1016_hse.pdf
2042512,617153,supplement,235456,application/pdf,"Fiscal Note",https://legiscan.com/CO/supplement/HB1016/id/617153,https://leg.colorado.gov/sites/default/files/documents/2025B/bills/fn/2025b_hb25b-1016_00.pdf
2042512,617918,supplement,235658,application/pdf,"Fiscal Note",https://legiscan.com/CO/supplement/HB1016/id/617918,https://leg.colorado.gov/sites/default/files/documents/2025B/bills/fn/2025b_hb25b-1016_f1.pdf
2042484,617137,supplement,527676,application/pdf,"Fiscal Note/Analysis",https://legiscan.com/CO/supplement/HB1017/id/617137,https://leg.colorado.gov/sites/default/files/documents/2025B/bills/fn/2025b_hb1017_hse.pdf
2042484,617138,supplement,244379,application/pdf,"Fiscal Note",https://legiscan.com/CO/supplement/HB1017/id/617138,https://leg.colorado.gov/sites/default/files/documents/2025B/bills/fn/2025b_hb25b-1017_00.pdf
2042484,617865,supplement,244687,application/pdf,"Fiscal Note",https://legiscan.com/CO/supplement/HB1017/id/617865,https://leg.colorado.gov/sites/default/files/documents/2025B/bills/fn/2025b_hb25b-1017_f1.pdf
2042469,617129,supplement,314075,application/pdf,"Fiscal Note",https://legiscan.com/CO/supplement/HB1018/id/617129,https://leg.colorado.gov/sites/default/files/documents/2025B/bills/fn/2025b_hb25b-1018_00.pdf
2042480,617135,supplement,246102,application/pdf,"Fiscal Note",https://legiscan.com/CO/supplement/HB1019/id/617135,https://leg.colorado.gov/sites/default/files/documents/2025B/bills/fn/2025b_hb25b-1019_00.pdf
2042480,617862,supplement,248531,application/pdf,"Fiscal Note",https://legiscan.com/CO/supplement/HB1019/id/617862,https://leg.colorado.gov/sites/default/files/documents/2025B/bills/fn/2025b_hb25b-1019_f1.pdf
2042506,617149,supplement,271663,application/pdf,"Fiscal Note",https://legiscan.com/CO/supplement/HB1020/id/617149,https://leg.colorado.gov/sites/default/files/documents/2025B/bills/fn/2025b_hb25b-1020_00.pdf
2042506,617751,supplement,274233,application/pdf,"Fiscal Note",https://legiscan.com/CO/supplement/HB1020/id/617751,https://leg.colorado.gov/sites/default/files/documents/2025B/bills/fn/2025b_hb25b-1020_f1.pdf
2042492,617142,supplement,306556,application/pdf,"Fiscal Note",https://legiscan.com/CO/supplement/HB1021/id/617142,https://leg.colorado.gov/sites/default/files/documents/2025B/bills/fn/2025b_hb25b-1021_00.pdf
2042477,617134,supplement,245547,application/pdf,"Fiscal Note",https://legiscan.com/CO/supplement/HCR1001/id/617134,https://leg.colorado.gov/sites/default/files/documents/2025B/bills/fn/2025b_hcr25b-1001_00.pdf
2042525,617159,supplement,235607,application/pdf,"Fiscal Note",https://legiscan.com/CO/supplement/HCR1002/id/617159,https://leg.colorado.gov/sites/default/files/documents/2025B/bills/fn/2025b_hcr25b-1002_00.pdf
2042468,617128,supplement,235091,application/pdf,"Fiscal Note",https://legiscan.com/CO/supplement/SB001/id/617128,https://leg.colorado.gov/sites/default/files/documents/2025B/bills/fn/2025b_sb25b-001_00.pdf
2042468,617221,supplement,423783,application/pdf,"Fiscal Note/Analysis",https://legiscan.com/CO/supplement/SB001/id/617221,https://leg.colorado.gov/sites/default/files/documents/2025B/bills/fn/2025b_sb0001_hse.pdf
2042468,617911,supplement,234947,application/pdf,"Fiscal Note",https://legiscan.com/CO/supplement/SB001/id/617911,https://leg.colorado.gov/sites/default/files/documents/2025B/bills/fn/2025b_sb25b-001_f1.pdf
2042473,617131,supplement,240656,application/pdf,"Fiscal Note",https://legiscan.com/CO/supplement/SB002/id/617131,https://leg.colorado.gov/sites/default/files/documents/2025B/bills/fn/2025b_sb25b-002_00.pdf
2042473,617874,supplement,239642,application/pdf,"Fiscal Note",https://legiscan.com/CO/supplement/SB002/id/617874,https://leg.colorado.gov/sites/default/files/documents/2025B/bills/fn/2025b_sb25b-002_f1.pdf
2042515,617154,supplement,260967,application/pdf,"Fiscal Note",https://legiscan.com/CO/supplement/SB003/id/617154,https://leg.colorado.gov/sites/default/files/documents/2025B/bills/fn/2025b_sb25b-003_00.pdf
2042515,617222,supplement,261968,application/pdf,"Fiscal Note",https://legiscan.com/CO/supplement/SB003/id/617222,https://leg.colorado.gov/sites/default/files/documents/2025B/bills/fn/2025b_sb25b-003_r1.pdf
2042537,617166,supplement,324908,application/pdf,"Fiscal Note",https://legiscan.com/CO/supplement/SB004/id/617166,https://leg.colorado.gov/sites/default/files/documents/2025B/bills/fn/2025b_sb25b-004_00.pdf
2042537,617202,supplement,455156,application/pdf,"Fiscal Note/Analysis",https://legiscan.com/CO/supplement/SB004/id/617202,https://leg.colorado.gov/sites/default/files/documents/2025B/bills/fn/2025b_sb0004_sen.pdf
2042537,617258,supplement,345838,application/pdf,"Fiscal Note",https://legiscan.com/CO/supplement/SB004/id/617258,https://leg.colorado.gov/sites/default/files/documents/2025B/bills/fn/2025b_sb25b-004_r1.pdf
2042537,617291,supplement,422223,application/pdf,"Fiscal Note/Analysis",https://legiscan.com/CO/supplement/SB004/id/617291,https://leg.colorado.gov/sites/default/files/documents/2025B/bills/fn/2025b_sb0004_hse.pdf
2042537,617292,supplement,242530,application/pdf,"Fiscal Note",https://legiscan.com/CO/supplement/SB004/id/617292,https://leg.colorado.gov/sites/default/files/documents/2025B/bills/fn/2025b_sb25b-004_r2.pdf
2042537,617857,supplement,242327,application/pdf,"Fiscal Note",https://legiscan.com/CO/supplement/SB004/id/617857,https://leg.colorado.gov/sites/default/files/documents/2025B/bills/fn/2025b_sb25b-004_f1.pdf
2042527,617160,supplement,244391,application/pdf,"Fiscal Note",https://legiscan.com/CO/supplement/SB005/id/617160,https://leg.colorado.gov/sites/default/files/documents/2025B/bills/fn/2025b_sb25b-005_00.pdf
2042527,617182,supplement,434013,application/pdf,"Fiscal Note/Analysis",https://legiscan.com/CO/supplement/SB005/id/617182,https://leg.colorado.gov/sites/default/files/documents/2025B/bills/fn/2025b_sb0005_sen.pdf
2042527,617219,supplement,433088,application/pdf,"Fiscal Note/Analysis",https://legiscan.com/CO/supplement/SB005/id/617219,https://leg.colorado.gov/sites/default/files/documents/2025B/bills/fn/2025b_sb0005_hse.pdf
2042527,617220,supplement,244891,application/pdf,"Fiscal Note",https://legiscan.com/CO/supplement/SB005/id/617220,https://leg.colorado.gov/sites/default/files/documents/2025B/bills/fn/2025b_sb25b-005_r1.pdf
2042533,617164,supplement,261602,application/pdf,"Fiscal Note",https://legiscan.com/CO/supplement/SB006/id/617164,https://leg.colorado.gov/sites/default/files/documents/2025B/bills/fn/2025b_sb25b-006_00.pdf
2042504,617148,supplement,285817,application/pdf,"Fiscal Note",https://legiscan.com/CO/supplement/SB007/id/617148,https://leg.colorado.gov/sites/default/files/documents/2025B/bills/fn/2025b_sb25b-007_00.pdf
2042504,617797,supplement,288124,application/pdf,"Fiscal Note",https://legiscan.com/CO/supplement/SB007/id/617797,https://leg.colorado.gov/sites/default/files/documents/2025B/bills/fn/2025b_sb25b-007_f1.pdf
2042471,617130,supplement,264999,application/pdf,"Fiscal Note",https://legiscan.com/CO/supplement/SB008/id/617130,https://leg.colorado.gov/sites/default/files/documents/2025B/bills/fn/2025b_sb25b-008_00.pdf
2042471,617768,supplement,264676,application/pdf,"Fiscal Note",https://legiscan.com/CO/supplement/SB008/id/617768,https://leg.colorado.gov/sites/default/files/documents/2025B/bills/fn/2025b_sb25b-008_f1.pdf
2042483,617136,supplement,313367,application/pdf,"Fiscal Note",https://legiscan.com/CO/supplement/SB009/id/617136,https://leg.colorado.gov/sites/default/files/documents/2025B/bills/fn/2025b_sb25b-009_00.pdf
2042509,617151,supplement,230642,application/pdf,"Fiscal Note",https://legiscan.com/CO/supplement/SCR001/id/617151,https://leg.colorado.gov/sites/default/files/documents/2025B/bills/fn/2025b_scr25b-001_00.pdf
2042509,617753,supplement,232745,application/pdf,"Fiscal Note",https://legiscan.com/CO/supplement/SCR001/id/617753,https://leg.colorado.gov/sites/default/files/documents/2025B/bills/fn/2025b_scr25b-001_f1.pdf
