bill_id,people_id,position
1902256,15804,1
1902256,16113,2
1904034,8012,16
1904034,14010,1
1904034,15789,31
1904034,15796,25
1904034,15797,38
1904034,15802,8
1904034,15803,30
1904034,15804,27
1904034,17209,4
1904034,19056,35
1904034,21002,3
1904034,21007,37
1904034,21017,9
1904034,22624,10
1904034,22626,17
1904034,22726,12
1904034,23915,6
1904034,23918,20
1904034,23919,21
1904034,23922,26
1904034,23929,23
1904034,23936,34
1904034,23937,7
1904034,23938,5
1904034,23941,24
1904034,25747,13
1904034,25748,28
1904034,25749,36
1904034,25750,19
1904034,25755,11
1904034,25756,29
1904034,25757,32
1904034,25758,18
1904034,25759,33
1904034,25760,2
1904034,25761,15
1904034,25762,22
1904034,25763,14
1904299,14010,1
1907230,8019,9
1907230,8046,6
1907230,14010,1
1907230,15797,11
1907230,19530,3
1907230,22625,2
1907230,22726,8
1907230,23922,7
1907230,23929,10
1907230,23936,4
1907230,25762,5
1907384,25756,1
1908725,14010,1
1909082,14009,1
1910238,14006,1
1910238,23929,2
1910380,8043,3
1910380,14006,1
1910380,15818,6
1910380,21007,9
1910380,21035,4
1910380,23919,5
1910380,23941,11
1910380,25752,7
1910380,25755,10
1910380,25756,8
1910380,25767,2
1910524,14006,1
1910524,23918,4
1910524,23937,3
1910524,24640,2
1915898,14010,1
1917648,8012,13
1917648,8053,4
1917648,14018,1
1917648,15431,24
1917648,15797,3
1917648,15802,29
1917648,16113,11
1917648,18620,6
1917648,19060,10
1917648,19530,27
1917648,21014,14
1917648,22942,19
1917648,23915,5
1917648,23937,21
1917648,23938,17
1917648,24546,18
1917648,24635,8
1917648,24638,2
1917648,24640,20
1917648,24642,12
1917648,25747,26
1917648,25748,7
1917648,25749,23
1917648,25750,15
1917648,25755,9
1917648,25756,25
1917648,25758,28
1917648,25760,22
1917648,25766,16
1917813,14010,1
1917983,14003,1
1918153,14006,1
1918321,14010,1
1919987,14011,1
1920239,14022,1
1920503,14010,1
1923346,14001,1
1923470,14008,1
1923596,8053,4
1923596,15431,12
1923596,15811,10
1923596,16113,15
1923596,17211,1
1923596,21003,5
1923596,21009,13
1923596,22669,2
1923596,22727,14
1923596,23065,6
1923596,23923,11
1923596,24816,8
1923596,25167,3
1923596,25751,7
1923596,25753,9
1923719,14020,1
1923719,18620,2
1923719,23935,3
1923965,14001,1
1923965,25747,2
1923965,25763,3
1924091,14008,1
1924214,14021,1
1924214,19060,2
1924214,23929,12
1924214,24642,4
1924214,25750,5
1924214,25756,11
1924214,25757,9
1924214,25758,3
1924214,25763,7
1924214,25764,8
1924214,25766,6
1924214,25767,10
1924333,14001,1
1924341,14006,1
1924341,25765,2
1926904,14011,1
1926956,13999,1
1927010,14011,1
1927067,14011,1
1927122,14011,1
1927184,14021,1
1927343,14014,1
1927508,14021,1
1927674,14015,1
1927674,23927,2
1927838,14021,1
1928004,14014,1
1928168,14021,1
1930233,14009,1
1931159,14017,1
1931188,14005,1
1931226,14005,1
1931261,14013,1
1931302,14005,1
1931339,14012,1
1931373,14020,1
1931415,14020,1
1931415,17857,2
1931415,21002,3
1931415,23942,4
1931448,14005,1
1931448,21014,4
1931448,23935,3
1931448,24635,2
1931485,14010,1
1931524,14017,1
1931561,14005,1
1931603,14020,1
1931603,17199,2
1931603,17857,3
1931636,14005,1
1931674,14010,1
1934633,14009,1
1934732,14002,1
1934834,14002,1
1934935,14015,1
1935034,14014,1
1935133,8012,11
1935133,12737,13
1935133,14006,1
1935133,15804,10
1935133,19530,6
1935133,21002,12
1935133,22726,17
1935133,23915,8
1935133,23919,14
1935133,23927,7
1935133,23929,5
1935133,23938,15
1935133,23941,4
1935133,25748,2
1935133,25755,3
1935133,25756,9
1935133,25760,16
1935230,14001,1
1935323,8053,2
1935323,14006,1
1937219,14015,1
1937273,14003,1
1937334,14017,1
1937334,25747,3
1937334,25765,2
1937389,14018,1
1937450,14003,1
1937509,14009,1
1937569,14017,1
1937632,8043,25
1937632,8046,26
1937632,12737,5
1937632,12749,35
1937632,14009,1
1937632,15796,18
1937632,15797,19
1937632,15803,22
1937632,15804,24
1937632,17209,31
1937632,17417,6
1937632,17856,4
1937632,17857,8
1937632,19530,15
1937632,21016,2
1937632,22620,12
1937632,22624,23
1937632,22626,33
1937632,23919,14
1937632,23922,16
1937632,23928,3
1937632,23929,17
1937632,23936,27
1937632,23937,28
1937632,23938,30
1937632,23941,34
1937632,24640,10
1937632,25747,7
1937632,25748,9
1937632,25749,11
1937632,25750,13
1937632,25756,20
1937632,25757,21
1937632,25760,29
1937632,25761,32
1937684,14017,1
1937745,8019,10
1937745,8043,22
1937745,12737,4
1937745,12749,30
1937745,14010,1
1937745,15797,15
1937745,15802,18
1937745,15803,19
1937745,15804,21
1937745,17209,26
1937745,19530,11
1937745,21002,3
1937745,21007,12
1937745,22624,20
1937745,22626,29
1937745,22726,27
1937745,23919,9
1937745,23927,13
1937745,23929,14
1937745,23937,23
1937745,23938,25
1937745,23941,2
1937745,25747,5
1937745,25748,6
1937745,25749,7
1937745,25750,8
1937745,25756,16
1937745,25757,17
1937745,25760,24
1937745,25761,28
1937801,14010,1
1937861,14003,1
1937919,14020,1
1937980,14003,1
1938037,14017,1
1938087,14004,1
1939575,14002,1
1939593,14008,1
1939614,14006,1
1939636,14002,1
1939659,14006,1
1939683,8019,11
1939683,14005,1
1939683,15797,19
1939683,15804,9
1939683,18620,12
1939683,19060,10
1939683,19530,18
1939683,21014,4
1939683,21017,3
1939683,22623,14
1939683,22624,13
1939683,23938,15
1939683,24638,8
1939683,24642,6
1939683,25747,7
1939683,25748,5
1939683,25755,16
1939683,25763,17
1939683,25765,2
1939702,14002,1
1939725,14002,1
1939752,14006,1
1939752,23937,3
1939752,24638,2
1939772,14005,1
1939797,14002,1
1939820,14002,1
1939841,14002,1
1939865,14006,1
1939885,14005,1
1941328,8026,3
1941328,14013,1
1941328,21014,2
1941328,25765,4
1942458,14010,1
1942595,14021,1
1942731,14009,1
1942856,14005,1
1943843,8053,2
1943843,14002,1
1943843,21014,3
1943867,14010,1
1943898,14010,1
1943933,14018,1
1943969,14005,1
1943999,14008,1
1944030,8053,2
1944030,14002,1
1944030,21014,3
1944064,14001,1
1944102,14013,1
1944133,14003,1
1944165,16113,1
1944165,21003,3
1944165,22669,2
1944165,25751,4
1944194,14001,1
1944232,14017,1
1944264,8053,2
1944264,14002,1
1944264,21014,3
1944295,16113,1
1944295,21003,4
1944295,22669,2
1944295,25751,3
1944332,14015,1
1944332,15797,4
1944332,22727,3
1944332,23919,2
1944365,14018,1
1944396,16113,1
1944396,21003,3
1944396,22669,2
1944396,25751,4
1944425,14009,1
1944462,14018,1
1944493,14005,1
1944525,8053,2
1944525,14002,1
1944525,21014,3
1946004,8012,3
1946004,14017,1
1946004,17857,2
1946004,25765,4
1946040,14021,1
1946084,14021,1
1946128,14011,1
1946172,14021,1
1946172,17209,3
1946172,18620,2
1946216,14005,1
1946264,14021,1
1946309,14017,1
1946352,14021,1
1946395,14003,1
1946395,15803,4
1946395,22942,2
1946395,23926,3
1946395,23934,5
1946395,25759,6
1946439,14017,1
1948282,14006,1
1948306,14010,1
1948338,14010,1
1948372,14010,1
1948406,14001,1
1948444,14010,1
1948474,14005,1
1948509,14010,1
1948543,14008,1
1948577,8026,2
1948577,12737,7
1948577,14010,1
1948577,15802,15
1948577,17209,5
1948577,19530,25
1948577,21014,8
1948577,21015,9
1948577,21017,17
1948577,22618,10
1948577,22726,19
1948577,23915,11
1948577,23927,26
1948577,23929,22
1948577,23937,13
1948577,24635,6
1948577,24638,12
1948577,24640,4
1948577,25747,20
1948577,25755,18
1948577,25756,23
1948577,25757,24
1948577,25760,3
1948577,25762,21
1948577,25765,14
1948577,25766,16
1948614,8026,19
1948614,14010,1
1948614,15797,3
1948614,17417,12
1948614,18620,10
1948614,19060,16
1948614,21002,15
1948614,21014,17
1948614,22618,6
1948614,23915,11
1948614,23927,13
1948614,24546,4
1948614,24635,18
1948614,24638,2
1948614,24642,20
1948614,25747,5
1948614,25750,9
1948614,25763,7
1948614,25766,8
1948614,25767,14
1948646,14008,1
1948682,14018,1
1948682,21014,4
1948682,21016,6
1948682,23926,5
1948682,23942,7
1948682,24638,2
1948682,25753,3
1948718,14010,1
1948753,14020,1
1948787,14005,1
1948826,14015,1
1948862,14006,1
1948897,12749,3
1948897,14009,1
1948897,21014,4
1948897,21016,2
1948897,22626,7
1948897,23922,9
1948897,23929,8
1948897,23938,5
1948897,24640,6
1948935,14010,1
1948935,22625,2
1948967,14010,1
1949007,14018,1
1949041,14005,1
1949077,14020,1
1949110,14009,1
1949894,14011,1
1949933,14007,1
1949974,14011,1
1950018,14007,1
1950058,14011,1
1950104,14007,1
1950144,13999,1
1950187,13999,1
1950240,14022,1
1950328,14021,1
1950430,14019,1
1950527,8026,19
1950527,8043,3
1950527,14021,1
1950527,15804,5
1950527,15810,14
1950527,15818,12
1950527,17417,4
1950527,17856,2
1950527,17857,6
1950527,18620,18
1950527,19060,25
1950527,19530,11
1950527,21014,23
1950527,21016,27
1950527,21035,28
1950527,22618,8
1950527,22625,24
1950527,23919,9
1950527,23927,13
1950527,23937,15
1950527,23941,7
1950527,24546,17
1950527,24635,16
1950527,24638,22
1950527,24642,26
1950527,25765,20
1950527,25766,21
1950527,25767,10
1950632,14015,1
1950736,14015,1
1951791,8043,2
1951791,14005,1
1951833,14005,1
1951887,14005,1
1951887,15818,6
1951887,18620,5
1951887,21014,8
1951887,23938,3
1951887,24546,4
1951887,24640,2
1951887,25767,7
1951936,14010,1
1951993,14005,1
1952047,14010,1
1952103,14021,1
1952150,14005,1
1952204,14010,1
1953987,14001,1
1954011,14006,1
1954040,14001,1
1954070,14013,1
1954100,8046,19
1954100,12749,13
1954100,14005,1
1954100,15804,14
1954100,17209,3
1954100,21002,17
1954100,21015,18
1954100,23915,7
1954100,23927,5
1954100,23941,12
1954100,24638,2
1954100,24642,8
1954100,25750,11
1954100,25755,9
1954100,25756,15
1954100,25757,16
1954100,25763,10
1954100,25765,6
1954100,25767,4
1954129,14001,1
1954159,14017,1
1954190,14001,1
1954220,14018,1
1954252,14003,1
1954281,14005,1
1954313,14010,1
1954346,14005,1
1954376,14017,1
1954406,14005,1
1954439,12749,5
1954439,14008,1
1954439,16113,3
1954439,22618,2
1954439,23940,6
1954439,24634,4
1954468,14001,1
1954494,14005,1
1954534,14010,1
1954564,14001,1
1954597,14006,1
1954627,14002,1
1954657,8012,5
1954657,8053,14
1954657,12749,18
1954657,14005,1
1954657,15810,2
1954657,15811,4
1954657,17199,10
1954657,17417,6
1954657,21003,20
1954657,21007,24
1954657,21040,13
1954657,22621,11
1954657,22942,21
1954657,23915,3
1954657,23926,9
1954657,23938,19
1954657,23941,22
1954657,23942,17
1954657,24634,16
1954657,24816,12
1954657,25753,23
1954657,25754,7
1954657,25757,25
1954657,25763,15
1954657,25764,8
1954692,14001,1
1954724,14005,1
1954752,14001,1
1954785,14013,1
1954814,14006,1
1954845,14006,1
1954876,14008,1
1954905,14005,1
1954936,14009,1
1954966,14008,1
1954996,14001,1
1956596,14007,1
1956651,14009,1
1956715,14019,1
1956782,14003,1
1956844,14017,1
1956844,21014,2
1956844,25765,3
1956908,14014,1
1956971,14019,1
1956971,22668,4
1956971,22669,2
1956971,23938,7
1956971,23942,5
1956971,24635,6
1956971,24640,8
1956971,25167,3
1957034,14014,1
1957099,14017,1
1957165,14011,1
1957228,14007,1
1957291,14010,1
1957291,25752,2
1957356,8012,5
1957356,8046,28
1957356,12737,3
1957356,12749,34
1957356,14011,1
1957356,15431,18
1957356,15796,23
1957356,15802,26
1957356,19530,13
1957356,21002,2
1957356,21003,4
1957356,21007,16
1957356,21015,32
1957356,22620,6
1957356,22621,14
1957356,22942,25
1957356,23917,8
1957356,23918,10
1957356,23923,17
1957356,23925,19
1957356,23926,20
1957356,23927,22
1957356,23934,27
1957356,23937,30
1957356,23942,35
1957356,25750,7
1957356,25751,9
1957356,25752,11
1957356,25753,12
1957356,25754,15
1957356,25755,21
1957356,25758,24
1957356,25759,29
1957356,25760,31
1957356,25761,33
1957421,16113,1
1959266,14006,1
1959300,14010,1
1959338,14020,1
1959371,14013,1
1959407,14001,1
1959447,14006,1
1959480,14010,1
1959514,14006,1
1959551,14010,1
1959589,14006,1
1959624,14001,1
1959662,14020,1
1959695,14001,1
1959732,14013,1
1959768,14003,1
1959800,14010,1
1959837,14001,1
1959875,14001,1
1959907,14001,1
1959948,14020,1
1959948,17199,2
1959948,21007,3
1959948,21015,4
1959983,14021,1
1959983,17209,17
1959983,18620,12
1959983,19060,6
1959983,21017,15
1959983,23915,18
1959983,23927,3
1959983,24546,8
1959983,24642,10
1959983,25750,9
1959983,25755,5
1959983,25756,16
1959983,25757,7
1959983,25758,14
1959983,25760,11
1959983,25762,19
1959983,25763,13
1959983,25766,4
1959983,25767,2
1960017,14006,1
1960052,14002,1
1960090,14013,1
1960125,14003,1
1960160,14006,1
1960196,14003,1
1960230,14001,1
1960264,14013,1
1960294,14008,1
1961873,14017,1
1961873,15810,2
1961873,19530,3
1961912,14015,1
1961951,14019,1
1961992,14019,1
1962033,14003,1
1962075,14022,1
1962112,14015,1
1962155,14007,1
1962191,14014,1
1962232,14007,1
1962273,13999,1
1962312,14014,1
1962351,14019,1
1962393,14010,1
1962433,14011,1
1962470,14007,1
1962508,14004,1
1962508,15803,8
1962508,23934,3
1962508,23936,9
1962508,24642,6
1962508,24816,4
1962508,25756,7
1962508,25757,10
1962508,25759,5
1962508,25766,2
1962550,14000,1
1962591,14000,1
1962634,14015,1
1962676,14003,1
1962711,14004,1
1962711,15803,8
1962711,23934,3
1962711,23936,9
1962711,24642,6
1962711,24816,4
1962711,25756,7
1962711,25757,10
1962711,25759,5
1962711,25766,2
1962751,14022,1
1962794,8019,3
1962794,8043,17
1962794,14010,1
1962794,15803,15
1962794,15804,24
1962794,15818,12
1962794,17417,8
1962794,17856,6
1962794,17857,2
1962794,21002,20
1962794,21007,16
1962794,22624,18
1962794,22625,4
1962794,23917,22
1962794,23918,23
1962794,23919,7
1962794,23922,9
1962794,23929,11
1962794,23936,13
1962794,23941,14
1962794,23942,21
1962794,24640,10
1962794,25756,19
1962794,25759,5
1963570,14021,1
1963582,14005,1
1963594,14008,1
1963608,14006,1
1963620,14008,1
1963637,14021,1
1963652,14005,1
1963665,14021,1
1963679,14001,1
1963694,14021,1
1963711,14003,1
1963723,14008,1
1963743,14003,1
1963758,14001,1
1963767,14006,1
1963785,14005,1
1963799,14008,1
1963813,14005,1
1963832,14008,1
1963841,8053,2
1963841,14006,1
1963858,8019,2
1963858,14006,1
1963858,23915,4
1963858,23936,5
1963858,25759,3
1963870,14010,1
1963889,14008,1
1963899,14006,1
1963911,14021,1
1963931,14021,1
1963931,17199,2
1963931,17857,6
1963931,19056,9
1963931,21007,7
1963931,21036,8
1963931,21040,11
1963931,22620,3
1963931,22621,5
1963931,23932,10
1963931,23938,12
1963931,24546,4
1963944,14006,1
1963959,14006,1
1963959,25762,2
1963973,12742,2
1963973,14021,1
1963973,22942,5
1963973,23925,4
1963973,23926,3
1963973,23932,8
1963973,23934,6
1963973,23940,9
1963973,23942,7
1963988,14006,1
1964002,14008,1
1964015,14021,1
1964033,14006,1
1964045,14005,1
1964058,14007,1
1964072,8012,7
1964072,8019,11
1964072,8043,16
1964072,14006,1
1964072,15818,2
1964072,17856,10
1964072,18620,6
1964072,23918,14
1964072,23919,12
1964072,23925,13
1964072,23929,5
1964072,23938,18
1964072,25748,9
1964072,25752,17
1964072,25754,15
1964072,25759,3
1964072,25765,8
1964072,25767,4
1964085,14008,1
1964093,14021,1
1964125,14020,1
1964139,14017,1
1964155,14017,1
1964170,14018,1
1964183,14015,1
1964200,14015,1
1964214,14017,1
1964235,14017,1
1964248,14015,1
1964261,14015,1
1964278,14015,1
1964295,14015,1
1964311,8053,6
1964311,14018,1
1964311,16113,7
1964311,21003,3
1964311,21035,2
1964311,21036,4
1964311,23938,5
1964324,14020,1
1964338,14015,1
1964358,14018,1
1964373,14020,1
1964391,14015,1
1964403,14020,1
1964418,14020,1
1964434,14015,1
1964434,23923,2
1964434,25751,3
1964448,14017,1
1964460,14020,1
1964460,17199,2
1964460,17857,4
1964460,19530,5
1964460,21002,3
1964460,21007,7
1964460,21015,11
1964460,21016,6
1964460,23932,10
1964460,25754,9
1964460,25766,8
1965064,14011,1
1965087,14007,1
1965107,14010,1
1965129,14011,1
1965151,14007,1
1965172,14007,1
1965196,13999,1
1965218,14010,1
1965241,14011,1
1965263,14010,1
1965287,14007,1
1965308,14007,1
1965329,14011,1
1965353,14007,1
1965370,14010,1
1965393,14009,1
1965410,14010,1
1966979,14010,1
1967048,14003,1
1967118,14005,1
1967192,14010,1
1967265,14003,1
1967342,14005,1
1967419,14021,1
1967490,14010,1
1968973,14003,1
1969072,14018,1
1969174,14018,1
1969276,14012,1
1969378,14009,1
1969378,17856,2
1969483,14012,1
1969588,14012,1
1969697,14018,1
1969803,14010,1
1969910,14018,1
1970007,14012,1
1971023,14003,1
1971033,14000,1
1971047,14016,1
1971047,22668,2
1971047,23941,3
1971067,14012,1
1971080,14010,1
1971097,14000,1
1971117,14005,1
1971131,14010,1
1971149,14010,1
1971168,14003,1
1971168,22626,4
1971168,22727,3
1971168,25752,2
1971190,14012,1
1971203,14000,1
1971224,14016,1
1971224,21038,2
1971224,22624,3
1971240,14005,1
1971257,14000,1
1971276,14005,1
1971276,17211,2
1971276,22621,3
1971294,14016,1
1971294,15803,3
1971294,24635,2
1971315,14003,1
1971315,19060,8
1971315,21017,9
1971315,22626,3
1971315,23918,7
1971315,23927,5
1971315,23937,16
1971315,23938,10
1971315,24546,4
1971315,24635,2
1971315,25750,15
1971315,25756,14
1971315,25757,17
1971315,25758,13
1971315,25760,12
1971315,25762,11
1971315,25766,6
1971330,14003,1
1971351,14003,1
1971369,14021,1
1971384,14005,1
1971402,14016,1
1971402,19056,3
1971402,24546,2
1971418,14000,1
1971437,8026,2
1971437,14016,1
1971437,21007,3
1971456,14012,1
1971474,14000,1
1971489,14010,1
1971489,24638,2
1971510,14012,1
1971525,14005,1
1972213,14021,1
1972345,12749,4
1972345,14003,1
1972345,22618,2
1972345,22727,5
1972345,25761,3
1972474,14003,1
1972474,21036,2
1972474,23936,3
1972603,14009,1
1973456,14012,1
1973479,14012,1
1973500,14018,1
1973500,17417,2
1973500,22726,4
1973500,25755,3
1973524,14012,1
1973551,14010,1
1973551,23918,2
1973551,25762,3
1973567,14016,1
1973594,14010,1
1973619,8012,2
1973619,14010,1
1973640,14012,1
1973654,14018,1
1973686,14010,1
1973703,14012,1
1973731,14012,1
1973753,25757,1
1973770,14010,1
1973800,14018,1
1973821,14010,1
1973841,14012,1
1973841,17856,2
1973841,23917,3
1973841,24546,4
1973864,14012,1
1973875,14012,1
1975247,14010,1
1975287,14021,1
1975333,14021,1
1975333,23927,2
1975378,14021,1
1975425,14010,1
1975472,14010,1
1975515,14005,1
1975560,14021,1
1975605,14003,1
1975605,19530,2
1977176,14005,1
1977213,14018,1
1977247,14003,1
1977281,14012,1
1977312,14010,1
1977351,14003,1
1977382,14005,1
1977417,14012,1
1977459,14012,1
1977490,14012,1
1977525,14012,1
1977563,14012,1
1977597,14012,1
1977630,14018,1
1977665,14005,1
1977701,14005,1
1977738,14005,1
1977765,14003,1
1977765,25763,2
1979263,14010,1
1979287,8012,12
1979287,14012,1
1979287,21002,10
1979287,21015,2
1979287,22942,5
1979287,23917,9
1979287,23918,13
1979287,23925,3
1979287,23929,11
1979287,23932,7
1979287,23934,4
1979287,23942,8
1979287,25752,6
1979287,25754,14
1979312,14010,1
1979337,14010,1
1979361,14009,1
1979389,14012,1
1979413,14021,1
1979439,14010,1
1979466,14012,1
1979489,14012,1
1979512,14021,1
1979546,14021,1
1979572,14012,1
1979596,12749,5
1979596,14021,1
1979596,15818,6
1979596,17857,4
1979596,19530,12
1979596,21038,2
1979596,21040,9
1979596,22625,8
1979596,22726,7
1979596,22942,13
1979596,23915,21
1979596,23925,14
1979596,23926,11
1979596,23928,18
1979596,23929,19
1979596,23932,10
1979596,23934,20
1979596,23936,3
1979596,25752,17
1979596,25759,15
1979596,25761,16
1979620,14012,1
1979646,14003,1
1979669,14012,1
1979700,14003,1
1979723,14010,1
1979746,14021,1
1979771,14012,1
1979771,24640,2
1979796,14021,1
1979817,14021,1
1981170,14021,1
1981205,14009,1
1981240,14021,1
1981278,14005,1
1981312,14005,1
1981346,14009,1
1981382,12742,8
1981382,12749,27
1981382,14021,1
1981382,17856,2
1981382,17857,10
1981382,21007,13
1981382,21015,22
1981382,21016,14
1981382,21036,12
1981382,21038,16
1981382,22621,9
1981382,22627,25
1981382,22668,6
1981382,22942,18
1981382,23917,3
1981382,23918,5
1981382,23925,15
1981382,23926,17
1981382,23932,19
1981382,23934,20
1981382,23940,23
1981382,23942,26
1981382,24634,4
1981382,25752,7
1981382,25754,11
1981382,25759,21
1981382,25761,24
1981425,14005,1
1981457,14010,1
1981494,14003,1
1981530,14005,1
1981570,14005,1
1981605,14009,1
1981639,14005,1
1981675,14009,1
1981704,14010,1
1982015,14018,1
1982115,14018,1
1982809,14012,1
1982869,14003,1
1982869,21036,2
1982869,23936,3
1982931,14009,1
1982992,14005,1
1983059,14005,1
1983122,14012,1
1983187,14012,1
1983250,14012,1
1983316,14005,1
1983378,14010,1
1983444,14012,1
1983507,14012,1
1983565,14012,1
1983565,15818,2
1983565,22627,3
1983835,14016,1
1983835,15803,3
1983835,15811,2
1983841,8026,2
1983841,14016,1
1983841,21007,3
1983847,14016,1
1983847,17211,2
1983847,21007,3
1984421,12742,4
1984421,14021,1
1984421,17857,2
1984421,21002,3
1984421,23917,6
1984421,23925,7
1984421,23942,5
1984522,14012,1
1984630,14000,1
1984736,14005,1
1984847,14005,1
1984953,14021,1
1985062,14021,1
1985062,24635,2
1985172,14021,1
1985281,14012,1
1985390,14000,1
1986995,14010,1
1987082,14010,1
1987167,14003,1
1987260,14009,1
1987341,14009,1
1987431,14018,1
1987431,15811,2
1987431,23928,3
1987431,23942,4
1987520,14010,1
1987599,14000,1
1988562,14000,1
1988636,14000,1
1988711,8012,47
1988711,8019,3
1988711,8026,42
1988711,8043,21
1988711,12742,48
1988711,14010,1
1988711,15796,49
1988711,15797,60
1988711,15802,39
1988711,15803,17
1988711,15804,35
1988711,15810,40
1988711,15818,2
1988711,17199,16
1988711,17417,6
1988711,17856,4
1988711,17857,8
1988711,18620,20
1988711,19060,34
1988711,21002,27
1988711,21007,19
1988711,21014,30
1988711,21015,59
1988711,21016,36
1988711,21036,44
1988711,21038,46
1988711,22623,22
1988711,22624,23
1988711,22625,12
1988711,22668,38
1988711,23917,31
1988711,23918,33
1988711,23919,7
1988711,23922,9
1988711,23927,43
1988711,23929,11
1988711,23932,57
1988711,23936,13
1988711,23938,45
1988711,23941,15
1988711,23942,29
1988711,24546,18
1988711,24634,52
1988711,24635,14
1988711,24638,28
1988711,24640,10
1988711,24642,50
1988711,25748,58
1988711,25749,53
1988711,25752,56
1988711,25755,37
1988711,25756,25
1988711,25757,55
1988711,25758,41
1988711,25759,5
1988711,25763,51
1988711,25764,54
1988711,25765,24
1988711,25766,26
1988711,25767,32
1988785,14016,1
1988785,21038,2
1988785,23926,3
1988861,14010,1
1988933,14016,1
1988933,21007,3
1988933,21038,2
1989005,14005,1
1989601,14009,1
1989601,23922,2
1989601,25761,3
1989676,14003,1
1989756,14003,1
1989844,14003,1
1989925,14005,1
1990014,14003,1
1990116,14018,1
1990123,14010,1
1990133,14021,1
1990141,14021,1
1990152,14021,1
1990158,14010,1
1990165,14021,1
1990175,14021,1
1990182,14021,1
1990192,14012,1
1990198,14021,1
1990209,14010,1
1990216,14009,1
1990225,14021,1
1990225,17856,4
1990225,22623,2
1990225,22626,3
1990232,8026,2
1990232,14016,1
1990232,15803,3
1990245,14012,1
1990252,14016,1
1990252,17211,2
1990258,14010,1
1990267,14018,1
1990275,14021,1
1990285,16113,1
1990291,14021,1
1990296,14021,1
1991217,14005,1
1991240,14010,1
1991271,14016,1
1991271,15803,3
1991271,15811,2
1991296,14010,1
1991296,25750,3
1991296,25756,2
1991327,14016,1
1991327,15811,2
1991327,23935,3
1991353,23927,1
1991380,14010,1
1991380,23938,2
1991410,14010,1
1992699,14010,1
1992722,14021,1
1992750,8012,7
1992750,14021,1
1992750,19060,4
1992750,25747,5
1992750,25761,3
1992750,25763,6
1992750,25767,2
1992777,14016,1
1992777,22624,3
1992777,22668,2
1992802,14009,1
1992832,14021,1
1992859,14021,1
1992884,14016,1
1992884,15803,3
1992884,22623,2
1992911,14021,1
1992939,14003,1
1992939,15796,12
1992939,15797,9
1992939,15810,6
1992939,17199,2
1992939,19530,5
1992939,22624,10
1992939,22668,4
1992939,22726,11
1992939,22942,3
1992939,23926,7
1992939,23938,8
1993546,14000,1
1993586,14010,1
1993630,14010,1
1993672,14000,1
1993717,14000,1
1993757,14000,1
1993812,14000,1
1993858,14018,1
1993902,14009,1
1993944,21040,1
1993988,14010,1
1994030,14010,1
1994042,14005,1
1994107,14005,1
1994767,14012,1
1994799,14005,1
1994833,14003,1
1994867,14016,1
1994867,22668,2
1994867,23941,3
1994903,14010,1
1994937,14009,1
1994971,14012,1
1995005,14003,1
1995041,14021,1
1995075,14010,1
1995108,8019,5
1995108,8043,3
1995108,8046,11
1995108,14012,1
1995108,15796,15
1995108,15797,7
1995108,15818,2
1995108,19530,9
1995108,22624,16
1995108,22625,8
1995108,23915,10
1995108,23927,13
1995108,23929,12
1995108,23938,14
1995108,24634,4
1995108,25748,19
1995108,25759,18
1995108,25761,17
1995108,25765,6
1995143,14005,1
1995176,14012,1
1995210,14021,1
1996627,14010,1
1996627,23918,2
1996627,25757,3
1996644,14018,1
1996664,14000,1
1996683,14021,1
1996704,14000,1
1996720,14010,1
1996738,14009,1
1996756,14010,1
1996775,14010,1
1996792,14018,1
1996806,14003,1
1999730,14010,1
1999780,14003,1
1999832,14010,1
1999884,14003,1
1999936,14010,1
1999989,14010,1
2004603,14021,1
2004741,14021,1
2004882,16113,2
2004882,23938,1
2005026,14021,1
2005169,14021,1
2005316,14005,1
2005464,14021,1
2006057,14012,1
2006138,14003,1
2006212,14003,1
2006292,14009,1
2006366,14012,1
2006446,14009,1
2006523,14012,1
2006591,14012,1
2006768,23938,1
2006943,14010,1
2007758,14016,1
2007758,21007,3
2007758,22668,2
2007933,8026,2
2007933,14016,1
2007933,23926,3
2008106,14016,1
2008106,15811,2
2008106,19056,3
2008277,14003,1
2009174,14009,1
2009388,14010,1
2009974,14018,1
2010019,14018,1
2010062,14012,1
2010107,14012,1
2010155,14018,1
2010202,14016,1
2010202,15803,3
2010202,24635,2
2010244,14016,1
2010244,22623,2
2010244,23926,3
2010291,14012,1
2010331,14016,1
2010331,22668,2
2010331,23923,3
2010902,14010,1
2010921,14000,1
2010944,14000,1
2010971,12737,6
2010971,12749,15
2010971,14003,1
2010971,15802,9
2010971,17209,4
2010971,21017,10
2010971,22726,11
2010971,23915,8
2010971,23919,13
2010971,23925,18
2010971,23927,5
2010971,23936,17
2010971,23938,7
2010971,25747,12
2010971,25748,16
2010971,25755,2
2010971,25760,3
2010971,25762,14
2010993,14000,1
2011016,14010,1
2011041,14010,1
2011066,14000,1
2011086,14000,1
2011657,14000,1
2011689,14018,1
2011729,14000,1
2011766,14000,1
2011806,14018,1
2011806,22627,2
2011846,14018,1
2011884,14018,1
2011920,12749,5
2011920,14021,1
2011920,15818,6
2011920,17857,4
2011920,19530,12
2011920,21038,2
2011920,21040,9
2011920,22625,8
2011920,22726,7
2011920,22942,13
2011920,23915,21
2011920,23925,14
2011920,23926,11
2011920,23928,18
2011920,23929,19
2011920,23932,10
2011920,23934,20
2011920,23936,3
2011920,25752,17
2011920,25759,15
2011920,25761,16
2011958,14000,1
2012382,14021,1
2012402,17209,1
2012419,17209,1
2012439,17209,1
2012454,14009,1
2012475,17209,1
2012491,14000,1
2012513,14010,1
2012531,17209,1
2012549,25748,1
2012569,25748,1
2012587,14021,1
2012604,14009,1
2012618,14009,1
2013197,14000,1
2013263,14005,1
2013332,14010,1
2013402,14016,1
2013402,19056,3
2013402,22668,2
2013472,14021,1
2013539,14010,1
2013604,14021,1
2013658,14018,1
2013700,14010,1
2013742,14018,1
2014418,14000,1
2014426,14000,1
2014438,14000,1
2014454,14000,1
2014468,14000,1
2014482,14000,1
2014497,23938,1
2014510,14016,1
2014510,21038,2
2014510,23941,3
2014524,14016,1
2014524,23941,3
2014524,24546,2
2014540,14000,1
2014551,14012,1
2014566,14000,1
2014583,14000,1
2014597,14016,1
2014597,15797,3
2014597,21038,2
2014610,14000,1
2014624,14000,1
2014637,14016,1
2014637,23935,3
2014637,24635,2
2014996,14010,1
2015012,14016,1
2015012,23941,3
2015012,24635,2
2015033,14003,1
2015057,14021,1
2015076,14021,1
2015101,21002,1
2015128,14016,1
2015128,22668,2
2015128,23935,3
2015153,14021,1
2015173,14016,1
2015173,19056,3
2015173,21038,2
2015199,14016,1
2015199,22668,2
2015199,23937,3
2015219,14009,1
2015287,14016,1
2015287,19056,3
2015287,22668,2
2015327,14000,1
2015371,14021,1
2015413,14016,1
2015413,21007,3
2015413,24635,2
2015453,14000,1
2015492,14016,1
2015492,22668,2
2015492,23923,3
2015792,14003,1
2015858,8053,10
2015858,14010,1
2015858,15804,3
2015858,15811,12
2015858,16113,9
2015858,17211,8
2015858,17417,2
2015858,17857,4
2015858,21003,11
2015858,23919,7
2015858,23941,5
2015858,24640,6
2015858,25167,13
2015922,14010,1
2015922,21014,2
2015987,14009,1
2016015,14000,1
2016040,14000,1
2016066,14000,1
2016358,14000,1
2016403,8043,1
2016447,14016,1
2016447,22668,2
2016447,23926,3
2016490,14016,1
2016490,21007,3
2016490,24635,2
2016534,14000,1
2016572,14016,1
2016572,22623,2
2016572,23941,3
2017512,14018,1
2017520,14016,1
2017520,17211,2
2017520,22624,3
2017529,14016,1
2017529,17211,2
2017529,23941,3
2017539,14016,1
2017539,23937,3
2017539,24546,2
2017547,8012,7
2017547,8026,6
2017547,14018,1
2017547,17209,20
2017547,18620,4
2017547,19530,15
2017547,21017,23
2017547,22626,21
2017547,23915,3
2017547,23919,13
2017547,23927,24
2017547,23937,18
2017547,24546,2
2017547,24638,12
2017547,24640,14
2017547,24642,16
2017547,25747,5
2017547,25749,9
2017547,25750,11
2017547,25755,17
2017547,25760,19
2017547,25762,22
2017547,25765,8
2017547,25766,10
2017558,14018,1
2017568,14016,1
2017568,17211,2
2017568,23941,3
2017958,14012,1
2018097,14012,1
2018242,14010,1
2018242,25748,3
2018242,25756,2
2018390,23927,1
2018415,23927,1
2018447,21002,1
2018478,14000,1
2018511,14009,1
2018540,14000,1
2018574,14000,1
2018607,14016,1
2018607,22668,2
2018607,23935,3
2018608,14016,1
2018608,21038,2
2018608,23926,3
2018609,14019,1
2018614,14016,1
2018614,21038,2
2018614,23923,3
2018881,14000,1
2019055,14000,1
2019504,14016,1
2019504,21035,2
2019504,23935,3
2019542,8026,2
2019542,14016,1
2019542,19056,3
2019573,14016,1
2019573,21035,2
2019573,23926,3
2019612,14016,1
2019657,25167,1
2019739,14000,1
2019836,14000,1
2019928,14000,1
2020026,23935,1
2020090,25167,1
2020766,19530,1
