bill_id,roll_call_id,date,chamber,description,yea,nay,nv,absent,total
1901126,1502172,2025-02-27,House,"House Final Passage",66,0,0,4,70
1901126,1517782,2025-03-13,Senate,"Senate Final Passage",38,0,0,4,42
1901131,1517469,2025-03-13,House,"House Final Passage",54,10,0,6,70
1901133,1492404,2025-02-18,House,"House Final Passage",41,26,0,2,69
1901137,1492493,2025-02-18,House,"House Final Passage",62,5,0,2,69
1901138,1497165,2025-02-22,House,"House Final Passage",61,1,0,7,69
1901138,1524386,2025-03-21,Senate,"Senate Final Passage",42,0,0,0,42
1901139,1502171,2025-02-27,House,"House Final Passage",59,4,0,7,70
1901530,1497142,2025-02-22,House,"House Final Passage",56,7,0,6,69
1901530,1524483,2025-03-21,Senate,"Senate Final Passage",26,12,4,0,42
1903092,1494419,2025-02-19,House,"House Final Passage",41,19,0,9,69
1903169,1490728,2025-02-15,House,"House Final Passage",61,0,0,8,69
1903169,1516365,2025-03-12,Senate,"Senate Final Passage",39,0,0,3,42
1903195,1499308,2025-02-25,House,"House Final Passage",41,27,0,1,69
1903195,1519228,2025-03-17,Senate,"Senate Final Passage",23,15,3,1,42
1903223,1503523,2025-03-03,House,"House Final Passage",64,0,0,6,70
1903223,1524426,2025-03-21,Senate,"Senate Final Passage",38,0,3,1,42
1904551,1502671,2025-02-28,House,"House Final Passage",38,31,0,1,70
1904792,1503300,2025-03-03,House,"House Final Passage",56,4,0,10,70
1904792,1524501,2025-03-22,Senate,"Senate Final Passage",28,9,5,0,42
1907806,1496747,2025-02-21,House,"House Final Passage",62,1,0,6,69
1907806,1524446,2025-03-21,Senate,"Senate Final Passage",37,0,4,1,42
1907913,1508901,2025-03-07,House,"House Final Passage",62,0,0,8,70
1907913,1519979,2025-03-18,Senate,"Senate Final Passage",25,0,5,12,42
1908355,1505044,2025-03-04,House,"House Final Passage",61,0,0,9,70
1908355,1524456,2025-03-21,Senate,"Senate Final Passage",38,0,3,1,42
1909516,1493841,2025-02-19,House,"House Final Passage",36,22,0,11,69
1909516,1518297,2025-03-16,Senate,"Senate Final Passage",25,14,2,1,42
1909658,1516000,2025-03-11,House,"House Final Passage",47,18,0,5,70
1909805,1500247,2025-02-26,House,"House Final Passage",58,0,0,11,69
1909805,1523953,2025-03-20,Senate,"Senate Final Passage",40,0,0,2,42
1911911,1508980,2025-03-08,House,"House Final Passage",37,19,0,14,70
1911911,1523954,2025-03-20,Senate,"Senate Final Passage",23,14,4,1,42
1911945,1500250,2025-02-26,House,"House Final Passage",62,0,0,7,69
1911983,1497835,2025-02-24,House,"House Final Passage",68,0,0,1,69
1912019,1518278,2025-03-15,House,"House Final Passage",36,28,0,6,70
1912019,1524233,2025-03-21,Senate,"Senate Final Passage",26,14,1,1,42
1912092,1515404,2025-03-11,House,"House Final Passage",64,0,0,6,70
1912092,1520576,2025-03-18,Senate,"Senate Final Passage",38,0,3,1,42
1912168,1515313,2025-03-11,House,"House Final Passage",65,0,0,5,70
1912203,1497166,2025-02-22,House,"House Final Passage",64,0,0,5,69
1912277,1496709,2025-02-21,House,"House Final Passage",62,0,0,7,69
1912277,1524403,2025-03-21,Senate,"Senate Final Passage",36,0,5,1,42
1912315,1496892,2025-02-21,House,"House Final Passage",64,0,0,5,69
1915578,1507880,2025-03-06,House,"House Final Passage",37,27,0,6,70
1916101,1516420,2025-03-12,House,"House Final Passage",66,3,0,1,70
1916101,1523047,2025-03-20,Senate,"Senate Final Passage",35,0,2,5,42
1916304,1517261,2025-03-11,House,"House Final Passage",66,0,0,4,70
1916602,1503003,2025-03-01,House,"House Final Passage",40,25,0,5,70
1916602,1524477,2025-03-21,Senate,"Senate Final Passage",27,11,4,0,42
1918722,1506371,2025-03-05,House,"House Final Passage",52,7,0,11,70
1918722,1523882,2025-03-20,Senate,"Senate Final Passage",37,4,1,0,42
1918835,1499171,2025-02-25,House,"House Final Passage",42,25,0,2,69
1918835,1523409,2025-03-20,Senate,"Senate Final Passage",26,16,0,0,42
1922294,1503040,2025-03-01,House,"House Final Passage",65,0,0,5,70
1922294,1523535,2025-03-20,Senate,"Senate Final Passage",41,0,1,0,42
1922304,1508969,2025-03-06,House,"House Final Passage",63,0,0,7,70
1922304,1523862,2025-03-20,Senate,"Senate Final Passage",34,7,0,1,42
1922630,1499385,2025-02-25,House,"House Final Passage",66,1,0,2,69
1922824,1519174,2025-03-17,House,"House Final Passage",60,4,0,6,70
1922824,1524395,2025-03-21,Senate,"Senate Final Passage",40,0,2,0,42
1923019,1502166,2025-02-27,House,"House Final Passage",57,6,0,7,70
1923778,1502167,2025-02-27,House,"House Final Passage",59,8,0,3,70
1924342,1520329,2025-03-18,House,"House Final Passage",66,1,0,3,70
1925065,1508983,2025-03-08,House,"House Final Passage",58,0,0,12,70
1925065,1524499,2025-03-22,Senate,"Senate Final Passage",38,1,3,0,42
1928344,1503058,2025-03-01,House,"House Final Passage",43,22,0,5,70
1928344,1523918,2025-03-20,Senate,"Senate Final Passage",24,16,1,1,42
1928366,1508833,2025-03-07,House,"House Final Passage",57,4,0,9,70
1928366,1524169,2025-03-21,Senate,"Senate Final Passage",33,6,3,0,42
1928414,1518022,2025-03-14,House,"House Final Passage",64,2,0,4,70
1928519,1477608,2025-01-29,House,"House Final Passage",69,0,0,0,69
1928547,1497185,2025-02-22,House,"House Final Passage",64,0,0,5,69
1928547,1524392,2025-03-21,Senate,"Senate Final Passage",40,0,2,0,42
1928600,1520475,2025-03-18,House,"House Final Passage",60,3,0,7,70
1928600,1523782,2025-03-20,Senate,"Senate Final Passage",40,0,1,1,42
1928758,1500231,2025-02-26,House,"House Final Passage",50,9,0,10,69
1928997,1517550,2025-03-13,House,"House Final Passage",48,7,0,15,70
1928997,1524444,2025-03-21,Senate,"Senate Final Passage",39,0,2,1,42
1931776,1507677,2025-03-06,Senate,"Senate Final Passage",26,14,1,1,42
1931776,1524388,2025-03-21,House,"House Final Passage",45,15,0,10,70
1931834,1497511,2025-02-22,Senate,"Senate Final Passage",21,15,0,6,42
1931834,1523849,2025-03-20,House,"House Final Passage",37,31,0,2,70
1931954,1492677,2025-02-17,House,"House Final Passage",41,26,0,2,69
1931954,1524385,2025-03-21,Senate,"Senate Final Passage",23,15,3,1,42
1932013,1496023,2025-02-20,Senate,"Senate Final Passage",31,0,5,6,42
1932073,1501523,2025-02-27,Senate,"Senate Final Passage",34,0,4,4,42
1932073,1520401,2025-03-18,House,"House Final Passage",46,18,0,6,70
1932254,1494254,2025-02-19,Senate,"Senate Final Passage",38,0,3,1,42
1932254,1518995,2025-03-17,House,"House Final Passage",63,0,0,7,70
1932369,1494168,2025-02-19,Senate,"Senate Final Passage",27,11,1,3,42
1932369,1524320,2025-03-21,House,"House Final Passage",36,33,0,1,70
1932551,1503061,2025-03-01,Senate,"Senate Final Passage",29,8,1,4,42
1932551,1523800,2025-03-20,House,"House Final Passage",59,4,0,7,70
1932612,1501509,2025-02-26,Senate,"Senate Final Passage",40,0,2,0,42
1932612,1519110,2025-03-17,House,"House Final Passage",64,0,0,6,70
1932792,1488677,2025-02-12,Senate,"Senate Final Passage",41,0,1,0,42
1932792,1519242,2025-03-17,House,"House Final Passage",61,2,0,7,70
1932852,1508895,2025-03-07,Senate,"Senate Final Passage",36,0,4,2,42
1932913,1508807,2025-03-07,Senate,"Senate Final Passage",25,14,1,2,42
1932972,1499241,2025-02-25,Senate,"Senate Final Passage",38,0,2,2,42
1932972,1524387,2025-03-21,House,"House Final Passage",64,0,0,6,70
1933030,1473333,2025-01-22,Senate,"Senate Final Passage",41,0,0,1,42
1933030,1473334,2025-01-21,House,"House Final Passage",65,1,0,3,69
1933085,1497872,2025-02-24,House,"House Final Passage",50,18,0,1,69
1933085,1521439,2025-03-19,Senate,"Senate Final Passage",24,16,0,2,42
1933109,1501137,2025-02-26,Senate,"Senate Final Passage",25,16,0,1,42
1933109,1521928,2025-03-19,House,"House Final Passage",43,25,0,2,70
1933170,1490814,2025-02-14,Senate,"Senate Final Passage",37,4,1,0,42
1933184,1490795,2025-02-14,Senate,"Senate Final Passage",37,5,0,0,42
1933184,1496261,2025-02-20,House,"House Final Passage",42,23,0,4,69
1933260,1503005,2025-03-01,Senate,"Senate Final Passage",28,12,0,2,42
1933260,1516594,2025-03-12,House,"House Final Passage",42,26,0,2,70
1933275,1490539,2025-02-14,Senate,"Senate Final Passage",37,5,0,0,42
1933275,1496721,2025-02-21,House,"House Final Passage",46,19,0,4,69
1935357,1508971,2025-03-08,Senate,"Senate Final Passage",34,1,3,4,42
1935422,1506248,2025-03-05,Senate,"Senate Final Passage",37,0,3,2,42
1935422,1524409,2025-03-21,House,"House Final Passage",52,13,0,5,70
1935448,1521918,2025-03-19,House,"House Final Passage",63,0,0,7,70
1935514,1503760,2025-03-03,Senate,"Senate Final Passage",26,16,0,0,42
1935514,1520145,2025-03-18,House,"House Final Passage",42,25,0,3,70
1935535,1489648,2025-02-13,Senate,"Senate Final Passage",34,0,2,6,42
1935535,1519292,2025-03-17,House,"House Final Passage",64,0,0,6,70
1935582,1503684,2025-03-03,Senate,"Senate Final Passage",36,2,2,2,42
1935582,1519064,2025-03-17,House,"House Final Passage",39,27,0,4,70
1935697,1504989,2025-03-04,Senate,"Senate Final Passage",23,16,0,3,42
1935697,1524366,2025-03-21,House,"House Final Passage",34,27,0,9,70
1935747,1505701,2025-03-04,Senate,"Senate Final Passage",36,0,3,3,42
1935792,1509603,2025-03-10,Senate,"Senate Final Passage",38,1,3,0,42
1935792,1524454,2025-03-21,House,"House Final Passage",62,1,0,7,70
1935838,1499382,2025-02-25,Senate,"Senate Final Passage",23,15,1,3,42
1935838,1522144,2025-03-19,House,"House Final Passage",39,26,0,5,70
1935910,1507840,2025-03-06,Senate,"Senate Final Passage",38,0,3,1,42
1935910,1524316,2025-03-21,House,"House Final Passage",60,0,0,10,70
1935931,1519782,2025-03-18,Senate,"Senate Final Passage",30,0,1,11,42
1935952,1494375,2025-02-19,Senate,"Senate Final Passage",37,0,2,3,42
1935952,1520689,2025-03-18,House,"House Final Passage",66,0,0,4,70
1935976,1518080,2025-03-14,Senate,"Senate Final Passage",35,0,3,4,42
1935976,1524441,2025-03-21,House,"House Final Passage",52,9,0,9,70
1935999,1494431,2025-02-19,Senate,"Senate Final Passage",39,0,2,1,42
1935999,1518284,2025-03-15,House,"House Final Passage",63,0,0,7,70
1936020,1488729,2025-02-12,Senate,"Senate Final Passage",42,0,0,0,42
1936066,1516692,2025-03-12,Senate,"Senate Final Passage",38,0,2,2,42
1936092,1518279,2025-03-15,Senate,"Senate Final Passage",29,2,4,7,42
1936092,1524418,2025-03-21,House,"House Final Passage",64,0,0,6,70
1936115,1508036,2025-03-06,Senate,"Senate Final Passage",26,14,2,0,42
1936115,1523816,2025-03-20,House,"House Final Passage",31,25,0,14,70
1936207,1489659,2025-02-13,Senate,"Senate Final Passage",34,0,2,6,42
1936207,1518271,2025-03-15,House,"House Final Passage",64,0,0,6,70
1936255,1509714,2025-03-10,Senate,"Senate Final Passage",24,17,1,0,42
1936255,1524422,2025-03-21,House,"House Final Passage",55,14,0,1,70
1936321,1496165,2025-02-20,House,"House Final Passage",68,1,0,0,69
1936321,1520154,2025-03-18,Senate,"Senate Final Passage",25,1,4,12,42
1938132,1488722,2025-02-12,Senate,"Senate Final Passage",39,0,2,1,42
1938132,1522178,2025-03-19,House,"House Final Passage",40,23,0,7,70
1938149,1515016,2025-03-11,Senate,"Senate Final Passage",36,0,3,3,42
1938328,1518296,2025-03-16,Senate,"Senate Final Passage",40,0,1,1,42
1938328,1524507,2025-03-22,House,"House Final Passage",56,6,0,8,70
1938442,1503054,2025-03-01,Senate,"Senate Final Passage",38,2,0,2,42
1938472,1502582,2025-02-28,Senate,"Senate Final Passage",32,7,2,1,42
1938472,1520395,2025-03-18,House,"House Final Passage",67,0,0,3,70
1938489,1496002,2025-02-20,Senate,"Senate Final Passage",33,0,3,6,42
1938489,1523809,2025-03-20,House,"House Final Passage",64,0,0,6,70
1938525,1502529,2025-02-28,Senate,"Senate Final Passage",24,13,2,3,42
1938557,1501071,2025-02-26,Senate,"Senate Final Passage",39,0,3,0,42
1938557,1524390,2025-03-21,House,"House Final Passage",23,38,0,9,70
1938575,1507894,2025-03-06,Senate,"Senate Final Passage",38,0,3,1,42
1938575,1524373,2025-03-21,House,"House Final Passage",64,0,0,6,70
1938588,1506368,2025-03-05,Senate,"Senate Final Passage",38,0,2,2,42
1938668,1514748,2025-03-11,Senate,"Senate Final Passage",37,0,2,3,42
1938753,1506626,2025-03-05,Senate,"Senate Final Passage",39,0,2,1,42
1938753,1522187,2025-03-19,House,"House Final Passage",63,0,0,7,70
1938803,1506706,2025-03-05,Senate,"Senate Final Passage",26,15,0,1,42
1938821,1518273,2025-03-15,Senate,"Senate Final Passage",28,0,7,7,42
1938821,1523936,2025-03-20,House,"House Final Passage",46,19,0,5,70
1938851,1499542,2025-02-25,Senate,"Senate Final Passage",36,1,3,2,42
1938851,1524401,2025-03-21,House,"House Final Passage",63,0,0,7,70
1938865,1502125,2025-02-27,Senate,"Senate Final Passage",34,3,2,3,42
1938865,1522210,2025-03-19,House,"House Final Passage",65,0,0,5,70
1938882,1501429,2025-02-26,Senate,"Senate Final Passage",38,0,4,0,42
1938882,1524397,2025-03-21,House,"House Final Passage",64,1,0,5,70
1938902,1496029,2025-02-20,Senate,"Senate Final Passage",39,0,3,0,42
1938918,1503875,2025-03-03,Senate,"Senate Final Passage",28,12,1,1,42
1938918,1523983,2025-03-20,House,"House Final Passage",50,14,0,6,70
1938962,1518281,2025-03-15,Senate,"Senate Final Passage",19,14,4,5,42
1938962,1524430,2025-03-21,House,"House Final Passage",46,17,0,7,70
1942877,1502546,2025-02-28,Senate,"Senate Final Passage",40,0,1,1,42
1942892,1508970,2025-03-08,House,"House Final Passage",36,23,0,11,70
1942946,1519967,2025-03-18,Senate,"Senate Final Passage",27,0,4,11,42
1942946,1524495,2025-03-21,House,"House Final Passage",62,0,0,8,70
1942958,1502570,2025-02-28,Senate,"Senate Final Passage",31,2,8,1,42
1942979,1497345,2025-02-22,Senate,"Senate Final Passage",37,0,0,5,42
1942979,1524427,2025-03-21,House,"House Final Passage",62,1,0,7,70
1942993,1509667,2025-03-10,Senate,"Senate Final Passage",41,0,1,0,42
1942993,1524494,2025-03-21,House,"House Final Passage",64,0,0,6,70
1943097,1515398,2025-03-11,Senate,"Senate Final Passage",37,0,1,4,42
1943097,1524491,2025-03-21,House,"House Final Passage",57,9,0,4,70
1943110,1503790,2025-03-03,Senate,"Senate Final Passage",39,0,2,1,42
1943110,1524381,2025-03-21,House,"House Final Passage",53,9,0,8,70
1944578,1504028,2025-03-03,House,"House Final Passage",57,3,0,10,70
1944578,1520510,2025-03-18,Senate,"Senate Final Passage",38,0,3,1,42
1944583,1518983,2025-03-17,House,"House Final Passage",64,0,0,6,70
1944583,1524362,2025-03-21,Senate,"Senate Final Passage",41,0,1,0,42
1944595,1503559,2025-03-03,House,"House Final Passage",65,0,0,5,70
1944606,1505718,2025-03-04,Senate,"Senate Final Passage",39,0,1,2,42
1944622,1517592,2025-03-13,House,"House Final Passage",55,5,0,10,70
1944622,1522118,2025-03-19,Senate,"Senate Final Passage",37,0,3,2,42
1944646,1489656,2025-02-13,Senate,"Senate Final Passage",30,0,4,8,42
1944654,1515640,2025-03-11,House,"House Final Passage",57,1,0,12,70
1944654,1520548,2025-03-18,Senate,"Senate Final Passage",38,0,3,1,42
1944683,1506545,2025-03-05,House,"House Final Passage",59,2,0,9,70
1944683,1524008,2025-03-20,Senate,"Senate Final Passage",39,0,1,2,42
1944685,1505186,2025-03-04,House,"House Final Passage",56,3,0,11,70
1944685,1523861,2025-03-20,Senate,"Senate Final Passage",41,0,1,0,42
1944709,1508119,2025-03-06,Senate,"Senate Final Passage",37,0,4,1,42
1944709,1520324,2025-03-18,House,"House Final Passage",65,0,0,5,70
1944715,1518270,2025-03-15,House,"House Final Passage",42,22,0,6,70
1944741,1508796,2025-03-07,House,"House Final Passage",62,1,0,7,70
1944741,1524330,2025-03-21,Senate,"Senate Final Passage",34,0,6,2,42
1944751,1508387,2025-03-06,House,"House Final Passage",63,0,0,7,70
1944751,1523958,2025-03-20,Senate,"Senate Final Passage",35,7,0,0,42
1944777,1492701,2025-02-18,House,"House Final Passage",61,2,0,6,69
1944781,1492940,2025-02-18,House,"House Final Passage",69,0,0,0,69
1944787,1503073,2025-03-01,House,"House Final Passage",63,1,0,6,70
1944795,1477834,2025-01-28,House,"House Final Passage",69,0,0,0,69
1944830,1501042,2025-02-26,Senate,"Senate Final Passage",40,0,2,0,42
1944830,1518896,2025-03-17,House,"House Final Passage",66,0,0,4,70
1944840,1508016,2025-03-06,House,"House Final Passage",63,0,0,7,70
1944840,1524513,2025-03-22,Senate,"Senate Final Passage",40,0,2,0,42
1944848,1504948,2025-03-04,House,"House Final Passage",36,26,0,8,70
1944848,1519290,2025-03-17,Senate,"Senate Final Passage",22,15,4,1,42
1944880,1501438,2025-02-26,Senate,"Senate Final Passage",39,0,3,0,42
1944888,1516371,2025-03-12,Senate,"Senate Final Passage",39,0,0,3,42
1944892,1503445,2025-03-03,House,"House Final Passage",61,0,0,9,70
1944892,1523911,2025-03-20,Senate,"Senate Final Passage",39,0,0,3,42
1944900,1508851,2025-03-07,House,"House Final Passage",56,2,0,12,70
1944900,1518293,2025-03-16,Senate,"Senate Final Passage",36,0,5,1,42
1944924,1500381,2025-02-26,House,"House Final Passage",63,0,0,6,69
1944924,1524460,2025-03-21,Senate,"Senate Final Passage",38,0,3,1,42
1944952,1503059,2025-03-01,House,"House Final Passage",64,0,0,6,70
1944952,1524437,2025-03-21,Senate,"Senate Final Passage",37,1,3,1,42
1944981,1517491,2025-03-13,House,"House Final Passage",62,0,0,8,70
1944981,1522123,2025-03-19,Senate,"Senate Final Passage",36,0,3,3,42
1944987,1502436,2025-02-19,Senate,"Senate Final Passage",38,0,1,3,42
1944987,1516687,2025-03-12,House,"House Final Passage",63,0,0,7,70
1944995,1508837,2025-03-07,House,"House Final Passage",59,0,0,11,70
1944995,1518295,2025-03-16,Senate,"Senate Final Passage",39,0,2,1,42
1945012,1506139,2025-03-04,House,"House Final Passage",65,0,0,5,70
1945012,1524345,2025-03-21,Senate,"Senate Final Passage",39,0,2,1,42
1945043,1508979,2025-03-08,Senate,"Senate Final Passage",37,2,2,1,42
1945043,1523795,2025-03-20,House,"House Final Passage",59,4,0,7,70
1945047,1508884,2025-03-07,Senate,"Senate Final Passage",21,16,3,2,42
1945061,1496880,2025-02-21,House,"House Final Passage",66,0,0,3,69
1945061,1523926,2025-03-20,Senate,"Senate Final Passage",40,0,0,2,42
1945070,1506359,2025-03-05,House,"House Final Passage",39,21,0,10,70
1945080,1509692,2025-03-10,Senate,"Senate Final Passage",31,10,0,1,42
1945080,1524425,2025-03-21,House,"House Final Passage",68,0,0,2,70
1945090,1495995,2025-02-20,Senate,"Senate Final Passage",26,14,1,1,42
1945090,1520184,2025-03-18,House,"House Final Passage",42,23,0,5,70
1945092,1512393,2025-03-10,Senate,"Senate Final Passage",42,0,0,0,42
1945092,1523791,2025-03-20,House,"House Final Passage",60,2,0,8,70
1946555,1509702,2025-03-10,House,"House Final Passage",63,0,0,7,70
1946555,1520661,2025-03-18,Senate,"Senate Final Passage",25,0,5,12,42
1946582,1524498,2025-03-22,House,"House Final Passage",67,0,0,3,70
1946610,1477962,2025-01-30,House,"House Final Passage",69,0,0,0,69
1946648,1505527,2025-03-04,House,"House Final Passage",66,0,0,4,70
1946648,1524443,2025-03-21,Senate,"Senate Final Passage",42,0,0,0,42
1946660,1508855,2025-03-07,House,"House Final Passage",65,0,0,5,70
1946660,1519788,2025-03-18,Senate,"Senate Final Passage",26,0,4,12,42
1946674,1502168,2025-02-27,House,"House Final Passage",57,6,0,7,70
1946769,1517559,2025-03-13,House,"House Final Passage",48,16,0,6,70
1946769,1523324,2025-03-20,Senate,"Senate Final Passage",40,0,1,1,42
1946796,1498484,2025-02-24,House,"House Final Passage",67,0,0,2,69
1946796,1518301,2025-03-16,Senate,"Senate Final Passage",37,0,3,2,42
1946887,1496451,2025-02-20,House,"House Final Passage",56,2,0,11,69
1946927,1505014,2025-03-04,House,"House Final Passage",66,0,0,4,70
1946939,1506548,2025-03-05,House,"House Final Passage",62,0,0,8,70
1946971,1505273,2025-03-04,House,"House Final Passage",63,0,0,7,70
1946971,1524327,2025-03-21,Senate,"Senate Final Passage",36,0,5,1,42
1946982,1483738,2025-02-06,House,"House Final Passage",69,0,0,0,69
1947033,1511661,2025-03-10,House,"House Final Passage",63,0,0,7,70
1947033,1524433,2025-03-21,Senate,"Senate Final Passage",38,0,3,1,42
1947045,1492210,2025-02-18,House,"House Final Passage",57,0,0,12,69
1947072,1516358,2025-03-12,House,"House Final Passage",63,0,0,7,70
1947084,1518031,2025-03-14,House,"House Final Passage",61,1,0,8,70
1947084,1523339,2025-03-20,Senate,"Senate Final Passage",37,3,1,1,42
1947098,1490732,2025-02-15,House,"House Final Passage",50,11,0,8,69
1947098,1519265,2025-03-17,Senate,"Senate Final Passage",30,4,5,3,42
1947232,1522928,2025-03-20,Senate,"Senate Final Passage",31,0,3,8,42
1947232,1524472,2025-03-21,House,"House Final Passage",63,0,0,7,70
1947247,1522422,2025-03-19,House,"House Final Passage",63,0,0,7,70
1947259,1518079,2025-03-14,House,"House Final Passage",65,0,0,5,70
1947259,1524488,2025-03-21,Senate,"Senate Final Passage",37,0,4,1,42
1947273,1516697,2025-03-12,House,"House Final Passage",68,0,0,2,70
1947273,1519391,2025-03-17,Senate,"Senate Final Passage",37,0,3,2,42
1947301,1503901,2025-03-03,House,"House Final Passage",62,0,0,8,70
1947301,1524520,2025-03-22,Senate,"Senate Final Passage",34,0,5,3,42
1947311,1503060,2025-03-01,Senate,"Senate Final Passage",36,1,1,4,42
1947311,1518285,2025-03-15,House,"House Final Passage",63,0,0,7,70
1947366,1477957,2025-01-29,House,"House Final Passage",69,0,0,0,69
1947389,1505676,2025-03-04,Senate,"Senate Final Passage",16,23,0,3,42
1949155,1505286,2025-03-04,Senate,"Senate Final Passage",25,15,1,1,42
1949155,1523940,2025-03-20,House,"House Final Passage",42,20,0,8,70
1949180,1516348,2025-03-12,Senate,"Senate Final Passage",33,4,0,5,42
1949180,1520337,2025-03-18,House,"House Final Passage",56,8,0,6,70
1949195,1515055,2025-03-11,Senate,"Senate Final Passage",38,0,2,2,42
1949388,1516400,2025-03-12,House,"House Final Passage",38,24,0,8,70
1949402,1505254,2025-03-04,House,"House Final Passage",60,4,0,6,70
1949466,1508239,2025-03-06,House,"House Final Passage",62,1,0,7,70
1949466,1519297,2025-03-17,Senate,"Senate Final Passage",34,0,5,3,42
1949532,1503682,2025-03-03,Senate,"Senate Final Passage",37,0,4,1,42
1949532,1524333,2025-03-21,House,"House Final Passage",64,2,0,4,70
1949562,1501870,2025-02-27,Senate,"Senate Final Passage",34,0,5,3,42
1950844,1499428,2025-02-25,Senate,"Senate Final Passage",36,0,3,3,42
1950844,1524353,2025-03-21,House,"House Final Passage",62,0,0,8,70
1950898,1514667,2025-03-11,Senate,"Senate Final Passage",37,0,1,4,42
1950898,1524447,2025-03-21,House,"House Final Passage",57,4,0,9,70
1950948,1502812,2025-02-28,Senate,"Senate Final Passage",37,0,5,0,42
1950948,1524402,2025-03-21,House,"House Final Passage",65,0,0,5,70
1951033,1505561,2024-02-10,Senate,"Senate Final Passage",28,9,4,1,42
1951033,1526459,2025-03-21,House,"House Final Passage",60,2,0,8,70
1951167,1506255,2025-03-05,Senate,"Senate Final Passage",37,4,0,1,42
1951184,1500534,2025-02-24,Senate,"Senate Final Passage",32,6,4,0,42
1951230,1518275,2025-03-15,Senate,"Senate Final Passage",17,13,6,6,42
1952265,1518033,2025-03-14,House,"House Final Passage",63,0,0,7,70
1952307,1502853,2025-02-28,House,"House Final Passage",64,0,0,6,70
1952321,1508977,2025-03-08,House,"House Final Passage",58,0,0,12,70
1952334,1501766,2025-02-27,Senate,"Senate Final Passage",31,7,2,2,42
1952427,1508850,2025-03-07,House,"House Final Passage",64,0,0,6,70
1952427,1524396,2025-03-21,Senate,"Senate Final Passage",37,0,4,1,42
1952441,1492704,2025-02-18,House,"House Final Passage",69,0,0,0,69
1952475,1508989,2025-03-08,Senate,"Senate Final Passage",34,0,4,4,42
1952475,1520687,2025-03-18,House,"House Final Passage",65,1,0,4,70
1952502,1488431,2025-02-12,House,"House Final Passage",69,0,0,0,69
1952567,1518294,2025-03-16,Senate,"Senate Final Passage",39,0,2,1,42
1952578,1519028,2025-03-17,Senate,"Senate Final Passage",37,0,4,1,42
1952615,1516465,2025-03-12,Senate,"Senate Final Passage",37,2,1,2,42
1952615,1523871,2025-03-20,House,"House Final Passage",42,21,0,7,70
1952653,1503078,2025-03-01,House,"House Final Passage",64,1,0,5,70
1952703,1519288,2025-03-17,House,"House Final Passage",51,0,0,19,70
1952703,1524389,2025-03-21,Senate,"Senate Final Passage",38,0,3,1,42
1952738,1505693,2025-03-04,Senate,"Senate Final Passage",34,0,3,5,42
1952738,1521945,2025-03-19,House,"House Final Passage",65,0,0,5,70
1952810,1524516,2025-03-22,House,"House Final Passage",67,0,0,3,70
1952833,1518272,2025-03-15,Senate,"Senate Final Passage",32,0,4,6,42
1955044,1502067,2025-02-27,Senate,"Senate Final Passage",36,0,2,4,42
1955044,1518286,2025-03-15,House,"House Final Passage",63,0,0,7,70
1955052,1499505,2025-02-25,House,"House Final Passage",64,3,0,2,69
1955063,1508873,2025-03-07,Senate,"Senate Final Passage",39,0,1,2,42
1955063,1524399,2025-03-21,House,"House Final Passage",60,5,0,5,70
1955088,1506251,2025-03-05,House,"House Final Passage",62,0,0,8,70
1955088,1524029,2025-03-20,Senate,"Senate Final Passage",40,0,0,2,42
1955129,1508978,2025-03-08,House,"House Final Passage",34,24,0,12,70
1955129,1523952,2025-03-21,Senate,"Senate Final Passage",13,24,3,2,42
1955173,1502170,2025-02-27,House,"House Final Passage",40,26,0,4,70
1955237,1479928,2025-02-04,House,"House Final Passage",69,0,0,0,69
1955251,1509501,2025-03-10,House,"House Final Passage",38,25,0,7,70
1955325,1482747,2025-02-05,House,"House Final Passage",69,0,0,0,69
1955362,1502169,2025-02-27,House,"House Final Passage",53,7,0,10,70
1955362,1524502,2025-03-22,Senate,"Senate Final Passage",36,0,5,1,42
1955378,1519218,2025-03-17,Senate,"Senate Final Passage",24,15,2,1,42
1955406,1511267,2025-03-10,House,"House Final Passage",63,0,0,7,70
1955406,1520538,2025-03-18,Senate,"Senate Final Passage",38,0,3,1,42
1955414,1482895,2025-02-05,House,"House Final Passage",69,0,0,0,69
1955430,1502039,2025-02-27,Senate,"Senate Final Passage",31,0,7,4,42
1955430,1520123,2025-03-18,House,"House Final Passage",65,0,0,5,70
1957526,1515583,2025-03-11,Senate,"Senate Final Passage",36,0,3,3,42
1957577,1509684,2025-03-10,House,"House Final Passage",62,0,0,8,70
1957577,1520308,2025-03-18,Senate,"Senate Final Passage",38,0,3,1,42
1957593,1506610,2025-03-05,House,"House Final Passage",55,6,0,9,70
1957593,1518299,2025-03-16,Senate,"Senate Final Passage",38,0,3,1,42
1957699,1515651,2025-03-11,House,"House Final Passage",38,27,0,5,70
1957699,1523991,2025-03-20,Senate,"Senate Final Passage",22,18,0,2,42
1957783,1506810,2025-03-05,House,"House Final Passage",61,1,0,8,70
1957783,1523314,2025-03-20,Senate,"Senate Final Passage",41,0,0,1,42
1957894,1506515,2025-03-05,House,"House Final Passage",60,0,0,10,70
1957894,1523956,2025-03-20,Senate,"Senate Final Passage",39,1,1,1,42
1957909,1508116,2025-03-06,House,"House Final Passage",35,23,0,12,70
1957935,1483465,2025-02-06,House,"House Final Passage",69,0,0,0,69
1958021,1509662,2025-03-10,Senate,"Senate Final Passage",27,11,2,2,42
1958021,1524382,2025-03-21,House,"House Final Passage",42,21,0,7,70
1958033,1502447,2025-02-26,House,"House Final Passage",61,1,0,7,69
1958050,1503393,2025-03-03,House,"House Final Passage",60,2,0,8,70
1958050,1524372,2025-03-21,Senate,"Senate Final Passage",38,0,3,1,42
1958129,1506599,2025-03-05,House,"House Final Passage",54,4,0,12,70
1958129,1524412,2025-03-21,Senate,"Senate Final Passage",38,0,3,1,42
1958254,1518291,2025-03-15,House,"House Final Passage",40,27,0,3,70
1958254,1523257,2025-03-20,Senate,"Senate Final Passage",36,1,0,5,42
1960358,1506867,2025-03-05,Senate,"Senate Final Passage",39,0,2,1,42
1960358,1522259,2025-03-19,House,"House Final Passage",63,0,0,7,70
1960509,1504017,2025-03-03,Senate,"Senate Final Passage",38,0,3,1,42
1960563,1519248,2025-03-17,Senate,"Senate Final Passage",34,2,5,1,42
1960667,1516770,2025-03-12,Senate,"Senate Final Passage",39,0,1,2,42
1960667,1524383,2025-03-21,House,"House Final Passage",63,2,0,5,70
1960770,1516483,2025-03-12,Senate,"Senate Final Passage",39,0,1,2,42
1960770,1524400,2025-03-21,House,"House Final Passage",63,2,0,5,70
1962823,1520533,2025-03-18,Senate,"Senate Final Passage",21,18,2,1,42
1962831,1508981,2025-03-08,Senate,"Senate Final Passage",34,0,4,4,42
1962831,1520529,2025-03-18,House,"House Final Passage",61,6,0,3,70
1962849,1503026,2025-03-01,House,"House Final Passage",42,24,0,4,70
1962874,1484219,2025-02-07,House,"House Final Passage",69,0,0,0,69
1962917,1518288,2025-03-15,House,"House Final Passage",38,26,0,6,70
1962959,1518276,2025-03-15,House,"House Final Passage",66,0,0,4,70
1963036,1517798,2025-03-13,House,"House Final Passage",59,1,0,10,70
1963036,1524379,2025-03-21,Senate,"Senate Final Passage",38,0,3,1,42
1963075,1520432,2025-03-18,Senate,"Senate Final Passage",28,0,3,11,42
1963075,1524508,2025-03-22,House,"House Final Passage",63,0,0,7,70
1963101,1509267,2025-03-10,House,"House Final Passage",62,0,0,8,70
1963101,1523858,2025-03-20,Senate,"Senate Final Passage",35,6,0,1,42
1963152,1503023,2025-03-01,Senate,"Senate Final Passage",39,0,0,3,42
1963152,1522128,2025-03-19,House,"House Final Passage",60,0,0,10,70
1963169,1508001,2025-03-06,House,"House Final Passage",61,0,0,9,70
1963169,1519990,2025-03-18,Senate,"Senate Final Passage",25,2,4,11,42
1963213,1522087,2025-03-19,House,"House Final Passage",63,0,0,7,70
1963222,1509298,2025-03-10,House,"House Final Passage",47,16,0,7,70
1963230,1517732,2025-03-13,House,"House Final Passage",53,7,0,10,70
1963230,1524518,2025-03-22,Senate,"Senate Final Passage",37,0,5,0,42
1963237,1518991,2025-03-17,House,"House Final Passage",51,0,0,19,70
1964164,1490733,2025-02-15,House,"House Final Passage",48,20,0,1,69
1964164,1497365,2025-02-21,Senate,"Senate Final Passage",38,3,0,1,42
1964259,1517601,2025-03-13,Senate,"Senate Final Passage",40,0,1,1,42
1964259,1524492,2025-03-21,House,"House Final Passage",56,3,0,11,70
1964299,1486625,2025-02-11,House,"House Final Passage",69,0,0,0,69
1964318,1502129,2025-02-27,Senate,"Senate Final Passage",33,0,5,4,42
1964318,1524380,2025-03-21,House,"House Final Passage",66,0,0,4,70
1964336,1490734,2025-02-10,House,"House Final Passage",69,0,0,0,69
1964351,1502516,2025-02-28,Senate,"Senate Final Passage",37,0,3,2,42
1964351,1520695,2025-03-18,House,"House Final Passage",64,1,0,5,70
1964415,1503570,2025-03-03,House,"House Final Passage",54,3,0,13,70
1964415,1524375,2025-03-21,Senate,"Senate Final Passage",32,4,6,0,42
1964453,1522195,2025-03-19,House,"House Final Passage",63,0,0,7,70
1965448,1507909,2025-03-06,House,"House Final Passage",63,1,0,6,70
1965454,1515578,2025-03-11,House,"House Final Passage",65,0,0,5,70
1965454,1520391,2025-03-18,Senate,"Senate Final Passage",38,0,3,1,42
1965533,1488367,2025-02-12,House,"House Final Passage",69,0,0,0,69
1965570,1518144,2025-03-14,House,"House Final Passage",63,0,0,7,70
1965570,1524438,2025-03-21,Senate,"Senate Final Passage",26,12,3,1,42
1965598,1509490,2025-03-10,House,"House Final Passage",60,0,0,10,70
1965598,1519270,2025-03-17,Senate,"Senate Final Passage",33,0,5,4,42
1965663,1518106,2025-03-14,House,"House Final Passage",65,0,0,5,70
1965689,1518132,2025-03-14,House,"House Final Passage",65,0,0,5,70
1965695,1508972,2025-03-08,House,"House Final Passage",55,1,0,14,70
1965695,1522225,2025-03-19,Senate,"Senate Final Passage",38,0,2,2,42
1965731,1508975,2025-03-08,Senate,"Senate Final Passage",31,3,6,2,42
1965731,1523943,2025-03-20,House,"House Final Passage",64,0,0,6,70
1967578,1517541,2025-03-13,Senate,"Senate Final Passage",38,0,2,2,42
1967578,1524431,2025-03-21,House,"House Final Passage",59,2,0,9,70
1967583,1508853,2025-03-07,House,"House Final Passage",41,22,0,7,70
1967701,1515337,2025-03-11,House,"House Final Passage",65,0,0,5,70
1967726,1515464,2025-03-11,House,"House Final Passage",65,0,0,5,70
1967726,1524419,2025-03-21,Senate,"Senate Final Passage",40,0,1,1,42
1967781,1518280,2025-03-15,House,"House Final Passage",54,10,0,6,70
1967805,1518109,2025-03-14,Senate,"Senate Final Passage",25,11,4,2,42
1967805,1524452,2025-03-21,House,"House Final Passage",58,7,0,5,70
1967825,1523966,2025-03-20,House,"House Final Passage",63,0,0,7,70
1967825,1524416,2025-03-21,Senate,"Senate Final Passage",38,0,3,1,42
1967863,1508828,2025-03-07,House,"House Final Passage",35,25,0,10,70
1967933,1517522,2025-03-13,Senate,"Senate Final Passage",39,0,1,2,42
1967933,1522150,2025-03-19,House,"House Final Passage",61,3,0,6,70
1967948,1521996,2025-03-19,House,"House Final Passage",63,0,0,7,70
1967957,1504977,2025-03-04,House,"House Final Passage",64,0,0,6,70
1967957,1518104,2025-03-14,Senate,"Senate Final Passage",28,13,1,0,42
1967966,1517365,2025-03-13,Senate,"Senate Final Passage",26,12,0,4,42
1967966,1524440,2025-03-21,House,"House Final Passage",38,20,0,12,70
1967987,1515685,2025-03-11,House,"House Final Passage",52,9,0,9,70
1968011,1518143,2025-03-14,House,"House Final Passage",39,27,0,4,70
1968054,1496703,2025-02-20,House,"House Final Passage",69,0,0,0,69
1970038,1518082,2025-03-14,Senate,"Senate Final Passage",39,0,1,2,42
1970038,1524339,2025-03-21,House,"House Final Passage",60,0,0,10,70
1970116,1518990,2025-03-17,House,"House Final Passage",37,26,0,7,70
1970174,1514455,2025-03-11,Senate,"Senate Final Passage",36,2,0,4,42
1970174,1524394,2025-03-21,House,"House Final Passage",52,13,0,5,70
1970216,1518298,2025-03-16,Senate,"Senate Final Passage",37,2,2,1,42
1970216,1524368,2025-03-21,House,"House Final Passage",46,15,0,9,70
1970305,1501840,2025-02-27,Senate,"Senate Final Passage",36,0,2,4,42
1971546,1490717,2025-02-14,House,"House Final Passage",69,0,0,0,69
1971662,1519870,2025-03-18,Senate,"Senate Final Passage",23,6,1,12,42
1971662,1524356,2025-03-21,House,"House Final Passage",57,7,0,6,70
1971668,1505565,2025-03-04,Senate,"Senate Final Passage",34,0,2,6,42
1971668,1524442,2025-03-21,House,"House Final Passage",55,3,0,12,70
1971681,1518274,2025-03-15,Senate,"Senate Final Passage",31,0,4,7,42
1972629,1491304,2025-02-17,House,"House Final Passage",69,0,0,0,69
1972657,1522937,2025-03-20,Senate,"Senate Final Passage",34,0,0,8,42
1972657,1524473,2025-03-21,House,"House Final Passage",60,0,0,10,70
1972665,1517634,2025-03-13,House,"House Final Passage",61,0,0,9,70
1972671,1518287,2025-03-15,House,"House Final Passage",63,1,0,6,70
1972671,1524510,2025-03-22,Senate,"Senate Final Passage",36,0,4,2,42
1972714,1522956,2025-03-20,Senate,"Senate Final Passage",32,0,2,8,42
1972737,1508791,2025-03-07,House,"House Final Passage",61,1,0,8,70
1972737,1524344,2025-03-21,Senate,"Senate Final Passage",37,0,3,2,42
1972756,1508976,2025-03-08,House,"House Final Passage",59,0,0,11,70
1972756,1523878,2025-03-20,Senate,"Senate Final Passage",41,0,1,0,42
1972780,1522265,2025-03-19,House,"House Final Passage",41,25,0,4,70
1972780,1523418,2025-03-20,Senate,"Senate Final Passage",25,16,1,0,42
1972805,1517580,2025-03-13,House,"House Final Passage",53,0,0,17,70
1972805,1524429,2025-03-21,Senate,"Senate Final Passage",39,0,2,1,42
1972877,1503720,2025-03-03,Senate,"Senate Final Passage",38,1,3,0,42
1972877,1518283,2025-03-15,House,"House Final Passage",62,3,0,5,70
1972906,1509230,2025-03-10,House,"House Final Passage",63,0,0,7,70
1972930,1509235,2025-03-10,House,"House Final Passage",49,17,0,4,70
1973924,1517322,2025-03-13,Senate,"Senate Final Passage",39,0,0,3,42
1973961,1515461,2025-03-11,House,"House Final Passage",51,11,0,8,70
1973961,1524428,2025-03-22,Senate,"Senate Final Passage",26,11,4,1,42
1973971,1517597,2025-03-13,Senate,"Senate Final Passage",37,0,3,2,42
1974002,1515611,2025-03-11,House,"House Final Passage",64,0,0,6,70
1974017,1510271,2025-03-10,House,"House Final Passage",47,16,0,7,70
1974061,1518289,2025-03-15,House,"House Final Passage",64,0,0,6,70
1974061,1523941,2025-03-20,Senate,"Senate Final Passage",40,0,0,2,42
1974078,1515230,2025-03-11,House,"House Final Passage",48,15,0,7,70
1974113,1519286,2025-03-17,House,"House Final Passage",55,0,0,15,70
1974113,1524445,2025-03-21,Senate,"Senate Final Passage",39,0,3,0,42
1975813,1518269,2025-03-15,Senate,"Senate Final Passage",24,16,2,0,42
1975851,1519293,2025-03-17,Senate,"Senate Final Passage",22,11,5,4,42
1978171,1508974,2025-03-08,House,"House Final Passage",59,0,0,11,70
1978171,1524003,2025-03-20,Senate,"Senate Final Passage",39,0,0,3,42
1978177,1519274,2025-03-17,Senate,"Senate Final Passage",24,15,1,2,42
1978177,1524436,2025-03-21,House,"House Final Passage",39,26,0,5,70
1978184,1515372,2025-03-11,House,"House Final Passage",63,3,0,4,70
1978184,1523929,2025-03-20,Senate,"Senate Final Passage",41,0,0,1,42
1978197,1508973,2025-03-08,Senate,"Senate Final Passage",36,0,2,4,42
1978197,1523934,2025-03-20,House,"House Final Passage",63,1,0,6,70
1978204,1508990,2025-03-08,House,"House Final Passage",59,0,0,11,70
1978204,1520573,2025-03-18,Senate,"Senate Final Passage",37,0,4,1,42
1978236,1523893,2025-03-20,House,"House Final Passage",51,13,0,6,70
1978236,1524417,2025-03-21,Senate,"Senate Final Passage",40,0,2,0,42
1978252,1508902,2025-03-07,Senate,"Senate Final Passage",27,10,3,2,42
1978276,1518282,2025-03-15,Senate,"Senate Final Passage",24,13,4,1,42
1978276,1524365,2025-03-21,House,"House Final Passage",40,23,0,7,70
1978289,1523826,2025-03-20,Senate,"Senate Final Passage",33,3,1,5,42
1978302,1520028,2025-03-18,Senate,"Senate Final Passage",19,11,0,12,42
1978302,1524493,2025-03-21,House,"House Final Passage",55,6,0,9,70
1978355,1517381,2025-03-13,House,"House Final Passage",43,11,0,16,70
1978403,1515613,2025-03-11,House,"House Final Passage",50,10,0,10,70
1978428,1518290,2025-03-15,House,"House Final Passage",64,0,0,6,70
1978428,1524019,2025-03-20,Senate,"Senate Final Passage",40,0,2,0,42
1978443,1519227,2025-03-17,House,"House Final Passage",41,26,0,3,70
1978443,1523944,2025-03-20,Senate,"Senate Final Passage",28,12,2,0,42
1978450,1517780,2025-03-13,House,"House Final Passage",48,0,0,22,70
1978450,1524509,2025-03-22,Senate,"Senate Final Passage",34,0,6,2,42
1978467,1511697,2025-03-10,House,"House Final Passage",61,0,0,9,70
1978467,1524512,2025-03-22,Senate,"Senate Final Passage",40,0,2,0,42
1978479,1514224,2025-03-11,Senate,"Senate Final Passage",21,14,4,3,42
1978490,1515263,2025-03-11,House,"House Final Passage",65,0,0,5,70
1978490,1520692,2025-03-18,Senate,"Senate Final Passage",38,0,3,1,42
1979972,1522126,2025-03-19,House,"House Final Passage",63,0,0,7,70
1979980,1522256,2025-03-19,House,"House Final Passage",63,0,0,7,70
1979995,1522096,2025-03-19,House,"House Final Passage",63,0,0,7,70
1979999,1524515,2025-03-22,House,"House Final Passage",67,0,0,3,70
1980006,1515371,2025-03-11,House,"House Final Passage",39,23,0,8,70
1980022,1521906,2025-03-19,House,"House Final Passage",63,0,0,7,70
1980037,1511124,2025-03-10,House,"House Final Passage",40,21,0,9,70
1980041,1522197,2025-03-19,House,"House Final Passage",63,0,0,7,70
1980052,1522246,2025-03-19,House,"House Final Passage",63,0,0,7,70
1980056,1524504,2025-03-22,House,"House Final Passage",67,0,0,3,70
1980679,1517750,2025-03-13,Senate,"Senate Final Passage",37,0,3,2,42
1983639,1522185,2025-03-19,House,"House Final Passage",63,0,0,7,70
1983704,1522241,2025-03-19,House,"House Final Passage",63,0,0,7,70
1983767,1522257,2025-03-19,House,"House Final Passage",63,0,0,7,70
1985782,1513894,2025-03-10,Senate,"Senate Final Passage",27,15,0,0,42
1987611,1522050,2025-03-19,House,"House Final Passage",63,0,0,7,70
1989132,1524511,2025-03-22,House,"House Final Passage",67,0,0,3,70
1989251,1514976,2025-03-11,Senate,"Senate Final Passage",42,0,0,0,42
1991209,1522099,2025-03-19,House,"House Final Passage",63,0,0,7,70
1992785,1524517,2025-03-22,House,"House Final Passage",63,0,0,7,70
1995500,1517776,2025-03-13,Senate,"Senate Final Passage",37,0,3,2,42
1996610,1522261,2025-03-19,House,"House Final Passage",63,0,0,7,70
1996647,1522109,2025-03-19,House,"House Final Passage",63,0,0,7,70
1996770,1522263,2025-03-19,House,"House Final Passage",63,0,0,7,70
2008521,1524505,2025-03-22,House,"House Final Passage",63,0,0,7,70
2008527,1524497,2025-03-22,House,"House Final Passage",63,0,0,7,70
2009595,1524480,2025-03-21,House,"House Final Passage",63,0,0,7,70
