bill_id,roll_call_id,date,chamber,description,yea,nay,nv,absent,total
1904034,1471384,2025-01-14,House,"House Third Reading",61,8,0,1,70
1904299,1474800,2025-01-27,House,"House Third Reading",46,24,0,0,70
1909082,1471419,2025-01-14,House,"House Third Reading",56,14,0,0,70
1909082,1472592,2025-01-21,Senate,"Senate Third Reading",32,3,0,0,35
1910380,1472604,2025-01-21,House,"House Third Reading",54,14,0,2,70
1910380,1492015,2025-02-18,Senate,"Senate Third Reading",27,8,0,0,35
1910524,1472599,2025-01-21,House,"House Third Reading",56,11,0,3,70
1910524,1531110,2025-03-31,Senate,"Senate Third Reading",28,5,0,2,35
1910524,1534935,2025-04-02,House,"House Third Reading",58,8,0,4,70
1915898,1477410,2025-01-30,House,"House Third Reading",67,0,0,3,70
1915898,1505416,2025-03-04,Senate,"Senate Third Reading",34,0,0,1,35
1917648,1475117,2025-01-27,Senate,"Senate Third Reading",32,1,0,2,35
1917648,1506855,2025-03-05,House,"House Third Reading",70,0,0,0,70
1918153,1508842,2025-03-07,House,"House Third Reading",69,0,0,1,70
1918153,1520183,2025-03-18,Senate,"Senate Third Reading",35,0,0,0,35
1919987,1473737,2025-01-23,House,"House Third Reading",59,9,0,2,70
1919987,1506965,2025-03-05,Senate,"Senate Third Reading",29,4,0,2,35
1919987,1515384,2025-03-11,House,"House Third Reading",66,3,0,1,70
1920239,1507912,2025-03-06,Senate,"Senate Third Reading",33,2,0,0,35
1920503,1473847,2025-01-23,House,"House Third Reading",68,0,0,2,70
1920503,1477399,2025-01-30,Senate,"Senate Third Reading",34,0,0,1,35
1923470,1476252,2025-01-29,House,"House Third Reading",59,10,0,1,70
1923470,1496417,2025-02-21,Senate,"Senate Third Reading",32,0,0,3,35
1923719,1483450,2025-02-06,Senate,"Senate Third Reading",25,10,0,0,35
1923719,1507630,2025-03-06,House,"House Third Reading",34,30,0,6,70
1923965,1491676,2025-02-17,House,"House Third Reading",62,7,0,1,70
1923965,1516648,2025-03-12,Senate,"Senate Third Reading",14,21,0,0,35
1924091,1473076,2025-01-22,House,"House Third Reading",43,25,0,2,70
1924091,1483316,2025-02-06,Senate,"Senate Third Reading",35,0,0,0,35
1924341,1479321,2025-02-03,House,"House Third Reading",70,0,0,0,70
1924341,1512363,2025-03-10,Senate,"Senate Third Reading",34,0,0,1,35
1926904,1495460,2025-02-20,House,"House Third Reading",66,0,0,4,70
1926904,1506902,2025-03-05,Senate,"Senate Third Reading",33,0,0,2,35
1927010,1496003,2025-02-20,House,"House Third Reading",66,0,0,4,70
1927010,1506559,2025-03-05,Senate,"Senate Third Reading",30,3,0,2,35
1927122,1495453,2025-02-20,House,"House Third Reading",40,25,0,5,70
1927122,1506507,2025-03-05,Senate,"Senate Third Reading",26,7,0,2,35
1927184,1473147,2025-01-22,Senate,"Senate Third Reading",25,9,0,1,35
1927184,1485179,2025-02-10,House,"House Third Reading",54,12,0,4,70
1927343,1474791,2025-01-24,Senate,"Senate Third Reading",32,0,0,3,35
1927343,1507995,2025-03-06,House,"House Third Reading",64,0,0,6,70
1927674,1502341,2025-02-28,Senate,"Senate Third Reading",25,9,0,1,35
1927674,1507935,2025-03-06,House,"House Third Reading",56,10,0,4,70
1928004,1478239,2025-01-31,Senate,"Senate Third Reading",32,0,0,3,35
1928004,1508302,2025-03-06,House,"House Third Reading",64,0,0,6,70
1930233,1506179,2025-03-05,House,"House Third Reading",70,0,0,0,70
1930233,1530129,2025-03-28,Senate,"Senate Third Reading",34,0,0,1,35
1931159,1480283,2025-02-04,Senate,"Senate Third Reading",35,0,0,0,35
1931159,1517968,2025-03-14,House,"House Third Reading",64,2,0,4,70
1931226,1482803,2025-02-05,House,"House Third Reading",68,0,0,2,70
1931226,1505090,2025-03-04,Senate,"Senate Third Reading",34,0,0,1,35
1931261,1496457,2025-02-21,Senate,"Senate Third Reading",26,7,0,2,35
1931261,1519432,2025-03-17,House,"House Third Reading",44,22,0,4,70
1931339,1473653,2025-01-23,House,"House Third Reading",61,7,0,2,70
1931373,1498139,2025-02-24,Senate,"Senate Third Reading",35,0,0,0,35
1931373,1508624,2025-03-07,House,"House Third Reading",68,0,0,2,70
1931415,1496644,2025-02-21,Senate,"Senate Third Reading",33,0,0,2,35
1931415,1517991,2025-03-14,House,"House Third Reading",66,0,0,4,70
1931448,1485545,2025-02-10,House,"House Third Reading",56,13,0,1,70
1931448,1506267,2025-03-05,Senate,"Senate Third Reading",27,6,0,2,35
1931524,1480286,2025-02-04,Senate,"Senate Third Reading",35,0,0,0,35
1931524,1507911,2025-03-06,House,"House Third Reading",63,1,0,6,70
1931561,1478888,2025-02-03,House,"House Third Reading",70,0,0,0,70
1931561,1492038,2025-02-18,Senate,"Senate Third Reading",35,0,0,0,35
1931603,1498189,2025-02-24,Senate,"Senate Third Reading",34,0,0,1,35
1931603,1508773,2025-03-07,House,"House Third Reading",65,3,0,2,70
1931636,1498268,2025-02-24,House,"House Third Reading",67,0,0,3,70
1931636,1512362,2025-03-10,Senate,"Senate Third Reading",35,0,0,0,35
1931674,1476384,2025-01-29,House,"House Third Reading",52,16,0,2,70
1931674,1496428,2025-02-21,Senate,"Senate Third Reading",27,6,0,2,35
1934732,1475188,2025-01-27,House,"House Third Reading",54,16,0,0,70
1934732,1492100,2025-02-18,Senate,"Senate Third Reading",31,4,0,0,35
1934834,1483246,2025-02-06,House,"House Third Reading",69,0,0,1,70
1934834,1505597,2025-03-04,Senate,"Senate Third Reading",34,0,0,1,35
1935034,1478250,2025-01-31,Senate,"Senate Third Reading",32,0,0,3,35
1935133,1483248,2025-02-06,House,"House Third Reading",58,11,0,1,70
1935133,1506637,2025-03-05,Senate,"Senate Third Reading",28,7,0,0,35
1935230,1487766,2025-02-12,House,"House Third Reading",46,23,0,1,70
1935230,1506563,2025-03-05,Senate,"Senate Third Reading",20,13,0,2,35
1935323,1483748,2025-02-06,House,"House Third Reading",69,0,0,1,70
1935323,1509771,2025-03-10,Senate,"Senate Third Reading",34,0,0,1,35
1937219,1490504,2025-02-14,Senate,"Senate Third Reading",6,28,0,1,35
1937273,1475604,2025-01-28,House,"House Third Reading",59,11,0,0,70
1937273,1506564,2025-03-05,Senate,"Senate Third Reading",29,6,0,0,35
1937273,1514492,2025-03-11,House,"House Third Reading",60,10,0,0,70
1937334,1501990,2025-02-26,Senate,"Senate Third Reading",19,14,0,2,35
1937334,1521528,2025-03-19,House,"House Third Reading",47,23,0,0,70
1937389,1477395,2025-01-30,Senate,"Senate Third Reading",34,0,0,1,35
1937389,1508353,2025-03-06,House,"House Third Reading",64,0,0,6,70
1937509,1475548,2025-01-28,House,"House Third Reading",70,0,0,0,70
1937632,1479012,2025-02-03,House,"House Third Reading",63,7,0,0,70
1937632,1504438,2025-03-04,Senate,"Senate Third Reading",27,8,0,0,35
1937684,1486821,2025-02-11,Senate,"Senate Third Reading",34,0,0,1,35
1937684,1519181,2025-03-17,House,"House Third Reading",61,0,0,9,70
1937684,1523942,2025-03-20,Senate,"Senate Third Reading",34,0,0,1,35
1937745,1479249,2025-02-03,House,"House Third Reading",56,14,0,0,70
1937919,1491909,2025-02-18,Senate,"Senate Third Reading",35,0,0,0,35
1937919,1521501,2025-03-19,House,"House Third Reading",63,0,0,7,70
1937980,1476236,2025-01-29,House,"House Third Reading",43,26,0,1,70
1937980,1504976,2025-03-03,Senate,"Senate Third Reading",13,21,0,1,35
1938037,1479919,2025-02-04,Senate,"Senate Third Reading",35,0,0,0,35
1938037,1520235,2025-03-18,House,"House Third Reading",68,1,0,1,70
1939575,1479225,2025-02-03,House,"House Third Reading",70,0,0,0,70
1939575,1486761,2025-02-11,Senate,"Senate Third Reading",34,0,0,1,35
1939614,1495473,2025-02-20,House,"House Third Reading",66,4,0,0,70
1939614,1520082,2025-03-18,Senate,"Senate Third Reading",30,4,0,1,35
1939659,1495621,2025-02-20,House,"House Third Reading",65,2,0,3,70
1939659,1507932,2025-03-06,Senate,"Senate Third Reading",35,0,0,0,35
1939683,1486506,2025-02-11,House,"House Third Reading",58,11,0,1,70
1939683,1509277,2025-03-10,Senate,"Senate Third Reading",28,6,0,1,35
1939683,1517547,2025-03-13,House,"House Third Reading",58,9,0,3,70
1939702,1478717,2025-02-03,House,"House Third Reading",70,0,0,0,70
1939702,1486763,2025-02-11,Senate,"Senate Third Reading",34,0,0,1,35
1939725,1478778,2025-02-03,House,"House Third Reading",68,0,0,2,70
1939725,1486189,2025-02-11,Senate,"Senate Third Reading",34,0,0,1,35
1939752,1491502,2025-02-17,House,"House Third Reading",68,1,0,1,70
1939752,1517457,2025-03-13,Senate,"Senate Third Reading",31,1,0,3,35
1939797,1486523,2025-02-11,House,"House Third Reading",70,0,0,0,70
1939797,1505123,2025-03-04,Senate,"Senate Third Reading",34,0,0,1,35
1939820,1487059,2025-02-11,House,"House Third Reading",70,0,0,0,70
1939820,1505423,2025-03-04,Senate,"Senate Third Reading",34,0,0,1,35
1939841,1483247,2025-02-06,House,"House Third Reading",69,0,0,1,70
1939841,1496287,2025-02-21,Senate,"Senate Third Reading",33,0,0,2,35
1941328,1484934,2025-02-10,Senate,"Senate Third Reading",28,6,0,1,35
1942595,1504843,2025-03-03,Senate,"Senate Third Reading",32,2,0,1,35
1942595,1518620,2025-03-17,House,"House Third Reading",63,4,0,3,70
1942856,1491681,2025-02-17,House,"House Third Reading",69,0,0,1,70
1942856,1507864,2025-03-06,Senate,"Senate Third Reading",35,0,0,0,35
1943843,1491674,2025-02-17,House,"House Third Reading",68,0,0,2,70
1943843,1512201,2025-03-10,Senate,"Senate Third Reading",34,0,0,1,35
1943933,1498427,2025-02-24,Senate,"Senate Third Reading",27,8,0,0,35
1943933,1517970,2025-03-14,House,"House Third Reading",36,29,0,5,70
1944030,1491202,2025-02-17,House,"House Third Reading",68,0,0,2,70
1944030,1512365,2025-03-10,Senate,"Senate Third Reading",34,0,0,1,35
1944102,1496464,2025-02-21,Senate,"Senate Third Reading",33,0,0,2,35
1944102,1519178,2025-03-17,House,"House Third Reading",64,2,0,4,70
1944194,1495518,2025-02-20,House,"House Third Reading",69,0,0,1,70
1944194,1506576,2025-03-05,Senate,"Senate Third Reading",33,0,0,2,35
1944232,1501597,2025-02-26,Senate,"Senate Third Reading",31,0,0,4,35
1944232,1518609,2025-03-17,House,"House Third Reading",65,1,0,4,70
1944264,1492510,2025-02-18,House,"House Third Reading",70,0,0,0,70
1944264,1512194,2025-03-10,Senate,"Senate Third Reading",34,0,0,1,35
1944332,1486279,2025-02-11,Senate,"Senate Third Reading",34,0,0,1,35
1944332,1507635,2025-03-06,House,"House Third Reading",65,0,0,5,70
1944365,1483811,2025-02-06,Senate,"Senate Third Reading",28,7,0,0,35
1944365,1506863,2025-03-05,House,"House Third Reading",54,16,0,0,70
1944462,1483764,2025-02-06,Senate,"Senate Third Reading",27,8,0,0,35
1944462,1506951,2025-03-05,House,"House Third Reading",56,14,0,0,70
1944525,1491363,2025-02-17,House,"House Third Reading",68,0,0,2,70
1944525,1512200,2025-03-10,Senate,"Senate Third Reading",32,1,0,2,35
1946004,1501648,2025-02-26,Senate,"Senate Third Reading",30,4,0,1,35
1946004,1517964,2025-03-14,House,"House Third Reading",58,7,0,5,70
1946084,1481929,2025-02-05,Senate,"Senate Third Reading",35,0,0,0,35
1946084,1518568,2025-03-17,House,"House Third Reading",66,0,0,4,70
1946128,1515376,2025-03-11,House,"House Third Reading",37,33,0,0,70
1946172,1491919,2025-02-18,Senate,"Senate Third Reading",29,6,0,0,35
1946172,1509525,2025-03-10,House,"House Third Reading",65,3,0,2,70
1946216,1487614,2025-02-12,House,"House Third Reading",69,1,0,0,70
1946395,1482442,2025-02-05,House,"House Third Reading",52,17,0,1,70
1946395,1505054,2025-03-04,Senate,"Senate Third Reading",26,9,0,0,35
1946439,1485698,2025-02-10,Senate,"Senate Third Reading",33,0,0,2,35
1946439,1514902,2025-03-11,House,"House Third Reading",68,0,0,2,70
1948282,1496582,2025-02-21,House,"House Third Reading",50,19,0,1,70
1948338,1485666,2025-02-10,House,"House Third Reading",61,9,0,0,70
1948338,1515370,2025-03-11,Senate,"Senate Third Reading",29,6,0,0,35
1948338,1521040,2025-03-19,House,"House Third Reading",61,9,0,0,70
1948406,1495455,2025-02-20,House,"House Third Reading",61,9,0,0,70
1948406,1506523,2025-03-05,Senate,"Senate Third Reading",28,7,0,0,35
1948444,1496005,2025-02-20,House,"House Third Reading",63,5,0,2,70
1948444,1507878,2025-03-06,Senate,"Senate Third Reading",31,4,0,0,35
1948474,1498288,2025-02-24,House,"House Third Reading",65,2,0,3,70
1948474,1512270,2025-03-10,Senate,"Senate Third Reading",30,5,0,0,35
1948543,1492499,2025-02-18,House,"House Third Reading",59,11,0,0,70
1948543,1522947,2025-03-20,Senate,"Senate Third Reading",35,0,0,0,35
1948543,1528430,2025-03-26,House,"House Third Reading",62,8,0,0,70
1948577,1493739,2025-02-19,House,"House Third Reading",46,23,0,1,70
1948614,1487890,2025-02-12,House,"House Third Reading",40,29,0,1,70
1948646,1492416,2025-02-18,House,"House Third Reading",56,14,0,0,70
1948646,1517563,2025-03-13,Senate,"Senate Third Reading",32,0,0,3,35
1948682,1493650,2025-02-19,Senate,"Senate Third Reading",23,12,0,0,35
1948753,1492514,2025-02-18,Senate,"Senate Third Reading",35,0,0,0,35
1948753,1508651,2025-03-07,House,"House Third Reading",67,1,0,2,70
1948787,1483744,2025-02-06,House,"House Third Reading",69,0,0,1,70
1948787,1505468,2025-03-03,Senate,"Senate Third Reading",34,0,0,1,35
1948826,1498212,2025-02-24,Senate,"Senate Third Reading",29,6,0,0,35
1948826,1508637,2025-03-07,House,"House Third Reading",58,10,0,2,70
1948862,1487158,2025-02-11,House,"House Third Reading",70,0,0,0,70
1948862,1517452,2025-03-13,Senate,"Senate Third Reading",32,0,0,3,35
1948897,1484123,2025-02-07,House,"House Third Reading",42,28,0,0,70
1948897,1493569,2025-02-19,Senate,"Senate Third Reading",20,15,0,0,35
1948967,1491929,2025-02-18,House,"House Third Reading",53,17,0,0,70
1948967,1527882,2025-03-26,Senate,"Senate Third Reading",20,11,0,4,35
1948967,1530108,2025-03-28,House,"House Third Reading",54,13,0,3,70
1949007,1493733,2025-02-19,Senate,"Senate Third Reading",35,0,0,0,35
1949007,1509631,2025-03-10,House,"House Third Reading",67,0,0,3,70
1949041,1496731,2025-02-21,House,"House Third Reading",69,0,0,1,70
1949041,1511946,2025-03-10,Senate,"Senate Third Reading",33,1,0,1,35
1949077,1492488,2025-02-18,Senate,"Senate Third Reading",35,0,0,0,35
1949077,1508834,2025-03-07,House,"House Third Reading",68,0,0,2,70
1949974,1496737,2025-02-21,House,"House Third Reading",69,0,0,1,70
1949974,1512199,2025-03-10,Senate,"Senate Third Reading",35,0,0,0,35
1950018,1484077,2025-02-07,House,"House Third Reading",56,13,0,1,70
1950018,1524208,2025-03-21,Senate,"Senate Third Reading",34,0,0,1,35
1950018,1528020,2025-03-26,House,"House Third Reading",68,2,0,0,70
1950104,1486360,2025-02-11,House,"House Third Reading",70,0,0,0,70
1950104,1508366,2025-03-06,Senate,"Senate Third Reading",35,0,0,0,35
1950144,1489184,2025-02-13,House,"House Third Reading",65,2,0,3,70
1950632,1501482,2025-02-27,Senate,"Senate Third Reading",27,8,0,0,35
1950632,1519694,2025-03-18,House,"House Third Reading",63,6,0,1,70
1950736,1496671,2025-02-21,Senate,"Senate Third Reading",32,1,0,2,35
1950736,1517956,2025-03-14,House,"House Third Reading",66,0,0,4,70
1951791,1491625,2025-02-17,House,"House Third Reading",62,8,0,0,70
1951791,1506644,2025-03-05,Senate,"Senate Third Reading",32,1,0,2,35
1951887,1503746,2025-03-03,House,"House Third Reading",38,32,0,0,70
1951887,1527820,2025-03-26,Senate,"Senate Third Reading",25,10,0,0,35
1951887,1531141,2025-03-31,House,"House Third Reading",48,20,0,2,70
1951936,1517781,2025-03-13,House,"House Third Reading",66,0,0,4,70
1951936,1521720,2025-03-19,Senate,"Senate Third Reading",33,0,0,2,35
1952150,1496722,2025-02-21,House,"House Third Reading",69,0,0,1,70
1952150,1512186,2025-03-10,Senate,"Senate Third Reading",34,0,0,1,35
1953987,1491203,2025-02-17,House,"House Third Reading",66,3,0,1,70
1953987,1512279,2025-03-10,Senate,"Senate Third Reading",35,0,0,0,35
1954070,1502393,2025-02-28,Senate,"Senate Third Reading",35,0,0,0,35
1954100,1493693,2025-02-19,House,"House Third Reading",38,32,0,0,70
1954129,1491204,2025-02-17,House,"House Third Reading",68,0,0,2,70
1954129,1506586,2025-03-05,Senate,"Senate Third Reading",33,0,0,2,35
1954159,1498356,2025-02-24,Senate,"Senate Third Reading",35,0,0,0,35
1954159,1517957,2025-03-14,House,"House Third Reading",64,1,0,5,70
1954252,1500340,2025-02-26,House,"House Third Reading",67,0,0,3,70
1954252,1509509,2025-03-10,Senate,"Senate Third Reading",34,0,0,1,35
1954281,1519169,2025-03-17,House,"House Third Reading",46,22,0,2,70
1954281,1532746,2025-04-01,Senate,"Senate Third Reading",26,9,0,0,35
1954376,1500809,2025-02-26,Senate,"Senate Third Reading",35,0,0,0,35
1954376,1522069,2025-03-19,House,"House Third Reading",68,0,0,2,70
1954406,1509569,2025-03-10,House,"House Third Reading",67,0,0,3,70
1954406,1522930,2025-03-20,Senate,"Senate Third Reading",32,3,0,0,35
1954406,1527851,2025-03-26,House,"House Third Reading",52,18,0,0,70
1954439,1495462,2025-02-20,House,"House Third Reading",47,21,0,2,70
1954468,1496585,2025-02-21,House,"House Third Reading",68,0,0,2,70
1954468,1511890,2025-03-10,Senate,"Senate Third Reading",34,0,0,1,35
1954494,1496367,2025-02-21,House,"House Third Reading",62,7,0,1,70
1954494,1507650,2025-03-06,Senate,"Senate Third Reading",35,0,0,0,35
1954657,1498199,2025-02-24,House,"House Third Reading",62,6,0,2,70
1954657,1519034,2025-03-17,Senate,"Senate Third Reading",25,10,0,0,35
1954752,1500579,2025-02-26,House,"House Third Reading",64,3,0,3,70
1954752,1512431,2025-03-10,Senate,"Senate Third Reading",35,0,0,0,35
1954785,1505120,2025-03-03,Senate,"Senate Third Reading",21,13,0,1,35
1954785,1519054,2025-03-17,House,"House Third Reading",36,30,0,4,70
1954814,1491679,2025-02-17,House,"House Third Reading",44,26,0,0,70
1954905,1502388,2025-02-28,House,"House Third Reading",53,17,0,0,70
1954936,1498445,2025-02-24,House,"House Third Reading",39,28,0,3,70
1954936,1532914,2025-04-01,Senate,"Senate Third Reading",30,2,0,3,35
1954936,1537328,2025-04-03,House,"House Third Reading",58,11,0,1,70
1954966,1503567,2025-03-03,House,"House Third Reading",66,4,0,0,70
1954966,1522834,2025-03-20,Senate,"Senate Third Reading",28,7,0,0,35
1956596,1495451,2025-02-20,House,"House Third Reading",67,0,0,3,70
1956596,1511825,2025-03-10,Senate,"Senate Third Reading",34,0,0,1,35
1956651,1488477,2025-02-12,House,"House Third Reading",70,0,0,0,70
1956651,1507824,2025-03-06,Senate,"Senate Third Reading",35,0,0,0,35
1956782,1495677,2025-02-20,House,"House Third Reading",29,39,0,2,70
1956844,1500801,2025-02-26,Senate,"Senate Third Reading",32,3,0,0,35
1956844,1517973,2025-03-14,House,"House Third Reading",65,0,0,5,70
1956971,1485573,2025-02-10,Senate,"Senate Third Reading",23,10,0,2,35
1956971,1508907,2025-03-06,House,"House Third Reading",51,16,0,3,70
1957034,1496450,2025-02-21,Senate,"Senate Third Reading",32,1,0,2,35
1957034,1512179,2025-03-10,House,"House Third Reading",67,0,0,3,70
1957291,1496449,2025-02-21,House,"House Third Reading",63,5,0,2,70
1957291,1533342,2025-04-01,Senate,"Senate Third Reading",29,5,0,1,35
1957356,1500311,2025-02-26,House,"House Third Reading",55,10,0,5,70
1957356,1516255,2025-03-12,Senate,"Senate Third Reading",18,15,0,2,35
1957356,1519066,2025-03-17,House,"House Third Reading",52,11,0,7,70
1959266,1508830,2025-03-07,House,"House Third Reading",34,34,0,2,70
1959338,1499317,2025-02-25,Senate,"Senate Third Reading",34,0,0,1,35
1959338,1517962,2025-03-14,House,"House Third Reading",65,0,0,5,70
1959371,1522669,2025-03-20,Senate,"Senate Third Reading",34,0,0,1,35
1959407,1499323,2025-02-25,House,"House Third Reading",69,0,0,1,70
1959407,1512008,2025-03-10,Senate,"Senate Third Reading",35,0,0,0,35
1959447,1502400,2025-02-28,House,"House Third Reading",68,0,0,2,70
1959447,1518480,2025-03-17,Senate,"Senate Third Reading",35,0,0,0,35
1959480,1496128,2025-02-20,House,"House Third Reading",36,32,0,2,70
1959514,1486946,2025-02-11,House,"House Third Reading",70,0,0,0,70
1959624,1498178,2025-02-24,House,"House Third Reading",55,12,0,3,70
1959624,1509492,2025-03-10,Senate,"Senate Third Reading",26,9,0,0,35
1959800,1495872,2025-02-20,House,"House Third Reading",67,0,0,3,70
1959800,1507874,2025-03-06,Senate,"Senate Third Reading",35,0,0,0,35
1959837,1496727,2025-02-21,House,"House Third Reading",68,0,0,2,70
1959837,1512202,2025-03-10,Senate,"Senate Third Reading",34,0,0,1,35
1959875,1502375,2025-02-28,House,"House Third Reading",68,0,0,2,70
1959875,1524205,2025-03-21,Senate,"Senate Third Reading",34,0,0,1,35
1959875,1528024,2025-03-26,House,"House Third Reading",70,0,0,0,70
1959948,1498510,2025-02-24,Senate,"Senate Third Reading",23,12,0,0,35
1960017,1499628,2025-02-25,House,"House Third Reading",69,0,0,1,70
1960017,1520196,2025-03-18,Senate,"Senate Third Reading",35,0,0,0,35
1960052,1495779,2025-02-20,House,"House Third Reading",68,1,0,1,70
1960052,1517435,2025-03-13,Senate,"Senate Third Reading",35,0,0,0,35
1960160,1491879,2025-02-18,House,"House Third Reading",34,35,0,1,70
1960230,1498428,2025-02-24,House,"House Third Reading",64,0,0,6,70
1960230,1512229,2025-03-10,Senate,"Senate Third Reading",35,0,0,0,35
1960294,1492505,2025-02-18,House,"House Third Reading",57,13,0,0,70
1960294,1518678,2025-03-17,Senate,"Senate Third Reading",28,7,0,0,35
1961912,1500302,2025-02-26,Senate,"Senate Third Reading",24,11,0,0,35
1962191,1509519,2025-03-10,Senate,"Senate Third Reading",27,6,0,2,35
1962232,1489828,2025-02-13,House,"House Third Reading",67,0,0,3,70
1962232,1505342,2025-03-04,Senate,"Senate Third Reading",34,0,0,1,35
1962273,1500411,2025-02-26,House,"House Third Reading",39,29,0,2,70
1962273,1518585,2025-03-17,Senate,"Senate Third Reading",24,11,0,0,35
1962351,1499638,2025-02-25,Senate,"Senate Third Reading",25,9,0,1,35
1962351,1525669,2025-03-24,House,"House Third Reading",67,0,0,3,70
1962351,1529358,2025-03-27,Senate,"Senate Third Reading",34,0,0,1,35
1962393,1499489,2025-02-25,House,"House Third Reading",66,3,0,1,70
1962393,1517608,2025-03-13,Senate,"Senate Third Reading",35,0,0,0,35
1962433,1496490,2025-02-21,House,"House Third Reading",68,1,0,1,70
1962433,1526377,2025-03-25,Senate,"Senate Third Reading",35,0,0,0,35
1962433,1528033,2025-03-26,House,"House Third Reading",64,2,0,4,70
1962470,1500578,2025-02-26,House,"House Third Reading",35,33,0,2,70
1962470,1525665,2025-03-24,Senate,"Senate Third Reading",20,15,0,0,35
1962508,1496580,2025-02-21,House,"House Third Reading",68,0,0,2,70
1962550,1502397,2025-02-28,House,"House Third Reading",67,0,0,3,70
1962550,1517436,2025-03-13,Senate,"Senate Third Reading",35,0,0,0,35
1962634,1498505,2025-02-24,Senate,"Senate Third Reading",22,13,0,0,35
1962634,1514666,2025-03-11,House,"House Third Reading",40,30,0,0,70
1962676,1500564,2025-02-26,House,"House Third Reading",67,0,0,3,70
1962676,1519142,2025-03-17,Senate,"Senate Third Reading",33,1,0,1,35
1962751,1502372,2025-02-28,Senate,"Senate Third Reading",18,15,0,2,35
1962751,1532614,2025-03-31,House,"House Third Reading",23,44,0,3,70
1963652,1496372,2025-02-21,House,"House Third Reading",67,1,0,2,70
1963652,1512075,2025-03-10,Senate,"Senate Third Reading",32,2,0,1,35
1963679,1498209,2025-02-24,House,"House Third Reading",64,0,0,6,70
1963679,1517595,2025-03-13,Senate,"Senate Third Reading",35,0,0,0,35
1963694,1502374,2025-02-28,Senate,"Senate Third Reading",35,0,0,0,35
1963694,1532725,2025-03-31,House,"House Third Reading",60,8,0,2,70
1963785,1498422,2025-02-24,House,"House Third Reading",62,1,0,7,70
1963785,1512245,2025-03-10,Senate,"Senate Third Reading",35,0,0,0,35
1963813,1496723,2025-02-21,House,"House Third Reading",61,8,0,1,70
1963813,1518581,2025-03-17,Senate,"Senate Third Reading",29,6,0,0,35
1963841,1496014,2025-02-20,House,"House Third Reading",68,0,0,2,70
1963841,1522920,2025-03-20,Senate,"Senate Third Reading",35,0,0,0,35
1963841,1528006,2025-03-26,House,"House Third Reading",69,0,0,1,70
1963944,1516422,2025-03-12,House,"House Third Reading",27,42,0,1,70
1964002,1504008,2025-03-03,House,"House Third Reading",70,0,0,0,70
1964002,1519285,2025-03-17,Senate,"Senate Third Reading",35,0,0,0,35
1964033,1516282,2025-03-12,House,"House Third Reading",26,44,0,0,70
1964045,1491118,2025-02-17,House,"House Third Reading",69,0,0,1,70
1964045,1507869,2025-03-06,Senate,"Senate Third Reading",34,1,0,0,35
1964058,1498522,2025-02-24,House,"House Third Reading",65,2,0,3,70
1964058,1533289,2025-04-01,Senate,"Senate Third Reading",24,9,0,2,35
1964058,1536653,2025-04-03,House,"House Third Reading",48,20,0,2,70
1964072,1498343,2025-02-24,House,"House Third Reading",47,18,0,5,70
1964072,1517454,2025-03-13,Senate,"Senate Third Reading",24,8,0,3,35
1964125,1505347,2025-03-03,Senate,"Senate Third Reading",34,0,0,1,35
1964125,1517955,2025-03-14,House,"House Third Reading",65,0,0,5,70
1964139,1502100,2025-02-27,Senate,"Senate Third Reading",35,0,0,0,35
1964155,1499333,2025-02-25,Senate,"Senate Third Reading",35,0,0,0,35
1964155,1517969,2025-03-14,House,"House Third Reading",66,0,0,4,70
1964170,1502103,2025-02-27,Senate,"Senate Third Reading",25,10,0,0,35
1964170,1520217,2025-03-18,House,"House Third Reading",60,10,0,0,70
1964183,1501598,2025-02-26,Senate,"Senate Third Reading",35,0,0,0,35
1964200,1520493,2025-03-18,Senate,"Senate Third Reading",20,15,0,0,35
1964235,1498227,2025-02-24,Senate,"Senate Third Reading",35,0,0,0,35
1964235,1521386,2025-03-19,House,"House Third Reading",67,1,0,2,70
1964248,1501935,2025-02-26,Senate,"Senate Third Reading",14,21,0,0,35
1964295,1502389,2025-02-28,Senate,"Senate Third Reading",35,0,0,0,35
1964295,1509529,2025-03-10,House,"House Third Reading",62,5,0,3,70
1964311,1500640,2025-02-26,Senate,"Senate Third Reading",25,10,0,0,35
1964311,1511983,2025-03-10,House,"House Third Reading",60,6,0,4,70
1964324,1506647,2025-03-05,Senate,"Senate Third Reading",32,1,0,2,35
1964324,1517986,2025-03-14,House,"House Third Reading",63,2,0,5,70
1964338,1500799,2025-02-26,Senate,"Senate Third Reading",31,4,0,0,35
1964373,1505107,2025-03-03,Senate,"Senate Third Reading",34,0,0,1,35
1964373,1519185,2025-03-17,House,"House Third Reading",66,0,0,4,70
1964391,1502003,2025-02-26,Senate,"Senate Third Reading",35,0,0,0,35
1964391,1517960,2025-03-14,House,"House Third Reading",65,0,0,5,70
1964418,1499309,2025-02-25,Senate,"Senate Third Reading",18,16,0,1,35
1964434,1501535,2025-02-27,Senate,"Senate Third Reading",35,0,0,0,35
1964448,1501964,2025-02-26,Senate,"Senate Third Reading",19,16,0,0,35
1964448,1528008,2025-03-26,House,"House Third Reading",28,42,0,0,70
1965064,1496380,2025-02-21,House,"House Third Reading",69,0,0,1,70
1965064,1517799,2025-03-13,Senate,"Senate Third Reading",30,1,0,4,35
1965129,1500600,2025-02-26,House,"House Third Reading",52,16,0,2,70
1965129,1512176,2025-03-10,Senate,"Senate Third Reading",31,3,0,1,35
1965172,1498106,2025-02-24,House,"House Third Reading",43,24,0,3,70
1965172,1520663,2025-03-18,Senate,"Senate Third Reading",35,0,0,0,35
1965196,1487466,2025-02-12,House,"House Third Reading",69,0,0,1,70
1965218,1511969,2025-03-10,House,"House Third Reading",69,0,0,1,70
1965218,1521705,2025-03-19,Senate,"Senate Third Reading",33,0,0,2,35
1965241,1500127,2025-02-26,House,"House Third Reading",53,15,0,2,70
1965241,1511801,2025-03-10,Senate,"Senate Third Reading",31,3,0,1,35
1965329,1500307,2025-02-26,House,"House Third Reading",64,3,0,3,70
1965329,1509498,2025-03-10,Senate,"Senate Third Reading",35,0,0,0,35
1965353,1498419,2025-02-24,House,"House Third Reading",60,7,0,3,70
1965353,1533364,2025-04-01,Senate,"Senate Third Reading",27,6,0,2,35
1965370,1506953,2025-03-05,House,"House Third Reading",36,33,0,1,70
1967048,1492216,2025-02-18,House,"House Third Reading",70,0,0,0,70
1967048,1512193,2025-03-10,Senate,"Senate Third Reading",34,0,0,1,35
1967192,1498528,2025-02-24,House,"House Third Reading",62,5,0,3,70
1967342,1499635,2025-02-25,House,"House Third Reading",69,0,0,1,70
1967342,1517423,2025-03-13,Senate,"Senate Third Reading",35,0,0,0,35
1967419,1498184,2025-02-24,Senate,"Senate Third Reading",34,0,0,1,35
1967419,1509308,2025-03-10,House,"House Third Reading",67,0,0,3,70
1967490,1509535,2025-03-10,House,"House Third Reading",69,0,0,1,70
1967490,1521515,2025-03-19,Senate,"Senate Third Reading",33,0,0,2,35
1969072,1508896,2025-03-06,House,"House Third Reading",64,1,0,5,70
1969174,1500165,2025-02-26,Senate,"Senate Third Reading",28,7,0,0,35
1969276,1502356,2025-02-28,House,"House Third Reading",68,0,0,2,70
1969276,1517447,2025-03-13,Senate,"Senate Third Reading",32,0,0,3,35
1969378,1490602,2025-02-14,House,"House Third Reading",61,6,0,3,70
1969378,1506569,2025-03-05,Senate,"Senate Third Reading",30,3,0,2,35
1969483,1497888,2025-02-24,House,"House Third Reading",65,0,0,5,70
1969483,1511679,2025-03-10,Senate,"Senate Third Reading",35,0,0,0,35
1969697,1508712,2025-03-06,Senate,"Senate Third Reading",29,6,0,0,35
1969697,1516353,2025-03-12,House,"House Third Reading",62,4,0,4,70
1969803,1498007,2025-02-24,House,"House Third Reading",55,10,0,5,70
1971023,1503712,2025-03-03,House,"House Third Reading",58,12,0,0,70
1971023,1526359,2025-03-25,Senate,"Senate Third Reading",29,6,0,0,35
1971023,1527846,2025-03-26,House,"House Third Reading",56,10,0,4,70
1971033,1496008,2025-02-20,House,"House Third Reading",65,1,0,4,70
1971033,1506970,2025-03-05,Senate,"Senate Third Reading",33,0,0,2,35
1971047,1498349,2025-02-24,Senate,"Senate Third Reading",30,4,0,1,35
1971047,1522898,2025-03-20,House,"House Third Reading",63,7,0,0,70
1971097,1495448,2025-02-20,House,"House Third Reading",66,2,0,2,70
1971097,1522926,2025-03-20,Senate,"Senate Third Reading",35,0,0,0,35
1971117,1512425,2025-03-10,House,"House Third Reading",66,0,0,4,70
1971117,1522914,2025-03-20,Senate,"Senate Third Reading",35,0,0,0,35
1971149,1503592,2025-03-03,House,"House Third Reading",41,29,0,0,70
1971149,1532841,2025-04-01,Senate,"Senate Third Reading",25,9,0,1,35
1971149,1536751,2025-04-03,House,"House Third Reading",45,24,0,1,70
1971168,1498020,2025-02-24,House,"House Third Reading",61,0,0,9,70
1971168,1522943,2025-03-20,Senate,"Senate Third Reading",35,0,0,0,35
1971168,1528043,2025-03-26,House,"House Third Reading",69,1,0,0,70
1971190,1502353,2025-02-28,House,"House Third Reading",68,0,0,2,70
1971190,1512165,2025-03-10,Senate,"Senate Third Reading",35,0,0,0,35
1971203,1496001,2025-02-20,House,"House Third Reading",66,1,0,3,70
1971203,1536660,2025-04-03,Senate,"Senate Third Reading",33,0,0,2,35
1971224,1498411,2025-02-24,Senate,"Senate Third Reading",34,0,0,1,35
1971224,1508667,2025-03-07,House,"House Third Reading",67,1,0,2,70
1971240,1501655,2025-02-27,House,"House Third Reading",54,15,0,1,70
1971240,1517990,2025-03-14,Senate,"Senate Third Reading",25,10,0,0,35
1971240,1521407,2025-03-19,House,"House Third Reading",55,7,0,8,70
1971276,1499312,2025-02-25,House,"House Third Reading",53,17,0,0,70
1971276,1517421,2025-03-13,Senate,"Senate Third Reading",21,14,0,0,35
1971294,1498504,2025-02-24,Senate,"Senate Third Reading",34,0,0,1,35
1971294,1525660,2025-03-24,House,"House Third Reading",65,5,0,0,70
1971330,1504827,2025-03-04,House,"House Third Reading",55,15,0,0,70
1971330,1522226,2025-03-19,Senate,"Senate Third Reading",26,6,0,3,35
1971369,1514591,2025-03-11,Senate,"Senate Third Reading",19,16,0,0,35
1971402,1500715,2025-02-26,Senate,"Senate Third Reading",33,0,0,2,35
1971402,1508633,2025-03-07,House,"House Third Reading",67,1,0,2,70
1971418,1496132,2025-02-20,House,"House Third Reading",67,0,0,3,70
1971418,1506950,2025-03-05,Senate,"Senate Third Reading",33,0,0,2,35
1971437,1498147,2025-02-24,Senate,"Senate Third Reading",34,0,0,1,35
1971437,1509516,2025-03-10,House,"House Third Reading",62,6,0,2,70
1971474,1496133,2025-02-20,House,"House Third Reading",65,2,0,3,70
1971474,1506908,2025-03-05,Senate,"Senate Third Reading",31,1,0,3,35
1971510,1502382,2025-02-28,House,"House Third Reading",57,11,0,2,70
1971510,1525662,2025-03-24,Senate,"Senate Third Reading",26,8,0,1,35
1973456,1503503,2025-03-03,House,"House Third Reading",28,42,0,0,70
1973551,1502828,2025-02-28,House,"House Third Reading",59,8,0,3,70
1973551,1524965,2025-03-24,Senate,"Senate Third Reading",28,6,0,1,35
1973567,1505249,2025-03-04,Senate,"Senate Third Reading",34,0,0,1,35
1973567,1524217,2025-03-21,House,"House Third Reading",69,0,0,1,70
1973594,1504044,2025-03-03,House,"House Third Reading",45,24,0,1,70
1973594,1528070,2025-03-26,Senate,"Senate Third Reading",24,10,0,1,35
1973594,1531058,2025-03-31,House,"House Third Reading",50,20,0,0,70
1973640,1504033,2025-03-03,House,"House Third Reading",61,9,0,0,70
1973640,1522936,2025-03-20,Senate,"Senate Third Reading",35,0,0,0,35
1973841,1502564,2025-02-28,House,"House Third Reading",68,0,0,2,70
1973841,1526041,2025-03-25,Senate,"Senate Third Reading",35,0,0,0,35
1973864,1503821,2025-02-28,House,"House Third Reading",61,9,0,0,70
1973864,1527870,2025-03-26,Senate,"Senate Third Reading",27,6,0,2,35
1973864,1530111,2025-03-28,House,"House Third Reading",59,9,0,2,70
1973875,1508061,2025-03-06,House,"House Third Reading",64,0,0,6,70
1973875,1523937,2025-03-20,Senate,"Senate Third Reading",34,0,0,1,35
1973875,1527996,2025-03-26,House,"House Third Reading",70,0,0,0,70
1975247,1502379,2025-02-28,House,"House Third Reading",37,31,0,2,70
1975247,1517552,2025-03-13,Senate,"Senate Third Reading",19,12,0,4,35
1975287,1501723,2025-02-27,Senate,"Senate Third Reading",35,0,0,0,35
1975287,1517979,2025-03-14,House,"House Third Reading",65,0,0,5,70
1975333,1501767,2025-02-27,Senate,"Senate Third Reading",35,0,0,0,35
1975333,1535848,2025-04-02,House,"House Third Reading",66,0,0,4,70
1975425,1502437,2025-02-28,House,"House Third Reading",66,2,0,2,70
1975425,1517606,2025-03-13,Senate,"Senate Third Reading",28,3,0,4,35
1975472,1504021,2025-03-03,House,"House Third Reading",70,0,0,0,70
1975472,1518543,2025-03-17,Senate,"Senate Third Reading",35,0,0,0,35
1975605,1502659,2025-02-28,House,"House Third Reading",68,0,0,2,70
1975605,1521699,2025-03-19,Senate,"Senate Third Reading",33,1,0,1,35
1977176,1504124,2025-03-03,House,"House Third Reading",55,15,0,0,70
1977176,1521735,2025-03-19,Senate,"Senate Third Reading",29,4,0,2,35
1977213,1506054,2025-03-05,Senate,"Senate Third Reading",33,0,0,2,35
1977213,1522067,2025-03-19,House,"House Third Reading",66,0,0,4,70
1977312,1503952,2025-03-03,House,"House Third Reading",44,26,0,0,70
1977312,1519287,2025-03-17,Senate,"Senate Third Reading",27,8,0,0,35
1977351,1516587,2025-03-12,House,"House Third Reading",36,34,0,0,70
1977351,1526246,2025-03-25,Senate,"Senate Third Reading",17,18,0,0,35
1977417,1504068,2025-03-03,House,"House Third Reading",61,9,0,0,70
1977417,1522948,2025-03-20,Senate,"Senate Third Reading",35,0,0,0,35
1977417,1528037,2025-03-26,House,"House Third Reading",70,0,0,0,70
1977597,1502746,2025-02-28,House,"House Third Reading",67,0,0,3,70
1977597,1517448,2025-03-13,Senate,"Senate Third Reading",32,0,0,3,35
1977665,1508299,2025-03-06,House,"House Third Reading",69,0,0,1,70
1977665,1521689,2025-03-19,Senate,"Senate Third Reading",33,0,0,2,35
1977738,1506825,2025-03-05,House,"House Third Reading",49,21,0,0,70
1977738,1520194,2025-03-18,Senate,"Senate Third Reading",23,11,0,1,35
1979337,1500576,2025-02-26,House,"House Third Reading",67,0,0,3,70
1979337,1512150,2025-03-10,Senate,"Senate Third Reading",35,0,0,0,35
1979361,1505581,2025-03-04,House,"House Third Reading",68,0,0,2,70
1979361,1519137,2025-03-17,Senate,"Senate Third Reading",35,0,0,0,35
1979489,1504010,2025-03-03,House,"House Third Reading",27,43,0,0,70
1979512,1534959,2025-04-02,Senate,"Senate Third Reading",29,6,0,0,35
1979546,1502720,2025-02-28,Senate,"Senate Third Reading",33,0,0,2,35
1979546,1512018,2025-03-10,House,"House Third Reading",66,0,0,4,70
1979596,1514574,2025-03-11,Senate,"Senate Third Reading",16,19,0,0,35
1979620,1503998,2025-03-03,House,"House Third Reading",70,0,0,0,70
1979620,1517445,2025-03-13,Senate,"Senate Third Reading",28,2,0,5,35
1979646,1504620,2025-03-04,House,"House Third Reading",69,1,0,0,70
1979646,1518518,2025-03-17,Senate,"Senate Third Reading",35,0,0,0,35
1979700,1505543,2025-03-04,House,"House Third Reading",44,26,0,0,70
1979746,1499572,2025-02-25,Senate,"Senate Third Reading",27,7,0,1,35
1981170,1505578,2025-03-04,Senate,"Senate Third Reading",27,7,0,1,35
1981170,1519188,2025-03-17,House,"House Third Reading",61,0,0,9,70
1981170,1522963,2025-03-20,Senate,"Senate Third Reading",29,3,0,3,35
1981312,1509764,2025-03-10,House,"House Third Reading",66,0,0,4,70
1981312,1522903,2025-03-20,Senate,"Senate Third Reading",35,0,0,0,35
1981382,1504656,2025-03-03,Senate,"Senate Third Reading",24,10,0,1,35
1981425,1506752,2025-03-05,House,"House Third Reading",67,3,0,0,70
1981425,1522245,2025-03-19,Senate,"Senate Third Reading",27,6,0,2,35
1981605,1508625,2025-03-07,House,"House Third Reading",60,8,0,2,70
1981639,1509538,2025-03-10,House,"House Third Reading",23,43,0,4,70
1981675,1503571,2025-03-03,House,"House Third Reading",70,0,0,0,70
1981675,1518588,2025-03-17,Senate,"Senate Third Reading",35,0,0,0,35
1982869,1502366,2025-02-28,House,"House Third Reading",68,0,0,2,70
1982869,1520199,2025-03-18,Senate,"Senate Third Reading",35,0,0,0,35
1982931,1507612,2025-03-06,House,"House Third Reading",61,7,0,2,70
1982931,1520157,2025-03-18,Senate,"Senate Third Reading",31,3,0,1,35
1983122,1517433,2025-03-13,House,"House Third Reading",64,3,0,3,70
1983122,1526291,2025-03-25,Senate,"Senate Third Reading",35,0,0,0,35
1983250,1506912,2025-03-05,House,"House Third Reading",66,0,0,4,70
1983250,1518626,2025-03-17,Senate,"Senate Third Reading",30,4,0,1,35
1983316,1503945,2025-03-03,House,"House Third Reading",70,0,0,0,70
1983316,1520207,2025-03-18,Senate,"Senate Third Reading",35,0,0,0,35
1983378,1506862,2025-03-05,House,"House Third Reading",67,3,0,0,70
1983378,1520192,2025-03-18,Senate,"Senate Third Reading",29,6,0,0,35
1983565,1503970,2025-03-03,House,"House Third Reading",57,13,0,0,70
1983565,1524157,2025-03-21,Senate,"Senate Third Reading",26,8,0,1,35
1983835,1502800,2025-02-28,Senate,"Senate Third Reading",21,12,0,2,35
1983835,1525670,2025-03-24,House,"House Third Reading",45,23,0,2,70
1983841,1505108,2025-03-04,Senate,"Senate Third Reading",23,11,0,1,35
1983841,1514624,2025-03-11,House,"House Third Reading",35,33,0,2,70
1983847,1502371,2025-02-28,Senate,"Senate Third Reading",33,0,0,2,35
1983847,1525664,2025-03-24,House,"House Third Reading",59,8,0,3,70
1984522,1508294,2025-03-06,House,"House Third Reading",55,7,0,8,70
1984630,1508236,2025-03-06,House,"House Third Reading",49,21,0,0,70
1984630,1517438,2025-03-13,Senate,"Senate Third Reading",22,13,0,0,35
1984736,1508075,2025-03-06,House,"House Third Reading",62,0,0,8,70
1984847,1506791,2025-03-05,House,"House Third Reading",67,3,0,0,70
1984847,1521698,2025-03-19,Senate,"Senate Third Reading",29,4,0,2,35
1985172,1517965,2025-03-14,Senate,"Senate Third Reading",27,7,0,1,35
1985172,1527165,2025-03-25,House,"House Third Reading",50,18,0,2,70
1985390,1506737,2025-03-05,House,"House Third Reading",50,20,0,0,70
1985390,1517439,2025-03-13,Senate,"Senate Third Reading",27,8,0,0,35
1987082,1509733,2025-03-10,House,"House Third Reading",64,5,0,1,70
1987082,1531006,2025-03-31,Senate,"Senate Third Reading",27,7,0,1,35
1987082,1534471,2025-04-02,House,"House Third Reading",55,10,0,5,70
1987167,1506966,2025-03-05,House,"House Third Reading",70,0,0,0,70
1987167,1521642,2025-03-19,Senate,"Senate Third Reading",34,0,0,1,35
1987599,1504007,2025-03-03,House,"House Third Reading",65,1,0,4,70
1987599,1508242,2025-03-06,Senate,"Senate Third Reading",34,1,0,0,35
1988562,1506974,2025-03-05,House,"House Third Reading",43,27,0,0,70
1988562,1517443,2025-03-13,Senate,"Senate Third Reading",23,12,0,0,35
1988636,1506927,2025-03-05,House,"House Third Reading",48,22,0,0,70
1988636,1517441,2025-03-13,Senate,"Senate Third Reading",22,13,0,0,35
1988711,1506354,2025-03-05,House,"House Third Reading",58,10,0,2,70
1988711,1515095,2025-03-11,Senate,"Senate Third Reading",29,6,0,0,35
1988785,1508706,2025-03-06,Senate,"Senate Third Reading",27,7,0,1,35
1988785,1517961,2025-03-14,House,"House Third Reading",60,7,0,3,70
1988933,1508704,2025-03-06,Senate,"Senate Third Reading",22,13,0,0,35
1988933,1516196,2025-03-12,House,"House Third Reading",29,37,0,4,70
1989005,1507931,2025-03-06,House,"House Third Reading",61,9,0,0,70
1989005,1514742,2025-03-11,Senate,"Senate Third Reading",29,6,0,0,35
1989601,1512006,2025-03-10,House,"House Third Reading",69,0,0,1,70
1989601,1521675,2025-03-19,Senate,"Senate Third Reading",34,0,0,1,35
1989756,1508831,2025-03-07,House,"House Third Reading",58,11,0,1,70
1989756,1526329,2025-03-25,Senate,"Senate Third Reading",29,6,0,0,35
1989844,1508636,2025-03-07,House,"House Third Reading",56,13,0,1,70
1990116,1516659,2025-03-12,Senate,"Senate Third Reading",31,3,0,1,35
1990116,1530466,2025-03-28,House,"House Third Reading",63,0,0,7,70
1990123,1516351,2025-03-12,House,"House Third Reading",69,0,0,1,70
1990123,1521656,2025-03-19,Senate,"Senate Third Reading",33,0,0,2,35
1990133,1516301,2025-03-12,Senate,"Senate Third Reading",33,1,0,1,35
1990133,1524979,2025-03-24,House,"House Third Reading",58,9,0,3,70
1990152,1516646,2025-03-12,Senate,"Senate Third Reading",22,13,0,0,35
1990158,1522901,2025-03-20,House,"House Third Reading",39,31,0,0,70
1990165,1525559,2025-03-24,Senate,"Senate Third Reading",26,7,0,2,35
1990165,1529437,2025-03-27,House,"House Third Reading",58,10,0,2,70
1990182,1529457,2025-03-27,Senate,"Senate Third Reading",32,3,0,0,35
1990182,1536679,2025-04-03,House,"House Third Reading",56,13,0,1,70
1990182,1537274,2025-04-04,Senate,"Senate Third Reading",33,0,0,2,35
1990192,1517346,2025-03-13,House,"House Third Reading",66,0,0,4,70
1990192,1525690,2025-03-24,Senate,"Senate Third Reading",35,0,0,0,35
1990198,1515391,2025-03-11,Senate,"Senate Third Reading",34,0,0,1,35
1990198,1522104,2025-03-19,House,"House Third Reading",49,15,0,6,70
1990209,1518113,2025-03-14,House,"House Third Reading",57,9,0,4,70
1990209,1537261,2025-04-03,Senate,"Senate Third Reading",30,2,0,3,35
1990209,1537797,2025-04-04,House,"House Third Reading",64,0,0,6,70
1990216,1520222,2025-03-18,House,"House Third Reading",49,20,0,1,70
1990216,1536139,2025-04-02,Senate,"Senate Third Reading",35,0,0,0,35
1990216,1537258,2025-04-03,House,"House Third Reading",65,4,0,1,70
1990225,1518096,2025-03-14,Senate,"Senate Third Reading",27,8,0,0,35
1990225,1527078,2025-03-25,House,"House Third Reading",59,10,0,1,70
1990232,1511610,2025-03-10,Senate,"Senate Third Reading",22,13,0,0,35
1990232,1518001,2025-03-14,House,"House Third Reading",38,28,0,4,70
1990245,1506937,2025-03-05,House,"House Third Reading",66,0,0,4,70
1990252,1515292,2025-03-11,Senate,"Senate Third Reading",19,15,0,1,35
1990252,1525657,2025-03-24,House,"House Third Reading",35,30,0,5,70
1990258,1506697,2025-03-05,House,"House Third Reading",61,6,0,3,70
1990258,1528419,2025-03-26,Senate,"Senate Third Reading",28,7,0,0,35
1990258,1532698,2025-03-31,House,"House Third Reading",61,8,0,1,70
1990275,1515325,2025-03-11,Senate,"Senate Third Reading",14,21,0,0,35
1990291,1525557,2025-03-24,Senate,"Senate Third Reading",28,6,0,1,35
1990291,1529707,2025-03-27,House,"House Third Reading",59,9,0,2,70
1990296,1517966,2025-03-14,Senate,"Senate Third Reading",32,3,0,0,35
1990296,1530301,2025-03-28,House,"House Third Reading",68,0,0,2,70
1991240,1515396,2025-03-11,House,"House Third Reading",43,27,0,0,70
1991271,1515375,2025-03-11,Senate,"Senate Third Reading",8,26,0,1,35
1991296,1515389,2025-03-11,House,"House Third Reading",60,9,0,1,70
1991327,1514272,2025-03-11,Senate,"Senate Third Reading",18,16,0,1,35
1991327,1525652,2025-03-24,House,"House Third Reading",25,44,0,1,70
1991380,1509413,2025-03-10,House,"House Third Reading",43,23,0,4,70
1992722,1518092,2025-03-14,Senate,"Senate Third Reading",35,0,0,0,35
1992722,1536091,2025-04-02,House,"House Third Reading",65,0,0,5,70
1992777,1515382,2025-03-11,Senate,"Senate Third Reading",24,11,0,0,35
1992777,1522870,2025-03-20,House,"House Third Reading",30,40,0,0,70
1992832,1516912,2025-03-12,Senate,"Senate Third Reading",33,0,0,2,35
1992832,1529772,2025-03-27,House,"House Third Reading",69,0,0,1,70
1992884,1514910,2025-03-11,Senate,"Senate Third Reading",22,12,0,1,35
1992884,1525674,2025-03-24,House,"House Third Reading",44,23,0,3,70
1992939,1517761,2025-03-13,House,"House Third Reading",46,21,0,3,70
1992939,1527923,2025-03-26,Senate,"Senate Third Reading",26,8,0,1,35
1992939,1531436,2025-03-31,House,"House Third Reading",55,15,0,0,70
1993546,1514766,2025-03-11,House,"House Third Reading",47,22,0,1,70
1993546,1518632,2025-03-17,Senate,"Senate Third Reading",29,6,0,0,35
1993586,1516359,2025-03-12,House,"House Third Reading",66,0,0,4,70
1993586,1521717,2025-03-19,Senate,"Senate Third Reading",33,0,0,2,35
1993630,1517451,2025-03-13,House,"House Third Reading",47,22,0,1,70
1993717,1515426,2025-03-11,House,"House Third Reading",39,30,0,1,70
1993717,1518610,2025-03-17,Senate,"Senate Third Reading",23,12,0,0,35
1993757,1514279,2025-03-11,House,"House Third Reading",42,27,0,1,70
1993757,1518621,2025-03-17,Senate,"Senate Third Reading",26,9,0,0,35
1993812,1515385,2025-03-11,House,"House Third Reading",54,15,0,1,70
1993812,1518618,2025-03-17,Senate,"Senate Third Reading",28,7,0,0,35
1993858,1533076,2025-04-01,Senate,"Senate Third Reading",11,23,0,1,35
1994030,1517555,2025-03-13,House,"House Third Reading",56,10,0,4,70
1994767,1517486,2025-03-13,House,"House Third Reading",59,8,0,3,70
1994767,1526800,2025-03-25,Senate,"Senate Third Reading",30,5,0,0,35
1994867,1516563,2025-03-12,Senate,"Senate Third Reading",22,12,0,1,35
1994867,1523757,2025-03-20,House,"House Third Reading",20,50,0,0,70
1994937,1519187,2025-03-17,House,"House Third Reading",66,0,0,4,70
1994937,1526310,2025-03-25,Senate,"Senate Third Reading",35,0,0,0,35
1995075,1516350,2025-03-12,House,"House Third Reading",68,0,0,2,70
1995075,1521674,2025-03-19,Senate,"Senate Third Reading",33,0,0,2,35
1995108,1518930,2025-03-17,House,"House Third Reading",63,0,0,7,70
1995108,1525624,2025-03-24,Senate,"Senate Third Reading",30,5,0,0,35
1995210,1525566,2025-03-24,Senate,"Senate Third Reading",33,0,0,2,35
1995210,1530467,2025-03-28,House,"House Third Reading",63,0,0,7,70
1996627,1528039,2025-03-26,House,"House Third Reading",62,8,0,0,70
1996644,1521660,2025-03-19,Senate,"Senate Third Reading",34,0,0,1,35
1996644,1529696,2025-03-27,House,"House Third Reading",55,13,0,2,70
1996664,1522883,2025-03-20,House,"House Third Reading",35,33,0,2,70
1996664,1529366,2025-03-27,Senate,"Senate Third Reading",22,13,0,0,35
1996704,1525650,2025-03-24,House,"House Third Reading",43,27,0,0,70
1996704,1529357,2025-03-27,Senate,"Senate Third Reading",22,11,0,2,35
1996756,1521350,2025-03-19,House,"House Third Reading",63,6,0,1,70
1996756,1533288,2025-04-01,Senate,"Senate Third Reading",32,1,0,2,35
1999780,1520118,2025-03-18,House,"House Third Reading",62,6,0,2,70
1999780,1533328,2025-04-01,Senate,"Senate Third Reading",33,0,0,2,35
1999832,1517794,2025-03-13,House,"House Third Reading",51,15,0,4,70
1999884,1518560,2025-03-17,House,"House Third Reading",64,3,0,3,70
1999884,1532717,2025-04-01,Senate,"Senate Third Reading",32,1,0,2,35
1999989,1525975,2025-03-25,House,"House Third Reading",54,14,0,2,70
1999989,1536122,2025-04-02,Senate,"Senate Third Reading",27,8,0,0,35
2004603,1525249,2025-03-24,Senate,"Senate Third Reading",32,1,0,2,35
2004603,1534539,2025-04-02,House,"House Third Reading",64,3,0,3,70
2005169,1521687,2025-03-19,Senate,"Senate Third Reading",30,4,0,1,35
2005169,1529371,2025-03-27,House,"House Third Reading",61,8,0,1,70
2005464,1525302,2025-03-24,House,"House Third Reading",53,15,0,2,70
2006366,1522809,2025-03-20,House,"House Third Reading",49,21,0,0,70
2006591,1522866,2025-03-20,House,"House Third Reading",65,5,0,0,70
2006591,1532773,2025-04-01,Senate,"Senate Third Reading",33,0,0,2,35
2006943,1519190,2025-03-17,House,"House Third Reading",59,6,0,5,70
2007758,1521507,2025-03-19,Senate,"Senate Third Reading",27,7,0,1,35
2007758,1525667,2025-03-24,House,"House Third Reading",25,44,0,1,70
2007933,1522174,2025-03-19,Senate,"Senate Third Reading",28,6,0,1,35
2007933,1525656,2025-03-24,House,"House Third Reading",36,33,0,1,70
2008106,1521721,2025-03-19,Senate,"Senate Third Reading",33,1,0,1,35
2008106,1525661,2025-03-24,House,"House Third Reading",56,12,0,2,70
2008277,1523872,2025-03-20,House,"House Third Reading",52,18,0,0,70
2010107,1525611,2025-03-24,House,"House Third Reading",65,4,0,1,70
2010202,1523888,2025-03-20,Senate,"Senate Third Reading",23,12,0,0,35
2010202,1527167,2025-03-25,House,"House Third Reading",39,28,0,3,70
2010244,1523741,2025-03-20,Senate,"Senate Third Reading",18,15,0,2,35
2010244,1527163,2025-03-25,House,"House Third Reading",42,27,0,1,70
2010291,1526872,2025-03-25,House,"House Third Reading",46,23,0,1,70
2010331,1523885,2025-03-20,Senate,"Senate Third Reading",24,11,0,0,35
2010331,1527168,2025-03-25,House,"House Third Reading",42,26,0,2,70
2010902,1526592,2025-03-25,House,"House Third Reading",60,8,0,2,70
2010944,1525649,2025-03-24,House,"House Third Reading",69,1,0,0,70
2010944,1529363,2025-03-27,Senate,"Senate Third Reading",31,2,0,2,35
2010971,1524175,2025-03-21,House,"House Third Reading",52,17,0,1,70
2010993,1524506,2025-03-21,House,"House Third Reading",36,33,0,1,70
2010993,1529751,2025-03-27,Senate,"Senate Third Reading",27,7,0,1,35
2011041,1532635,2025-03-31,House,"House Third Reading",65,2,0,3,70
2011066,1525668,2025-03-24,House,"House Third Reading",39,31,0,0,70
2011066,1529361,2025-03-27,Senate,"Senate Third Reading",22,11,0,2,35
2011086,1524500,2025-03-21,House,"House Third Reading",50,20,0,0,70
2011086,1529346,2025-03-27,Senate,"Senate Third Reading",30,5,0,0,35
2011689,1529982,2025-03-28,Senate,"Senate Third Reading",31,3,0,1,35
2011729,1525663,2025-03-24,House,"House Third Reading",38,32,0,0,70
2011729,1530087,2025-03-28,Senate,"Senate Third Reading",23,12,0,0,35
2011766,1525659,2025-03-24,House,"House Third Reading",50,20,0,0,70
2011766,1529368,2025-03-27,Senate,"Senate Third Reading",25,10,0,0,35
2011806,1525200,2025-03-24,Senate,"Senate Third Reading",34,0,0,1,35
2011806,1536506,2025-04-03,House,"House Third Reading",65,2,0,3,70
2011884,1529328,2025-03-27,Senate,"Senate Third Reading",25,10,0,0,35
2011884,1536768,2025-04-03,House,"House Third Reading",45,24,0,1,70
2011920,1525625,2025-03-24,Senate,"Senate Third Reading",24,11,0,0,35
2011920,1529738,2025-03-27,House,"House Third Reading",46,23,0,1,70
2011958,1525676,2025-03-24,House,"House Third Reading",49,19,0,2,70
2011958,1532358,2025-03-31,Senate,"Senate Third Reading",25,10,0,0,35
2012604,1532260,2025-03-31,House,"House Third Reading",57,13,0,0,70
2012604,1537176,2025-04-03,Senate,"Senate Third Reading",28,7,0,0,35
2012618,1525376,2025-03-24,House,"House Third Reading",68,0,0,2,70
2013197,1528036,2025-03-26,House,"House Third Reading",61,9,0,0,70
2013197,1534923,2025-04-02,Senate,"Senate Third Reading",32,3,0,0,35
2013402,1529323,2025-03-27,Senate,"Senate Third Reading",29,6,0,0,35
2013402,1532734,2025-03-31,House,"House Third Reading",53,16,0,1,70
2013472,1530088,2025-03-28,Senate,"Senate Third Reading",34,0,0,1,35
2013472,1536243,2025-04-02,House,"House Third Reading",64,0,0,6,70
2014418,1528409,2025-03-26,House,"House Third Reading",55,13,0,2,70
2014418,1532615,2025-03-31,Senate,"Senate Third Reading",27,8,0,0,35
2014426,1528412,2025-03-26,House,"House Third Reading",47,22,0,1,70
2014426,1532679,2025-03-31,Senate,"Senate Third Reading",24,11,0,0,35
2014438,1528038,2025-03-26,House,"House Third Reading",39,26,0,5,70
2014438,1531362,2025-03-31,Senate,"Senate Third Reading",16,19,0,0,35
2014454,1528016,2025-03-26,House,"House Third Reading",51,15,0,4,70
2014454,1531338,2025-03-31,Senate,"Senate Third Reading",27,8,0,0,35
2014468,1528433,2025-03-26,House,"House Third Reading",66,0,0,4,70
2014468,1531322,2025-03-31,Senate,"Senate Third Reading",33,1,0,1,35
2014482,1528451,2025-03-26,House,"House Third Reading",33,37,0,0,70
2014510,1530100,2025-03-28,Senate,"Senate Third Reading",9,26,0,0,35
2014524,1530250,2025-03-28,Senate,"Senate Third Reading",21,13,0,1,35
2014524,1534318,2025-04-01,House,"House Third Reading",34,35,0,1,70
2014540,1528354,2025-03-26,House,"House Third Reading",43,26,0,1,70
2014540,1532663,2025-03-31,Senate,"Senate Third Reading",23,12,0,0,35
2014566,1528076,2025-03-26,House,"House Third Reading",66,0,0,4,70
2014566,1532727,2025-03-31,Senate,"Senate Third Reading",33,1,0,1,35
2014583,1529750,2025-03-27,House,"House Third Reading",56,13,0,1,70
2014583,1534001,2025-04-01,Senate,"Senate Third Reading",23,12,0,0,35
2014597,1530232,2025-03-28,Senate,"Senate Third Reading",21,14,0,0,35
2014597,1533195,2025-04-01,House,"House Third Reading",51,17,0,2,70
2014610,1528428,2025-03-26,House,"House Third Reading",32,33,0,5,70
2014624,1537309,2025-04-03,House,"House Third Reading",49,20,0,1,70
2014624,1537310,2025-04-03,Senate,"Senate Third Reading",25,10,0,0,35
2014637,1530056,2025-03-28,Senate,"Senate Third Reading",25,10,0,0,35
2014637,1532768,2025-04-01,House,"House Third Reading",27,43,0,0,70
2015012,1531010,2025-03-31,Senate,"Senate Third Reading",22,13,0,0,35
2015012,1536241,2025-04-02,House,"House Third Reading",44,24,0,2,70
2015057,1537356,2025-04-04,House,"House Third Reading",51,0,0,19,70
2015076,1532071,2025-03-31,Senate,"Senate Third Reading",26,9,0,0,35
2015128,1531385,2025-03-31,Senate,"Senate Third Reading",13,22,0,0,35
2015153,1533282,2025-03-31,Senate,"Senate Third Reading",27,8,0,0,35
2015153,1536661,2025-04-03,House,"House Third Reading",52,17,0,1,70
2015153,1537403,2025-04-04,Senate,"Senate Third Reading",23,12,0,0,35
2015173,1531416,2025-03-31,Senate,"Senate Third Reading",28,6,0,1,35
2015173,1533432,2025-04-01,House,"House Third Reading",55,15,0,0,70
2015199,1531357,2025-03-31,Senate,"Senate Third Reading",24,11,0,0,35
2015199,1533350,2025-04-01,House,"House Third Reading",48,21,0,1,70
2015219,1529353,2025-03-27,House,"House Third Reading",68,0,0,2,70
2015219,1534812,2025-04-02,Senate,"Senate Third Reading",35,0,0,0,35
2015287,1531281,2025-03-31,Senate,"Senate Third Reading",23,12,0,0,35
2015287,1533240,2025-04-01,House,"House Third Reading",51,19,0,0,70
2015327,1530459,2025-03-28,House,"House Third Reading",68,0,0,2,70
2015327,1533341,2025-04-01,Senate,"Senate Third Reading",34,0,0,1,35
2015413,1532764,2025-03-31,Senate,"Senate Third Reading",22,13,0,0,35
2015413,1536223,2025-04-02,House,"House Third Reading",40,30,0,0,70
2015453,1530092,2025-03-28,House,"House Third Reading",49,20,0,1,70
2015453,1534308,2025-04-01,Senate,"Senate Third Reading",25,9,0,1,35
2015492,1532715,2025-03-31,Senate,"Senate Third Reading",20,13,0,2,35
2015492,1532716,2025-04-01,House,"House Third Reading",38,31,0,1,70
2015792,1530428,2025-03-28,House,"House Third Reading",51,16,0,3,70
2015858,1532594,2025-03-31,House,"House Third Reading",66,1,0,3,70
2015922,1534363,2025-04-01,House,"House Third Reading",69,0,0,1,70
2016015,1532684,2025-03-31,House,"House Third Reading",65,5,0,0,70
2016015,1532685,2025-04-01,Senate,"Senate Third Reading",29,4,0,2,35
2016040,1532690,2025-03-31,House,"House Third Reading",50,20,0,0,70
2016040,1532691,2025-04-01,Senate,"Senate Third Reading",27,6,0,2,35
2016066,1531033,2025-03-31,House,"House Third Reading",46,24,0,0,70
2016066,1532854,2025-04-01,Senate,"Senate Third Reading",24,9,0,2,35
2016358,1533006,2025-04-01,House,"House Third Reading",69,0,0,1,70
2016358,1534600,2025-04-02,Senate,"Senate Third Reading",35,0,0,0,35
2016447,1534916,2025-04-01,Senate,"Senate Third Reading",3,31,0,1,35
2016490,1532759,2025-03-31,Senate,"Senate Third Reading",27,8,0,0,35
2016490,1536248,2025-04-02,House,"House Third Reading",56,11,0,3,70
2016534,1533093,2025-04-01,House,"House Third Reading",41,28,0,1,70
2016534,1534636,2025-04-02,Senate,"Senate Third Reading",24,11,0,0,35
2016572,1532732,2025-03-31,Senate,"Senate Third Reading",25,10,0,0,35
2016572,1536207,2025-04-02,House,"House Third Reading",55,11,0,4,70
2017512,1537325,2025-04-03,Senate,"Senate Third Reading",22,13,0,0,35
2017512,1537326,2025-04-04,House,"House Third Reading",44,23,0,3,70
2017512,1537327,2025-04-04,Senate,"Senate Third Reading",27,6,0,2,35
2017520,1534579,2025-04-01,Senate,"Senate Third Reading",30,3,0,2,35
2017520,1534580,2025-04-02,House,"House Third Reading",60,8,0,2,70
2017529,1532957,2025-04-01,Senate,"Senate Third Reading",27,7,0,1,35
2017529,1534565,2025-04-02,House,"House Third Reading",53,16,0,1,70
2017539,1534583,2025-04-01,Senate,"Senate Third Reading",32,2,0,1,35
2017539,1536344,2025-04-02,House,"House Third Reading",64,2,0,4,70
2017547,1537329,2025-04-03,Senate,"Senate Third Reading",25,9,0,1,35
2017547,1537330,2025-04-03,House,"House Third Reading",66,1,0,3,70
2017568,1534597,2025-04-01,Senate,"Senate Third Reading",28,7,0,0,35
2017568,1536346,2025-04-02,House,"House Third Reading",55,12,0,3,70
2017958,1535860,2025-04-02,House,"House Third Reading",65,0,0,5,70
2018097,1535900,2025-04-02,House,"House Third Reading",58,10,0,2,70
2018242,1535885,2025-04-02,House,"House Third Reading",46,21,0,3,70
2018478,1534561,2025-04-02,House,"House Third Reading",40,27,0,3,70
2018478,1537317,2025-04-03,Senate,"Senate Third Reading",22,13,0,0,35
2018511,1534556,2025-04-02,House,"House Third Reading",66,0,0,4,70
2018511,1537320,2025-04-03,Senate,"Senate Third Reading",34,0,0,1,35
2018540,1534568,2025-04-02,House,"House Third Reading",50,17,0,3,70
2018540,1537322,2025-04-03,Senate,"Senate Third Reading",30,5,0,0,35
2018574,1534558,2025-04-02,House,"House Third Reading",31,35,0,4,70
2018607,1535084,2025-04-02,Senate,"Senate Third Reading",22,11,0,2,35
2018607,1536889,2025-04-03,House,"House Third Reading",42,27,0,1,70
2018608,1535036,2025-04-02,Senate,"Senate Third Reading",28,7,0,0,35
2018608,1536865,2025-04-03,House,"House Third Reading",49,19,0,2,70
2018609,1536843,2025-04-03,Senate,"Senate Third Reading",33,0,0,2,35
2018609,1536844,2025-04-03,House,"House Third Reading",62,2,0,6,70
2018614,1535144,2025-04-02,Senate,"Senate Third Reading",26,9,0,0,35
2018614,1536902,2025-04-03,House,"House Third Reading",59,9,0,2,70
2018881,1535872,2025-04-02,House,"House Third Reading",53,14,0,3,70
2018881,1537135,2025-04-03,Senate,"Senate Third Reading",25,10,0,0,35
2019055,1535876,2025-04-02,House,"House Third Reading",65,0,0,5,70
2019055,1537124,2025-04-03,Senate,"Senate Third Reading",33,0,0,2,35
2019504,1537045,2025-04-03,Senate,"Senate Third Reading",21,13,0,1,35
2019504,1537046,2025-04-03,House,"House Third Reading",37,29,0,4,70
2019542,1537038,2025-04-03,Senate,"Senate Third Reading",24,10,0,1,35
2019542,1537039,2025-04-03,House,"House Third Reading",52,15,0,3,70
2019573,1537043,2025-04-03,Senate,"Senate Third Reading",25,8,0,2,35
2019573,1537044,2025-04-03,House,"House Third Reading",46,21,0,3,70
2019612,1537040,2025-04-03,Senate,"Senate Third Reading",25,9,0,1,35
2019612,1537041,2025-04-03,House,"House Third Reading",40,26,0,4,70
2019739,1537112,2025-04-03,House,"House Third Reading",41,27,0,2,70
2019739,1537113,2025-04-03,Senate,"Senate Third Reading",24,11,0,0,35
2019836,1537121,2025-04-03,House,"House Third Reading",40,28,0,2,70
2019836,1537122,2025-04-03,Senate,"Senate Third Reading",21,14,0,0,35
2019928,1537130,2025-04-03,House,"House Third Reading",68,0,0,2,70
2019928,1537131,2025-04-03,Senate,"Senate Third Reading",33,1,0,1,35
