people_id,name,first_name,middle_name,last_name,suffix,nickname,party_id,party,role_id,role,district,followthemoney_eid,votesmart_id,opensecrets_id,ballotpedia,knowwho_pid,committee_id
1507,"Anna Caballero",Anna,M.,Caballero,,,1,D,2,Sen,SD-014,775712,58583,,Anna_Caballero,248446,0
1551,"Roger Niello",Roger,,Niello,,,2,R,2,Sen,SD-006,649830,28727,,Roger_Niello,226451,0
1603,"Tony Strickland",Tony,,Strickland,,,2,R,2,Sen,SD-036,6601271,16765,,Tony_Strickland,193066,0
11611,"Shannon Grove",Shannon,L.,Grove,,,2,R,2,Sen,SD-012,13008592,120204,,Shannon_Grove,290948,0
14116,"Al Muratsuchi",Al,,Muratsuchi,,,1,D,1,Rep,HD-066,11022814,138450,,Al_Muratsuchi,390306,0
14118,"Sharon Quirk-Silva",Sharon,,Quirk-Silva,,,1,D,1,Rep,HD-067,11022813,71051,,Sharon_Quirk-Silva,408041,0
16221,"Brian Jones",Brian,W.,Jones,,,2,R,2,Sen,SD-040,13008835,70781,,Brian_Jones_(California),247950,0
16287,"James Gallagher",James,,Gallagher,,,2,R,1,Rep,HD-003,23421142,114778,,James_Gallagher_(California),494004,0
16288,"Mike Gipson",Mike,,Gipson,,,1,D,1,Rep,HD-065,775723,70443,,Mike_Gipson,390069,0
16291,"Jacqui Irwin",Jacqui,,Irwin,,,1,D,1,Rep,HD-042,667092,70919,,Jacqui_Irwin,494153,0
16293,"Tom Lackey",Tom,,Lackey,,,2,R,1,Rep,HD-034,11023291,71099,,Tom_Lackey,407978,0
16304,"Benjamin Allen",Benjamin,,Allen,,Ben,1,D,2,Sen,SD-024,23421111,151677,,Ben_Allen,493951,0
16308,"Mike McGuire",Mike,,McGuire,,,1,D,2,Sen,SD-002,23421088,129749,,Mike_McGuire,493936,0
18063,"Steven Choi",Steven,S.,Choi,,,2,R,2,Sen,SD-037,379694,70192,,Steven_S._Choi,291005,0
18064,"Eloise Reyes",Eloise,,Reyes,,,1,D,2,Sen,SD-029,2536758,169395,,Eloise_Gomez_Reyes,474456,0
18065,"Ash Kalra",Ash,,Kalra,,,1,D,1,Rep,HD-025,161609,112088,,Ash_Kalra,577820,0
18066,"Phillip Chen",Phillip,,Chen,,,2,R,1,Rep,HD-059,23421283,151715,,Phillip_Chen,494187,0
18067,"Cecilia Aguiar-Curry",Cecilia,,Aguiar-Curry,,,1,D,1,Rep,HD-004,292811,169297,,Cecilia_Aguiar-Curry,577746,0
18068,"Scott Wiener",Scott,,Wiener,,,1,D,2,Sen,SD-011,32203683,129655,,Scott_Wiener,577701,0
18069,"Heath Flora",Heath,,Flora,,,2,R,1,Rep,HD-009,38586307,169309,,Heath_Flora,577761,0
18070,"Henry Stern",Henry,,Stern,,,1,D,2,Sen,SD-027,39707348,169182,,Henry_Stern,392392,0
18072,"Tim Grayson",Tim,,Grayson,,,1,D,2,Sen,SD-009,38562212,129519,,Tim_Grayson,577768,0
18073,"Marc Berman",Marc,,Berman,,,1,D,1,Rep,HD-023,147046,146412,,Marc_Berman,577793,0
18075,"Monique Limon",Monique,,Limon,,,1,D,2,Sen,SD-019,15733884,169364,,S._Monique_Lim%C3%B3n,577850,0
18078,"Blanca Rubio",Blanca,E.,Rubio,,,1,D,1,Rep,HD-048,377819,169399,,Blanca_Rubio,577902,0
18079,"Sabrina Cervantes",Sabrina,,Cervantes,,,1,D,2,Sen,SD-031,38566119,169409,,Sabrina_Cervantes,455235,0
18877,"Budget and Fiscal Review",,,,,,0,,2,Sen,,0,0,,,0,476
19298,Agriculture,,,,,,0,,1,Rep,,0,0,,,0,448
19301,"Environmental Safety and Toxic Materials",,,,,,0,,1,Rep,,0,0,,,0,454
19327,"Labor and Employment",,,,,,0,,1,Rep,,0,0,,,0,464
19328,Insurance,,,,,,0,,1,Rep,,0,0,,,0,461
19329,Judiciary,,,,,,0,,1,Rep,,0,0,,,0,463
19339,"Natural Resources and Water",,,,,,0,,2,Sen,,0,0,,,0,485
19343,"Housing and Community Development",,,,,,0,,1,Rep,,0,0,,,0,459
19347,"Public Safety",,,,,,0,,2,Sen,,0,0,,,0,487
19349,"Revenue and Taxation",,,,,,0,,1,Rep,,0,0,,,0,469
19350,"Governmental Organization",,,,,,0,,1,Rep,,0,0,,,0,456
19357,"Governmental Organization",,,,,,0,,2,Sen,,0,0,,,0,479
19361,"Business, Professions and Economic Development",,,,,,0,,2,Sen,,0,0,,,0,493
19386,Education,,,,,,0,,2,Sen,,0,0,,,0,477
19396,Budget,,,,,,0,,1,Rep,,0,0,,,0,452
19459,"Joaquin Arambula",Joaquin,,Arambula,,,1,D,1,Rep,HD-031,38179528,169272,,Joaquin_Arambula,577832,0
19595,Health,,,,,,0,,2,Sen,,0,0,,,0,480
19607,"Banking and Finance",,,,,,0,,1,Rep,,0,0,,,0,450
19658,"Jesse Gabriel",Jesse,,Gabriel,,,1,D,1,Rep,HD-046,7025840,178075,,Jesse_Gabriel,660476,0
19716,"Rebecca Bauer-Kahan",Rebecca,,Bauer-Kahan,,,1,D,1,Rep,HD-016,44493620,180050,,Rebecca_Bauer-Kahan,660427,0
19717,"Tasha Boerner Horvath",Tasha,,"Boerner Horvath",,,1,D,1,Rep,HD-077,42673378,180144,,Tasha_Boerner_Horvath,660541,0
19719,"Cottie Petrie-Norris",Cottie,,Petrie-Norris,,,1,D,1,Rep,HD-073,44157744,180141,,Cottie_Petrie-Norris,660538,0
19720,"James Ramos",James,C.,Ramos,,,1,D,1,Rep,HD-045,14164505,144120,,James_Ramos,285901,0
19721,"Robert Rivas",Robert,,Rivas,,,1,D,1,Rep,HD-029,44493661,129744,,Robert_Rivas,235930,0
19723,"Buffy Wicks",Buffy,,Wicks,,,1,D,1,Rep,HD-014,44493619,180048,,Buffy_Wicks,278108,0
19725,"Bob Archuleta",Bob,J.,Archuleta,,,1,D,2,Sen,SD-030,146917,71279,,Bob_Archuleta,445332,0
19726,"Maria Durazo",Maria,Elena,Durazo,,,1,D,2,Sen,SD-026,2018933,179971,,Maria_Elena_Durazo,660378,0
19727,"Melissa Hurtado",Melissa,,Hurtado,,,1,D,2,Sen,SD-016,44493605,179956,,Melissa_Hurtado,660326,0
19728,"Tom Umberg",Thomas,,Umberg,,Tom,1,D,2,Sen,SD-034,6398641,29299,,Tom_Umberg,226490,0
19733,"Susan Rubio",Susan,,Rubio,,,1,D,2,Sen,SD-022,44493639,129493,,Susan_Rubio,660377,0
21253,"Public Employment and Retirement",,,,,,0,,1,Rep,,0,0,,,0,3914
21275,Education,,,,,,0,,1,Rep,,0,0,,,0,455
21276,Transportation,,,,,,0,,2,Sen,,0,0,,,0,3948
21282,"Labor, Public Employment and Retirement",,,,,,0,,2,Sen,,0,0,,,0,3973
21292,"Communications and Conveyance",,,,,,0,,1,Rep,,0,0,,,0,3669
21374,"Lena Gonzalez",Lena,,Gonzalez,,,1,D,2,Sen,SD-033,29336335,157372,,Lena_Gonzalez,709291,0
21440,"Megan Dahle",Megan,,Dahle,,,2,R,2,Sen,SD-001,13477063,186798,,Megan_Dahle,722712,0
21641,"Elections and Constitutional Amendments",,,,,,0,,2,Sen,,0,0,,,0,1796
21717,"Steve Bennett",Steve,,Bennett,,,1,D,1,Rep,HD-038,48644341,81822,,Steve_Bennett,390609,0
21718,"Laurie Davies",Laurie,,Davies,,,2,R,1,Rep,HD-074,26406472,146356,,Laurie_Davies,727357,0
21719,"Alex Lee",Alex,,Lee,,,1,D,1,Rep,HD-024,48644320,188786,,Alex_Lee,529817,0
21720,"Kelly Seyarto",Kelly,,Seyarto,,,2,R,2,Sen,SD-032,48644525,188881,,Kelly_Seyarto,727410,0
21723,"Chris Ward",Chris,,Ward,,,1,D,1,Rep,HD-078,40697966,176914,,Christopher_Ward_(California),727294,0
21724,"Josh Becker",Josh,,Becker,,,1,D,2,Sen,SD-013,6503297,120184,,Josh_Becker,290928,0
21725,"Dave Cortese",Dave,,Cortese,,,1,D,2,Sen,SD-015,44050174,114701,,Dave_Cortese_(California),510772,0
21726,"John Laird",John,,Laird,,,1,D,2,Sen,SD-017,2576990,29614,,John_Laird,211749,0
21728,"Rosilicie Ochoa Bogh",Rosilicie,,"Ochoa Bogh",,,2,R,2,Sen,SD-023,48644476,188758,,Rosilicie_Ochoa_Bogh,539403,0
22654,"Lisa Calderon",Lisa,,Calderon,,,1,D,1,Rep,HD-056,48644371,188854,,Lisa_Calderon_(California),727473,0
22882,"Military and Veterans Affairs",,,,,,0,,1,Rep,,0,0,,,0,4469
22889,"Emergency Management",,,,,,0,,1,Rep,,0,0,,,0,4330
22904,Elections,,,,,,0,,1,Rep,,0,0,,,0,4331
22918,"Akilah Weber Pierson",Akilah,,"Weber Pierson",,,1,D,2,Sen,SD-039,52996838,195832,,Akilah_Weber,773952,0
22932,"Isaac Bryan",Isaac,,Bryan,,,1,D,1,Rep,HD-055,53405857,195907,,Isaac_Bryan,722792,0
22948,"Mia Bonta",Mia,,Bonta,,,1,D,1,Rep,HD-018,53819060,196283,,Mia_Bonta,786168,0
23099,"Mike Fong",Mike,,Fong,,,1,D,1,Rep,HD-049,54481568,176686,,Mike_Fong,799694,0
23100,"Military and Veterans Affairs",,,,,,0,,2,Sen,,0,0,,,0,4480
23119,"Water, Parks, and Wildlife",,,,,,0,,1,Rep,,0,0,,,0,474
23128,"Lori Wilson",Lori,D.,Wilson,,,1,D,1,Rep,HD-011,54921399,202065,,Lori_Wilson,804412,0
23137,"Matt Haney",Matt,,Haney,,,1,D,1,Rep,HD-017,32894541,187414,,Matt_Haney,805247,0
23152,"David Alvarez",David,,Alvarez,,,1,D,1,Rep,HD-080,15734436,129652,,David_Alvarez_(California),244909,0
23155,"Tina McKinnor",Tina,Simone,McKinnor,,,1,D,1,Rep,HD-061,54921400,205324,,Tina_McKinnor,333099,0
23202,"Dawn Addis",Dawn,,Addis,,,1,D,1,Rep,HD-030,48644333,188800,,Dawn_Addis,0,0
23203,"Juan Alanis",Juan,,Alanis,,,2,R,1,Rep,HD-022,47419444,205277,,Juan_Alanis_(California),0,0
23204,"Jasmeet Bains",Jasmeet,,Bains,,,1,D,1,Rep,HD-035,55433670,205296,,Jasmeet_Bains,0,0
23205,"Damon Connolly",Damon,,Connolly,,,1,D,1,Rep,HD-012,341185,59851,,Damon_Connolly,0,0
23206,"Diane Dixon",Diane,,Dixon,,,2,R,1,Rep,HD-072,25153805,157487,,Diane_Dixon,0,0
23207,"Bill Essayli",Bill,,Essayli,,,2,R,1,Rep,HD-063,785114,180128,,Bill_Essayli,0,0
23208,"Gregg Hart",Gregg,,Hart,,,1,D,1,Rep,HD-037,55433675,157754,,Gregg_Hart,0,0
23209,"Josh Hoover",Josh,,Hoover,,,2,R,1,Rep,HD-007,55433602,205249,,Josh_Hoover,0,0
23210,"Corey Jackson",Corey,A.,Jackson,,,1,D,1,Rep,HD-060,55433719,205321,,Corey_Jackson,0,0
23211,"Joe Patterson",Joe,,Patterson,,,2,R,1,Rep,HD-005,55433598,198005,,Joe_Patterson_(California),0,0
23212,"Juan Carrillo",Juan,,Carrillo,,,1,D,1,Rep,HD-039,55433680,198100,,Juan_Carrillo,0,0
23213,"Josh Lowenthal",Josh,,Lowenthal,,,1,D,1,Rep,HD-069,44493776,180137,,Josh_Lowenthal,0,0
23214,"Liz Ortega",Liz,,Ortega,,,1,D,1,Rep,HD-020,55433627,205270,,Liz_Ortega,0,0
23215,"Blanca Pacheco",Blanca,,Pacheco,,,1,D,1,Rep,HD-064,55433733,198033,,Blanca_Pacheco,0,0
23216,"Diane Papan",Diane,,Papan,,,1,D,1,Rep,HD-021,28613063,172943,,Diane_Papan,0,0
23217,"Gail Pellerin",Gail,,Pellerin,,,1,D,1,Rep,HD-028,55433649,205284,,Gail_Pellerin,0,0
23218,"Kate Sanchez",Kate,A.,Sanchez,,,2,R,1,Rep,HD-071,55433753,205341,,Kate_Sanchez,0,0
23219,"Pilar Schiavo",Pilar,,Schiavo,,,1,D,1,Rep,HD-040,55433685,205304,,Pilar_Schiavo,0,0
23220,"Esmeralda Soria",Esmeralda,,Soria,,,1,D,1,Rep,HD-027,55433646,157244,,Esmeralda_Soria,0,0
23221,"Stephanie Nguyen",Stephanie,,Nguyen,,,1,D,1,Rep,HD-010,55433606,198128,,Stephanie_Nguyen,0,0
23222,"Tri Ta",Tri,,Ta,,,2,R,1,Rep,HD-070,55433752,71173,,Tri_Ta,0,0
23223,"Avelino Valencia",Avelino,,Valencia,,,1,D,1,Rep,HD-068,55433740,196582,,Avelino_Valencia,0,0
23224,"Rick Zbur",Rick,Chavez,Zbur,,,1,D,1,Rep,HD-051,55433703,185,,Avelino_Valencia,0,0
23225,"Marie Alvarado-Gil",Marie,,Alvarado-Gil,,,2,R,2,Sen,SD-004,55433537,205209,,Marie_Alvarado-Gil,0,0
23226,"Angelique Ashby",Angelique,,Ashby,,,1,D,2,Sen,SD-008,55433546,129642,,Angelique_Ashby,0,0
23227,"Catherine Blakespear",Catherine,,Blakespear,,,1,D,2,Sen,SD-038,55433586,129642,,Catherine_Blakespear,0,0
23228,"Caroline Menjivar",Caroline,,Menjivar,,,1,D,2,Sen,SD-020,55433566,205226,,Caroline_Menjivar,0,0
23229,"Steve Padilla",Steve,,Padilla,,,1,D,2,Sen,SD-018,55433563,176708,,Steve_Padilla,0,0
23230,"Lola Smallwood-Cuevas",Lola,,Smallwood-Cuevas,,,1,D,2,Sen,SD-028,55433576,205233,,Lola_Smallwood-Cuevas,0,0
23231,"Aisha Wahab",Aisha,,Wahab,,,1,D,2,Sen,SD-010,55433553,198411,,Aisha_Wahab,0,0
23906,"Greg Wallis",Greg,,Wallis,,,2,R,1,Rep,HD-047,55433697,205311,,Greg_Wallis,0,0
25171,"Local Government",,,,,,0,,2,Sen,,0,0,,,0,484
25178,"Revenue and Taxation",,,,,,0,,2,Sen,,0,0,,,0,488
25183,"Human Services",,,,,,0,,1,Rep,,0,0,,,0,460
25331,"Patrick Ahrens",Patrick,,Ahrens,,,1,D,1,Rep,HD-026,59506092,213220,,Patrick_Ahrens,0,0
25332,"Jessica Caloza",Jessica,,Caloza,,,1,D,1,Rep,HD-052,59507111,213372,,Jessica_Caloza,0,0
25333,"Leticia Castillo",Leticia,,Castillo,,,2,R,1,Rep,HD-058,59506635,205319,,Leticia_Castillo,0,0
25334,"Carl DeMaio",Carl,,DeMaio,,,2,R,1,Rep,HD-075,784754,112062,,Carl_DeMaio,0,0
25335,"Anamarie Farias",Anamarie,,"Avila Farias",,,1,D,1,Rep,HD-015,59506182,213209,,Anamarie_Avila_Farias,0,0
25336,"Robert Garcia",Robert,,Garcia,,,1,D,1,Rep,HD-050,29336451,213364,,Robert_Garcia_(California_state_representative),0,0
25337,"Jeff Gonzalez",Jeff,,Gonzalez,,,2,R,1,Rep,HD-036,59507402,180114,,Jeff_Gonzalez,0,0
25338,"Mark Gonzalez",Mark,,Gonzalez,,,1,D,1,Rep,HD-054,59506947,213399,,Mark_Gonzalez_(California),0,0
25339,"Heather Hadwick",Heather,,Hadwick,,,2,R,1,Rep,HD-001,59507413,213143,,Heather_Hadwick,0,0
25340,"John Harabedian",John,,Harabedian,,,1,D,1,Rep,HD-041,59506447,213339,,John_Harabedian,0,0
25341,"Maggy Krell",Maggy,,Krell,,,1,D,1,Rep,HD-006,59507303,213154,,Maggy_Krell,0,0
25342,"Alexandra Macedo",Alexandra,,Macedo,,,2,R,1,Rep,HD-033,59506596,213228,,Alexandra_Macedo,0,0
25343,"Darshana Patel",Darshana,,Patel,,,1,D,1,Rep,HD-076,59507013,213425,,Darshana_Patel,0,0
25344,"Rhodesia Ransom",Rhodesia,,Ransom,,,1,D,1,Rep,HD-013,59507014,214090,,Rhodesia_Ransom,0,0
25345,"Celeste Rodriguez",Celeste,,Rodriguez,,,1,D,1,Rep,HD-043,59507103,213346,,Celeste_Rodriguez,0,0
25346,"Michelle Rodriguez",Michelle,,Rodriguez,,,1,D,1,Rep,HD-053,59506481,213398,,Michelle_Rodriguez_(California),853074,0
25347,"Chris Rogers",Chris,,Rogers,,,1,D,1,Rep,HD-002,59507556,197818,,Chris_Rogers_(California),0,0
25348,"Nick Schultz",Nick,,Schultz,,,1,D,1,Rep,HD-044,59507468,213350,,Nick_Schultz,0,0
25349,"LaShae Sharp-Collins",LaShae,,Sharp-Collins,,,1,D,1,Rep,HD-079,59507590,213430,,LaShae_Sharp-Collins,0,0
25350,"Jose Solache",Jose,,Solache,,,1,D,1,Rep,HD-062,29442859,146371,,Jose_Solache,0,0
25351,"Catherine Stefani",Catherine,,Stefani,,,1,D,1,Rep,HD-019,59506478,187411,,Catherine_Stefani,0,0
25352,"David Tangipa",David,,Tangipa,,,2,R,1,Rep,HD-008,59507240,213160,,David_Tangipa,0,0
25353,"Jesse Arreguin",Jesse,,Arreguin,,,1,D,2,Sen,SD-007,59507347,111582,,Jesse_Arreguín,0,0
25354,"Christopher Cabaldon",Christopher,,Cabaldon,,,1,D,2,Sen,SD-003,59507347,71164,,Christopher_Cabaldon,0,0
25355,"Jerry McNerney",Jerry,,McNerney,,,1,D,2,Sen,SD-005,59506633,29474,,Jerry_McNerney,0,0
25356,"Sasha Renee Perez",Sasha,Renee,Perez,,,1,D,2,Sen,SD-025,53862773,197352,,Sasha_Renée_Pérez,0,0
25357,"Laura Richardson",Laura,,Richardson,,,1,D,2,Sen,SD-035,59506219,69508,,Laura_Richardson,0,0
25358,"Suzette Valladares",Suzette,,"Martinez Valladares",,,2,R,2,Sen,SD-023,48160752,188814,,Suzette_Martinez_Valladares,0,0
25359,"Sade Elhawary",Sade,,Elhawary,,,1,D,1,Rep,HD-057,59506572,213401,,Sade_Elhawary,0,0
26421,"Stan Ellis",Stan,,Ellis,,,2,R,1,Rep,HD-032,0,57658,,Stan_Ellis,0,0
26495,"Natasha Johnson",Natasha,,Johnson,,,2,R,1,Rep,HD-063,0,146358,,Natasha_Johnson,0,0
